/*
 Navicat Premium Data Transfer

 Source Server         : ymdb-plus
 Source Server Type    : MySQL
 Source Server Version : 80024
 Source Host           : 43.142.255.148:3306
 Source Schema         : ymdb

 Target Server Type    : MySQL
 Target Server Version : 80024
 File Encoding         : 65001

 Date: 21/02/2024 15:59:54
*/

SET NAMES utf8mb4;
SET FOREIGN_KEY_CHECKS = 0;

-- ----------------------------
-- Table structure for gen_table
-- ----------------------------
DROP TABLE IF EXISTS `gen_table`;
CREATE TABLE `gen_table` (
  `table_id` bigint NOT NULL COMMENT '编号',
  `table_name` varchar(200) COLLATE utf8mb4_general_ci DEFAULT '' COMMENT '表名称',
  `table_comment` varchar(500) COLLATE utf8mb4_general_ci DEFAULT '' COMMENT '表描述',
  `sub_table_name` varchar(64) COLLATE utf8mb4_general_ci DEFAULT NULL COMMENT '关联子表的表名',
  `sub_table_fk_name` varchar(64) COLLATE utf8mb4_general_ci DEFAULT NULL COMMENT '子表关联的外键名',
  `class_name` varchar(100) COLLATE utf8mb4_general_ci DEFAULT '' COMMENT '实体类名称',
  `tpl_category` varchar(200) COLLATE utf8mb4_general_ci DEFAULT 'crud' COMMENT '使用的模板（crud单表操作 tree树表操作）',
  `package_name` varchar(100) COLLATE utf8mb4_general_ci DEFAULT NULL COMMENT '生成包路径',
  `module_name` varchar(30) COLLATE utf8mb4_general_ci DEFAULT NULL COMMENT '生成模块名',
  `business_name` varchar(30) COLLATE utf8mb4_general_ci DEFAULT NULL COMMENT '生成业务名',
  `function_name` varchar(50) COLLATE utf8mb4_general_ci DEFAULT NULL COMMENT '生成功能名',
  `function_author` varchar(50) COLLATE utf8mb4_general_ci DEFAULT NULL COMMENT '生成功能作者',
  `gen_type` char(1) COLLATE utf8mb4_general_ci DEFAULT '0' COMMENT '生成代码方式（0zip压缩包 1自定义路径）',
  `gen_path` varchar(200) COLLATE utf8mb4_general_ci DEFAULT '/' COMMENT '生成路径（不填默认项目路径）',
  `options` varchar(1000) COLLATE utf8mb4_general_ci DEFAULT NULL COMMENT '其它生成选项',
  `create_by` varchar(64) COLLATE utf8mb4_general_ci DEFAULT '' COMMENT '创建者',
  `create_time` datetime DEFAULT NULL COMMENT '创建时间',
  `update_by` varchar(64) COLLATE utf8mb4_general_ci DEFAULT '' COMMENT '更新者',
  `update_time` datetime DEFAULT NULL COMMENT '更新时间',
  `remark` varchar(500) COLLATE utf8mb4_general_ci DEFAULT NULL COMMENT '备注',
  PRIMARY KEY (`table_id`)
) ENGINE=InnoDB DEFAULT CHARSET=utf8mb4 COLLATE=utf8mb4_general_ci COMMENT='代码生成业务表';

-- ----------------------------
-- Records of gen_table
-- ----------------------------
BEGIN;
INSERT INTO `gen_table` (`table_id`, `table_name`, `table_comment`, `sub_table_name`, `sub_table_fk_name`, `class_name`, `tpl_category`, `package_name`, `module_name`, `business_name`, `function_name`, `function_author`, `gen_type`, `gen_path`, `options`, `create_by`, `create_time`, `update_by`, `update_time`, `remark`) VALUES (1759462338100240386, 'ym_appoint', '疫苗预约', NULL, NULL, 'YmAppoint', 'crud', 'com.ym.vaccine', 'vaccine', 'appoint', '疫苗预约', 'ym', '0', '/', '{\"treeCode\":null,\"treeName\":null,\"treeParentCode\":null,\"parentMenuId\":\"6\"}', 'admin', '2024-02-19 13:17:14', 'admin', '2024-02-19 14:25:21', NULL);
INSERT INTO `gen_table` (`table_id`, `table_name`, `table_comment`, `sub_table_name`, `sub_table_fk_name`, `class_name`, `tpl_category`, `package_name`, `module_name`, `business_name`, `function_name`, `function_author`, `gen_type`, `gen_path`, `options`, `create_by`, `create_time`, `update_by`, `update_time`, `remark`) VALUES (1759462339362725890, 'ym_inoculate', '疫苗接种记录', NULL, NULL, 'YmInoculate', 'crud', 'com.ym.vaccine', 'vaccine', 'inoculate', '疫苗接种记录', 'ym', '0', '/', '{\"treeCode\":null,\"treeName\":null,\"treeParentCode\":null,\"parentMenuId\":\"128\"}', 'admin', '2024-02-19 12:34:53', 'admin', '2024-02-19 14:25:03', NULL);
INSERT INTO `gen_table` (`table_id`, `table_name`, `table_comment`, `sub_table_name`, `sub_table_fk_name`, `class_name`, `tpl_category`, `package_name`, `module_name`, `business_name`, `function_name`, `function_author`, `gen_type`, `gen_path`, `options`, `create_by`, `create_time`, `update_by`, `update_time`, `remark`) VALUES (1759462340868481026, 'ym_inoculate_site', '疫苗接种站点', NULL, NULL, 'YmInoculateSite', 'crud', 'com.ym.vaccine', 'vaccine', 'inoculateSite', '疫苗接种站点管理', 'ym', '0', '/', '{\"treeCode\":null,\"treeName\":null,\"treeParentCode\":null,\"parentMenuId\":\"7\"}', 'admin', '2024-02-19 12:36:13', 'admin', '2024-02-19 14:25:29', NULL);
INSERT INTO `gen_table` (`table_id`, `table_name`, `table_comment`, `sub_table_name`, `sub_table_fk_name`, `class_name`, `tpl_category`, `package_name`, `module_name`, `business_name`, `function_name`, `function_author`, `gen_type`, `gen_path`, `options`, `create_by`, `create_time`, `update_by`, `update_time`, `remark`) VALUES (1759462341577318402, 'ym_orders', '订单表', NULL, NULL, 'YmOrders', 'crud', 'com.ym.vaccine', 'vaccine', 'orders', '订单管理', 'ym', '0', '/', '{\"treeCode\":null,\"treeName\":null,\"treeParentCode\":null,\"parentMenuId\":8}', 'admin', '2024-02-19 13:39:11', 'admin', '2024-02-19 14:24:51', NULL);
INSERT INTO `gen_table` (`table_id`, `table_name`, `table_comment`, `sub_table_name`, `sub_table_fk_name`, `class_name`, `tpl_category`, `package_name`, `module_name`, `business_name`, `function_name`, `function_author`, `gen_type`, `gen_path`, `options`, `create_by`, `create_time`, `update_by`, `update_time`, `remark`) VALUES (1759462342651060225, 'ym_vaccine', '疫苗信息表', NULL, NULL, 'YmVaccine', 'crud', 'com.ym.vaccine', 'vaccine', 'vaccine', '疫苗信息管理', 'ym', '0', '/', '{\"treeCode\":null,\"treeName\":null,\"treeParentCode\":null,\"parentMenuId\":5}', 'admin', '2024-02-19 11:00:54', 'admin', '2024-02-19 14:26:18', NULL);
COMMIT;

-- ----------------------------
-- Table structure for gen_table_column
-- ----------------------------
DROP TABLE IF EXISTS `gen_table_column`;
CREATE TABLE `gen_table_column` (
  `column_id` bigint NOT NULL COMMENT '编号',
  `table_id` bigint DEFAULT NULL COMMENT '归属表编号',
  `column_name` varchar(200) COLLATE utf8mb4_general_ci DEFAULT NULL COMMENT '列名称',
  `column_comment` varchar(500) COLLATE utf8mb4_general_ci DEFAULT NULL COMMENT '列描述',
  `column_type` varchar(100) COLLATE utf8mb4_general_ci DEFAULT NULL COMMENT '列类型',
  `java_type` varchar(500) COLLATE utf8mb4_general_ci DEFAULT NULL COMMENT 'JAVA类型',
  `java_field` varchar(200) COLLATE utf8mb4_general_ci DEFAULT NULL COMMENT 'JAVA字段名',
  `is_pk` char(1) COLLATE utf8mb4_general_ci DEFAULT NULL COMMENT '是否主键（1是）',
  `is_increment` char(1) COLLATE utf8mb4_general_ci DEFAULT NULL COMMENT '是否自增（1是）',
  `is_required` char(1) COLLATE utf8mb4_general_ci DEFAULT NULL COMMENT '是否必填（1是）',
  `is_insert` char(1) COLLATE utf8mb4_general_ci DEFAULT NULL COMMENT '是否为插入字段（1是）',
  `is_edit` char(1) COLLATE utf8mb4_general_ci DEFAULT NULL COMMENT '是否编辑字段（1是）',
  `is_list` char(1) COLLATE utf8mb4_general_ci DEFAULT NULL COMMENT '是否列表字段（1是）',
  `is_query` char(1) COLLATE utf8mb4_general_ci DEFAULT NULL COMMENT '是否查询字段（1是）',
  `query_type` varchar(200) COLLATE utf8mb4_general_ci DEFAULT 'EQ' COMMENT '查询方式（等于、不等于、大于、小于、范围）',
  `html_type` varchar(200) COLLATE utf8mb4_general_ci DEFAULT NULL COMMENT '显示类型（文本框、文本域、下拉框、复选框、单选框、日期控件）',
  `dict_type` varchar(200) COLLATE utf8mb4_general_ci DEFAULT '' COMMENT '字典类型',
  `sort` int DEFAULT NULL COMMENT '排序',
  `create_by` varchar(64) COLLATE utf8mb4_general_ci DEFAULT '' COMMENT '创建者',
  `create_time` datetime DEFAULT NULL COMMENT '创建时间',
  `update_by` varchar(64) COLLATE utf8mb4_general_ci DEFAULT '' COMMENT '更新者',
  `update_time` datetime DEFAULT NULL COMMENT '更新时间',
  PRIMARY KEY (`column_id`)
) ENGINE=InnoDB DEFAULT CHARSET=utf8mb4 COLLATE=utf8mb4_general_ci COMMENT='代码生成业务表字段';

-- ----------------------------
-- Records of gen_table_column
-- ----------------------------
BEGIN;
INSERT INTO `gen_table_column` (`column_id`, `table_id`, `column_name`, `column_comment`, `column_type`, `java_type`, `java_field`, `is_pk`, `is_increment`, `is_required`, `is_insert`, `is_edit`, `is_list`, `is_query`, `query_type`, `html_type`, `dict_type`, `sort`, `create_by`, `create_time`, `update_by`, `update_time`) VALUES (1759462338595168258, 1759462338100240386, 'id', '', 'int', 'Long', 'id', '1', '1', '1', NULL, '1', '1', NULL, 'EQ', 'input', '', 1, 'admin', '2024-02-19 14:18:05', 'admin', '2024-02-19 14:25:21');
INSERT INTO `gen_table_column` (`column_id`, `table_id`, `column_name`, `column_comment`, `column_type`, `java_type`, `java_field`, `is_pk`, `is_increment`, `is_required`, `is_insert`, `is_edit`, `is_list`, `is_query`, `query_type`, `html_type`, `dict_type`, `sort`, `create_by`, `create_time`, `update_by`, `update_time`) VALUES (1759462338603556865, 1759462338100240386, 'user_id', '预约用户信息', 'int', 'Long', 'userId', '0', '0', '1', '1', '1', '1', '1', 'EQ', 'input', '', 2, 'admin', '2024-02-19 14:18:05', 'admin', '2024-02-19 14:25:21');
INSERT INTO `gen_table_column` (`column_id`, `table_id`, `column_name`, `column_comment`, `column_type`, `java_type`, `java_field`, `is_pk`, `is_increment`, `is_required`, `is_insert`, `is_edit`, `is_list`, `is_query`, `query_type`, `html_type`, `dict_type`, `sort`, `create_by`, `create_time`, `update_by`, `update_time`) VALUES (1759462338611945474, 1759462338100240386, 'appoint_date', '预约日期', 'date', 'Date', 'appointDate', '0', '0', '1', '1', '1', '1', '1', 'EQ', 'datetime', '', 3, 'admin', '2024-02-19 14:18:05', 'admin', '2024-02-19 14:25:21');
INSERT INTO `gen_table_column` (`column_id`, `table_id`, `column_name`, `column_comment`, `column_type`, `java_type`, `java_field`, `is_pk`, `is_increment`, `is_required`, `is_insert`, `is_edit`, `is_list`, `is_query`, `query_type`, `html_type`, `dict_type`, `sort`, `create_by`, `create_time`, `update_by`, `update_time`) VALUES (1759462338616139777, 1759462338100240386, 'time_slot', '上午 or 下午', 'varchar(255)', 'String', 'timeSlot', '0', '0', '1', '1', '1', '1', '1', 'EQ', 'input', '', 4, 'admin', '2024-02-19 14:18:05', 'admin', '2024-02-19 14:25:21');
INSERT INTO `gen_table_column` (`column_id`, `table_id`, `column_name`, `column_comment`, `column_type`, `java_type`, `java_field`, `is_pk`, `is_increment`, `is_required`, `is_insert`, `is_edit`, `is_list`, `is_query`, `query_type`, `html_type`, `dict_type`, `sort`, `create_by`, `create_time`, `update_by`, `update_time`) VALUES (1759462338628722690, 1759462338100240386, 'status', '预约状态（待支付、已支付、已接种）', 'int', 'Long', 'status', '0', '0', '1', '1', '1', '1', '1', 'EQ', 'input', '', 5, 'admin', '2024-02-19 14:18:05', 'admin', '2024-02-19 14:25:21');
INSERT INTO `gen_table_column` (`column_id`, `table_id`, `column_name`, `column_comment`, `column_type`, `java_type`, `java_field`, `is_pk`, `is_increment`, `is_required`, `is_insert`, `is_edit`, `is_list`, `is_query`, `query_type`, `html_type`, `dict_type`, `sort`, `create_by`, `create_time`, `update_by`, `update_time`) VALUES (1759462338628722691, 1759462338100240386, 'inoculate_site_id', '接种站点信息', 'int', 'Long', 'inoculateSiteId', '0', '0', '1', '1', '1', '1', '1', 'EQ', 'input', '', 6, 'admin', '2024-02-19 14:18:05', 'admin', '2024-02-19 14:25:21');
INSERT INTO `gen_table_column` (`column_id`, `table_id`, `column_name`, `column_comment`, `column_type`, `java_type`, `java_field`, `is_pk`, `is_increment`, `is_required`, `is_insert`, `is_edit`, `is_list`, `is_query`, `query_type`, `html_type`, `dict_type`, `sort`, `create_by`, `create_time`, `update_by`, `update_time`) VALUES (1759462338632916993, 1759462338100240386, 'vaccine_id', '疫苗信息', 'int', 'Long', 'vaccineId', '0', '0', '1', '1', '1', '1', '1', 'EQ', 'input', '', 7, 'admin', '2024-02-19 14:18:05', 'admin', '2024-02-19 14:25:21');
INSERT INTO `gen_table_column` (`column_id`, `table_id`, `column_name`, `column_comment`, `column_type`, `java_type`, `java_field`, `is_pk`, `is_increment`, `is_required`, `is_insert`, `is_edit`, `is_list`, `is_query`, `query_type`, `html_type`, `dict_type`, `sort`, `create_by`, `create_time`, `update_by`, `update_time`) VALUES (1759462338641305601, 1759462338100240386, 'which_pin', '第几针', 'varchar(255)', 'String', 'whichPin', '0', '0', '1', '1', '1', '1', '1', 'EQ', 'input', '', 8, 'admin', '2024-02-19 14:18:05', 'admin', '2024-02-19 14:25:21');
INSERT INTO `gen_table_column` (`column_id`, `table_id`, `column_name`, `column_comment`, `column_type`, `java_type`, `java_field`, `is_pk`, `is_increment`, `is_required`, `is_insert`, `is_edit`, `is_list`, `is_query`, `query_type`, `html_type`, `dict_type`, `sort`, `create_by`, `create_time`, `update_by`, `update_time`) VALUES (1759462338641305602, 1759462338100240386, 'create_time', '', 'datetime', 'Date', 'createTime', '0', '0', '0', NULL, NULL, NULL, NULL, 'EQ', 'datetime', '', 9, 'admin', '2024-02-19 14:18:05', 'admin', '2024-02-19 14:25:21');
INSERT INTO `gen_table_column` (`column_id`, `table_id`, `column_name`, `column_comment`, `column_type`, `java_type`, `java_field`, `is_pk`, `is_increment`, `is_required`, `is_insert`, `is_edit`, `is_list`, `is_query`, `query_type`, `html_type`, `dict_type`, `sort`, `create_by`, `create_time`, `update_by`, `update_time`) VALUES (1759462339673104386, 1759462339362725890, 'id', '', 'int', 'Long', 'id', '1', '1', '1', NULL, '1', '1', '1', 'EQ', 'input', '', 1, 'admin', '2024-02-19 14:18:06', 'admin', '2024-02-19 14:25:03');
INSERT INTO `gen_table_column` (`column_id`, `table_id`, `column_name`, `column_comment`, `column_type`, `java_type`, `java_field`, `is_pk`, `is_increment`, `is_required`, `is_insert`, `is_edit`, `is_list`, `is_query`, `query_type`, `html_type`, `dict_type`, `sort`, `create_by`, `create_time`, `update_by`, `update_time`) VALUES (1759462339677298689, 1759462339362725890, 'part', '接种部位', 'varchar(255)', 'String', 'part', '0', '0', '1', '1', '1', '1', '1', 'EQ', 'input', '', 2, 'admin', '2024-02-19 14:18:06', 'admin', '2024-02-19 14:25:03');
INSERT INTO `gen_table_column` (`column_id`, `table_id`, `column_name`, `column_comment`, `column_type`, `java_type`, `java_field`, `is_pk`, `is_increment`, `is_required`, `is_insert`, `is_edit`, `is_list`, `is_query`, `query_type`, `html_type`, `dict_type`, `sort`, `create_by`, `create_time`, `update_by`, `update_time`) VALUES (1759462339681492994, 1759462339362725890, 'appoint_id', '预约信息', 'int', 'Long', 'appointId', '0', '0', '1', '1', '1', '1', '1', 'EQ', 'input', '', 3, 'admin', '2024-02-19 14:18:06', 'admin', '2024-02-19 14:25:03');
INSERT INTO `gen_table_column` (`column_id`, `table_id`, `column_name`, `column_comment`, `column_type`, `java_type`, `java_field`, `is_pk`, `is_increment`, `is_required`, `is_insert`, `is_edit`, `is_list`, `is_query`, `query_type`, `html_type`, `dict_type`, `sort`, `create_by`, `create_time`, `update_by`, `update_time`) VALUES (1759462339689881602, 1759462339362725890, 'create_time', '记录创建时间', 'datetime', 'Date', 'createTime', '0', '0', '0', '1', '1', '1', '1', 'EQ', 'datetime', '', 4, 'admin', '2024-02-19 14:18:06', 'admin', '2024-02-19 14:25:03');
INSERT INTO `gen_table_column` (`column_id`, `table_id`, `column_name`, `column_comment`, `column_type`, `java_type`, `java_field`, `is_pk`, `is_increment`, `is_required`, `is_insert`, `is_edit`, `is_list`, `is_query`, `query_type`, `html_type`, `dict_type`, `sort`, `create_by`, `create_time`, `update_by`, `update_time`) VALUES (1759462339698270210, 1759462339362725890, 'vaccine_id', '疫苗信息', 'int', 'Long', 'vaccineId', '0', '0', '1', '1', '1', '1', '1', 'EQ', 'input', '', 5, 'admin', '2024-02-19 14:18:06', 'admin', '2024-02-19 14:25:03');
INSERT INTO `gen_table_column` (`column_id`, `table_id`, `column_name`, `column_comment`, `column_type`, `java_type`, `java_field`, `is_pk`, `is_increment`, `is_required`, `is_insert`, `is_edit`, `is_list`, `is_query`, `query_type`, `html_type`, `dict_type`, `sort`, `create_by`, `create_time`, `update_by`, `update_time`) VALUES (1759462339698270211, 1759462339362725890, 'user_id', '医护信息', 'int', 'Long', 'userId', '0', '0', '1', '1', '1', '1', '1', 'EQ', 'input', '', 6, 'admin', '2024-02-19 14:18:06', 'admin', '2024-02-19 14:25:03');
INSERT INTO `gen_table_column` (`column_id`, `table_id`, `column_name`, `column_comment`, `column_type`, `java_type`, `java_field`, `is_pk`, `is_increment`, `is_required`, `is_insert`, `is_edit`, `is_list`, `is_query`, `query_type`, `html_type`, `dict_type`, `sort`, `create_by`, `create_time`, `update_by`, `update_time`) VALUES (1759462339706658817, 1759462339362725890, 'status', '接种状态（已接种、未接种、已取消）', 'int', 'Long', 'status', '0', '0', '1', '1', '1', '1', '1', 'EQ', 'input', '', 7, 'admin', '2024-02-19 14:18:06', 'admin', '2024-02-19 14:25:03');
INSERT INTO `gen_table_column` (`column_id`, `table_id`, `column_name`, `column_comment`, `column_type`, `java_type`, `java_field`, `is_pk`, `is_increment`, `is_required`, `is_insert`, `is_edit`, `is_list`, `is_query`, `query_type`, `html_type`, `dict_type`, `sort`, `create_by`, `create_time`, `update_by`, `update_time`) VALUES (1759462339715047426, 1759462339362725890, 'remark', '备注', 'varchar(255)', 'String', 'remark', '0', '0', '1', '1', '1', '1', '1', 'EQ', 'input', '', 8, 'admin', '2024-02-19 14:18:06', 'admin', '2024-02-19 14:25:03');
INSERT INTO `gen_table_column` (`column_id`, `table_id`, `column_name`, `column_comment`, `column_type`, `java_type`, `java_field`, `is_pk`, `is_increment`, `is_required`, `is_insert`, `is_edit`, `is_list`, `is_query`, `query_type`, `html_type`, `dict_type`, `sort`, `create_by`, `create_time`, `update_by`, `update_time`) VALUES (1759462339715047427, 1759462339362725890, 'inoculate_time', '接种时间', 'datetime', 'Date', 'inoculateTime', '0', '0', '1', '1', '1', '1', '1', 'EQ', 'datetime', '', 9, 'admin', '2024-02-19 14:18:06', 'admin', '2024-02-19 14:25:03');
INSERT INTO `gen_table_column` (`column_id`, `table_id`, `column_name`, `column_comment`, `column_type`, `java_type`, `java_field`, `is_pk`, `is_increment`, `is_required`, `is_insert`, `is_edit`, `is_list`, `is_query`, `query_type`, `html_type`, `dict_type`, `sort`, `create_by`, `create_time`, `update_by`, `update_time`) VALUES (1759462341170470914, 1759462340868481026, 'id', '', 'int', 'Long', 'id', '1', '1', '1', NULL, '1', '1', NULL, 'EQ', 'input', '', 1, 'admin', '2024-02-19 14:18:06', 'admin', '2024-02-19 14:25:29');
INSERT INTO `gen_table_column` (`column_id`, `table_id`, `column_name`, `column_comment`, `column_type`, `java_type`, `java_field`, `is_pk`, `is_increment`, `is_required`, `is_insert`, `is_edit`, `is_list`, `is_query`, `query_type`, `html_type`, `dict_type`, `sort`, `create_by`, `create_time`, `update_by`, `update_time`) VALUES (1759462341178859521, 1759462340868481026, 'name', '站点名称', 'varchar(255)', 'String', 'name', '0', '0', '1', '1', '1', '1', '1', 'LIKE', 'input', '', 2, 'admin', '2024-02-19 14:18:06', 'admin', '2024-02-19 14:25:29');
INSERT INTO `gen_table_column` (`column_id`, `table_id`, `column_name`, `column_comment`, `column_type`, `java_type`, `java_field`, `is_pk`, `is_increment`, `is_required`, `is_insert`, `is_edit`, `is_list`, `is_query`, `query_type`, `html_type`, `dict_type`, `sort`, `create_by`, `create_time`, `update_by`, `update_time`) VALUES (1759462341178859522, 1759462340868481026, 'address', '站点地址', 'varchar(255)', 'String', 'address', '0', '0', '1', '1', '1', '1', '1', 'EQ', 'input', '', 3, 'admin', '2024-02-19 14:18:06', 'admin', '2024-02-19 14:25:29');
INSERT INTO `gen_table_column` (`column_id`, `table_id`, `column_name`, `column_comment`, `column_type`, `java_type`, `java_field`, `is_pk`, `is_increment`, `is_required`, `is_insert`, `is_edit`, `is_list`, `is_query`, `query_type`, `html_type`, `dict_type`, `sort`, `create_by`, `create_time`, `update_by`, `update_time`) VALUES (1759462341183053826, 1759462340868481026, 'img_url', '站点图片', 'varchar(255)', 'String', 'imgUrl', '0', '0', '1', '1', '1', '1', '1', 'EQ', 'input', '', 4, 'admin', '2024-02-19 14:18:06', 'admin', '2024-02-19 14:25:29');
INSERT INTO `gen_table_column` (`column_id`, `table_id`, `column_name`, `column_comment`, `column_type`, `java_type`, `java_field`, `is_pk`, `is_increment`, `is_required`, `is_insert`, `is_edit`, `is_list`, `is_query`, `query_type`, `html_type`, `dict_type`, `sort`, `create_by`, `create_time`, `update_by`, `update_time`) VALUES (1759462341187248129, 1759462340868481026, 'contact', '联系方式', 'varchar(255)', 'String', 'contact', '0', '0', '1', '1', '1', '1', '1', 'EQ', 'input', '', 5, 'admin', '2024-02-19 14:18:06', 'admin', '2024-02-19 14:25:29');
INSERT INTO `gen_table_column` (`column_id`, `table_id`, `column_name`, `column_comment`, `column_type`, `java_type`, `java_field`, `is_pk`, `is_increment`, `is_required`, `is_insert`, `is_edit`, `is_list`, `is_query`, `query_type`, `html_type`, `dict_type`, `sort`, `create_by`, `create_time`, `update_by`, `update_time`) VALUES (1759462341870919681, 1759462341577318402, 'id', '', 'int', 'Long', 'id', '1', '1', '1', NULL, '1', '1', NULL, 'EQ', 'input', '', 1, 'admin', '2024-02-19 14:18:06', 'admin', '2024-02-19 14:24:51');
INSERT INTO `gen_table_column` (`column_id`, `table_id`, `column_name`, `column_comment`, `column_type`, `java_type`, `java_field`, `is_pk`, `is_increment`, `is_required`, `is_insert`, `is_edit`, `is_list`, `is_query`, `query_type`, `html_type`, `dict_type`, `sort`, `create_by`, `create_time`, `update_by`, `update_time`) VALUES (1759462341879308290, 1759462341577318402, 'appoint_id', '预约信息（用户信息）', 'int', 'Long', 'appointId', '0', '0', '1', '1', '1', '1', '1', 'EQ', 'input', '', 2, 'admin', '2024-02-19 14:18:06', 'admin', '2024-02-19 14:24:52');
INSERT INTO `gen_table_column` (`column_id`, `table_id`, `column_name`, `column_comment`, `column_type`, `java_type`, `java_field`, `is_pk`, `is_increment`, `is_required`, `is_insert`, `is_edit`, `is_list`, `is_query`, `query_type`, `html_type`, `dict_type`, `sort`, `create_by`, `create_time`, `update_by`, `update_time`) VALUES (1759462341879308291, 1759462341577318402, 'create_time', '', 'datetime', 'Date', 'createTime', '0', '0', '0', NULL, NULL, NULL, NULL, 'EQ', 'datetime', '', 3, 'admin', '2024-02-19 14:18:06', 'admin', '2024-02-19 14:24:52');
INSERT INTO `gen_table_column` (`column_id`, `table_id`, `column_name`, `column_comment`, `column_type`, `java_type`, `java_field`, `is_pk`, `is_increment`, `is_required`, `is_insert`, `is_edit`, `is_list`, `is_query`, `query_type`, `html_type`, `dict_type`, `sort`, `create_by`, `create_time`, `update_by`, `update_time`) VALUES (1759462341887696897, 1759462341577318402, 'total_amount', '订单总金额', 'float', 'Long', 'totalAmount', '0', '0', '1', '1', '1', '1', '1', 'EQ', 'input', '', 4, 'admin', '2024-02-19 14:18:06', 'admin', '2024-02-19 14:24:52');
INSERT INTO `gen_table_column` (`column_id`, `table_id`, `column_name`, `column_comment`, `column_type`, `java_type`, `java_field`, `is_pk`, `is_increment`, `is_required`, `is_insert`, `is_edit`, `is_list`, `is_query`, `query_type`, `html_type`, `dict_type`, `sort`, `create_by`, `create_time`, `update_by`, `update_time`) VALUES (1759462341891891202, 1759462341577318402, 'payment_method', '支付方式', 'varchar(255)', 'String', 'paymentMethod', '0', '0', '1', '1', '1', '1', '1', 'EQ', 'input', '', 5, 'admin', '2024-02-19 14:18:06', 'admin', '2024-02-19 14:24:52');
INSERT INTO `gen_table_column` (`column_id`, `table_id`, `column_name`, `column_comment`, `column_type`, `java_type`, `java_field`, `is_pk`, `is_increment`, `is_required`, `is_insert`, `is_edit`, `is_list`, `is_query`, `query_type`, `html_type`, `dict_type`, `sort`, `create_by`, `create_time`, `update_by`, `update_time`) VALUES (1759462341891891203, 1759462341577318402, 'status', '订单状态（待支付、已支付、已取消）', 'int', 'Long', 'status', '0', '0', '1', '1', '1', '1', '1', 'EQ', 'input', '', 6, 'admin', '2024-02-19 14:18:06', 'admin', '2024-02-19 14:24:52');
INSERT INTO `gen_table_column` (`column_id`, `table_id`, `column_name`, `column_comment`, `column_type`, `java_type`, `java_field`, `is_pk`, `is_increment`, `is_required`, `is_insert`, `is_edit`, `is_list`, `is_query`, `query_type`, `html_type`, `dict_type`, `sort`, `create_by`, `create_time`, `update_by`, `update_time`) VALUES (1759462342944661506, 1759462342651060225, 'id', '疫苗id', 'int', 'Long', 'id', '1', '1', '1', NULL, '1', '1', NULL, 'EQ', 'input', '', 1, 'admin', '2024-02-19 14:18:06', 'admin', '2024-02-19 14:26:18');
INSERT INTO `gen_table_column` (`column_id`, `table_id`, `column_name`, `column_comment`, `column_type`, `java_type`, `java_field`, `is_pk`, `is_increment`, `is_required`, `is_insert`, `is_edit`, `is_list`, `is_query`, `query_type`, `html_type`, `dict_type`, `sort`, `create_by`, `create_time`, `update_by`, `update_time`) VALUES (1759462342953050114, 1759462342651060225, 'name', '疫苗名称', 'varchar(255)', 'String', 'name', '0', '0', '1', '1', '1', '1', '1', 'LIKE', 'input', '', 2, 'admin', '2024-02-19 14:18:06', 'admin', '2024-02-19 14:26:18');
INSERT INTO `gen_table_column` (`column_id`, `table_id`, `column_name`, `column_comment`, `column_type`, `java_type`, `java_field`, `is_pk`, `is_increment`, `is_required`, `is_insert`, `is_edit`, `is_list`, `is_query`, `query_type`, `html_type`, `dict_type`, `sort`, `create_by`, `create_time`, `update_by`, `update_time`) VALUES (1759462342953050115, 1759462342651060225, 'price', '疫苗价格', 'float', 'Long', 'price', '0', '0', '1', '1', '1', '1', '1', 'EQ', 'input', '', 3, 'admin', '2024-02-19 14:18:06', 'admin', '2024-02-19 14:26:18');
INSERT INTO `gen_table_column` (`column_id`, `table_id`, `column_name`, `column_comment`, `column_type`, `java_type`, `java_field`, `is_pk`, `is_increment`, `is_required`, `is_insert`, `is_edit`, `is_list`, `is_query`, `query_type`, `html_type`, `dict_type`, `sort`, `create_by`, `create_time`, `update_by`, `update_time`) VALUES (1759462342953050116, 1759462342651060225, 'amount', '疫苗库存', 'int', 'Long', 'amount', '0', '0', '1', '1', '1', '1', '1', 'EQ', 'input', '', 4, 'admin', '2024-02-19 14:18:06', 'admin', '2024-02-19 14:26:18');
INSERT INTO `gen_table_column` (`column_id`, `table_id`, `column_name`, `column_comment`, `column_type`, `java_type`, `java_field`, `is_pk`, `is_increment`, `is_required`, `is_insert`, `is_edit`, `is_list`, `is_query`, `query_type`, `html_type`, `dict_type`, `sort`, `create_by`, `create_time`, `update_by`, `update_time`) VALUES (1759462342957244418, 1759462342651060225, 'manufacturer', '疫苗厂家', 'varchar(255)', 'String', 'manufacturer', '0', '0', '1', '1', '1', '1', '1', 'EQ', 'input', '', 5, 'admin', '2024-02-19 14:18:06', 'admin', '2024-02-19 14:26:18');
INSERT INTO `gen_table_column` (`column_id`, `table_id`, `column_name`, `column_comment`, `column_type`, `java_type`, `java_field`, `is_pk`, `is_increment`, `is_required`, `is_insert`, `is_edit`, `is_list`, `is_query`, `query_type`, `html_type`, `dict_type`, `sort`, `create_by`, `create_time`, `update_by`, `update_time`) VALUES (1759462342961438722, 1759462342651060225, 'category', '疫苗分类', 'varchar(255)', 'String', 'category', '0', '0', '1', '1', '1', '1', '1', 'EQ', 'input', '', 6, 'admin', '2024-02-19 14:18:06', 'admin', '2024-02-19 14:26:18');
INSERT INTO `gen_table_column` (`column_id`, `table_id`, `column_name`, `column_comment`, `column_type`, `java_type`, `java_field`, `is_pk`, `is_increment`, `is_required`, `is_insert`, `is_edit`, `is_list`, `is_query`, `query_type`, `html_type`, `dict_type`, `sort`, `create_by`, `create_time`, `update_by`, `update_time`) VALUES (1759462342965633026, 1759462342651060225, 'batch_number', '疫苗批号', 'varchar(255)', 'String', 'batchNumber', '0', '0', '1', '1', '1', '1', '1', 'EQ', 'input', '', 7, 'admin', '2024-02-19 14:18:06', 'admin', '2024-02-19 14:26:18');
INSERT INTO `gen_table_column` (`column_id`, `table_id`, `column_name`, `column_comment`, `column_type`, `java_type`, `java_field`, `is_pk`, `is_increment`, `is_required`, `is_insert`, `is_edit`, `is_list`, `is_query`, `query_type`, `html_type`, `dict_type`, `sort`, `create_by`, `create_time`, `update_by`, `update_time`) VALUES (1759462342965633027, 1759462342651060225, 'detail', '疫苗详情', 'varchar(255)', 'String', 'detail', '0', '0', '1', '1', '1', '1', '1', 'EQ', 'input', '', 8, 'admin', '2024-02-19 14:18:06', 'admin', '2024-02-19 14:26:19');
INSERT INTO `gen_table_column` (`column_id`, `table_id`, `column_name`, `column_comment`, `column_type`, `java_type`, `java_field`, `is_pk`, `is_increment`, `is_required`, `is_insert`, `is_edit`, `is_list`, `is_query`, `query_type`, `html_type`, `dict_type`, `sort`, `create_by`, `create_time`, `update_by`, `update_time`) VALUES (1759462342969827329, 1759462342651060225, 'img_url', '疫苗图片地址', 'varchar(255)', 'String', 'imgUrl', '0', '0', '1', '1', '1', '1', '1', 'EQ', 'input', '', 9, 'admin', '2024-02-19 14:18:06', 'admin', '2024-02-19 14:26:19');
COMMIT;

-- ----------------------------
-- Table structure for sys_config
-- ----------------------------
DROP TABLE IF EXISTS `sys_config`;
CREATE TABLE `sys_config` (
  `config_id` bigint NOT NULL COMMENT '参数主键',
  `config_name` varchar(100) COLLATE utf8mb4_general_ci DEFAULT '' COMMENT '参数名称',
  `config_key` varchar(100) COLLATE utf8mb4_general_ci DEFAULT '' COMMENT '参数键名',
  `config_value` varchar(500) COLLATE utf8mb4_general_ci DEFAULT '' COMMENT '参数键值',
  `config_type` char(1) COLLATE utf8mb4_general_ci DEFAULT 'N' COMMENT '系统内置（Y是 N否）',
  `create_by` varchar(64) COLLATE utf8mb4_general_ci DEFAULT '' COMMENT '创建者',
  `create_time` datetime DEFAULT NULL COMMENT '创建时间',
  `update_by` varchar(64) COLLATE utf8mb4_general_ci DEFAULT '' COMMENT '更新者',
  `update_time` datetime DEFAULT NULL COMMENT '更新时间',
  `remark` varchar(500) COLLATE utf8mb4_general_ci DEFAULT NULL COMMENT '备注',
  PRIMARY KEY (`config_id`)
) ENGINE=InnoDB DEFAULT CHARSET=utf8mb4 COLLATE=utf8mb4_general_ci COMMENT='参数配置表';

-- ----------------------------
-- Records of sys_config
-- ----------------------------
BEGIN;
INSERT INTO `sys_config` (`config_id`, `config_name`, `config_key`, `config_value`, `config_type`, `create_by`, `create_time`, `update_by`, `update_time`, `remark`) VALUES (1, '主框架页-默认皮肤样式名称', 'sys.index.skinName', 'skin-blue', 'Y', 'admin', '2024-01-17 17:51:55', '', NULL, '蓝色 skin-blue、绿色 skin-green、紫色 skin-purple、红色 skin-red、黄色 skin-yellow');
INSERT INTO `sys_config` (`config_id`, `config_name`, `config_key`, `config_value`, `config_type`, `create_by`, `create_time`, `update_by`, `update_time`, `remark`) VALUES (2, '用户管理-账号初始密码', 'sys.user.initPassword', '123456', 'Y', 'admin', '2024-01-17 17:51:55', '', NULL, '初始化密码 123456');
INSERT INTO `sys_config` (`config_id`, `config_name`, `config_key`, `config_value`, `config_type`, `create_by`, `create_time`, `update_by`, `update_time`, `remark`) VALUES (3, '主框架页-侧边栏主题', 'sys.index.sideTheme', 'theme-dark', 'Y', 'admin', '2024-01-17 17:51:55', '', NULL, '深色主题theme-dark，浅色主题theme-light');
INSERT INTO `sys_config` (`config_id`, `config_name`, `config_key`, `config_value`, `config_type`, `create_by`, `create_time`, `update_by`, `update_time`, `remark`) VALUES (4, '账号自助-验证码开关', 'sys.account.captchaEnabled', 'true', 'Y', 'admin', '2024-01-17 17:51:55', '', NULL, '是否开启验证码功能（true开启，false关闭）');
INSERT INTO `sys_config` (`config_id`, `config_name`, `config_key`, `config_value`, `config_type`, `create_by`, `create_time`, `update_by`, `update_time`, `remark`) VALUES (5, '账号自助-是否开启用户注册功能', 'sys.account.registerUser', 'true', 'Y', 'admin', '2024-01-17 17:51:55', 'admin', '2024-02-21 15:35:43', '是否开启注册用户功能（true开启，false关闭）');
INSERT INTO `sys_config` (`config_id`, `config_name`, `config_key`, `config_value`, `config_type`, `create_by`, `create_time`, `update_by`, `update_time`, `remark`) VALUES (11, 'OSS预览列表资源开关', 'sys.oss.previewListResource', 'true', 'Y', 'admin', '2024-01-17 17:51:55', 'admin', '2024-01-25 14:19:30', 'true:开启, false:关闭');
COMMIT;

-- ----------------------------
-- Table structure for sys_dept
-- ----------------------------
DROP TABLE IF EXISTS `sys_dept`;
CREATE TABLE `sys_dept` (
  `dept_id` bigint NOT NULL COMMENT '部门id',
  `parent_id` bigint DEFAULT '0' COMMENT '父部门id',
  `ancestors` varchar(500) COLLATE utf8mb4_general_ci DEFAULT '' COMMENT '祖级列表',
  `dept_name` varchar(30) COLLATE utf8mb4_general_ci DEFAULT '' COMMENT '部门名称',
  `order_num` int DEFAULT '0' COMMENT '显示顺序',
  `leader` varchar(20) COLLATE utf8mb4_general_ci DEFAULT NULL COMMENT '负责人',
  `phone` varchar(11) COLLATE utf8mb4_general_ci DEFAULT NULL COMMENT '联系电话',
  `email` varchar(50) COLLATE utf8mb4_general_ci DEFAULT NULL COMMENT '邮箱',
  `status` char(1) COLLATE utf8mb4_general_ci DEFAULT '0' COMMENT '部门状态（0正常 1停用）',
  `del_flag` char(1) COLLATE utf8mb4_general_ci DEFAULT '0' COMMENT '删除标志（0代表存在 2代表删除）',
  `create_by` varchar(64) COLLATE utf8mb4_general_ci DEFAULT '' COMMENT '创建者',
  `create_time` datetime DEFAULT NULL COMMENT '创建时间',
  `update_by` varchar(64) COLLATE utf8mb4_general_ci DEFAULT '' COMMENT '更新者',
  `update_time` datetime DEFAULT NULL COMMENT '更新时间',
  PRIMARY KEY (`dept_id`)
) ENGINE=InnoDB DEFAULT CHARSET=utf8mb4 COLLATE=utf8mb4_general_ci COMMENT='部门表';

-- ----------------------------
-- Records of sys_dept
-- ----------------------------
BEGIN;
INSERT INTO `sys_dept` (`dept_id`, `parent_id`, `ancestors`, `dept_name`, `order_num`, `leader`, `phone`, `email`, `status`, `del_flag`, `create_by`, `create_time`, `update_by`, `update_time`) VALUES (100, 0, '0', '如梦科技', 0, 'PP', '15888888888', 'pp@qq.com', '0', '0', 'admin', '2024-01-17 17:51:52', '', NULL);
INSERT INTO `sys_dept` (`dept_id`, `parent_id`, `ancestors`, `dept_name`, `order_num`, `leader`, `phone`, `email`, `status`, `del_flag`, `create_by`, `create_time`, `update_by`, `update_time`) VALUES (101, 100, '0,100', '宿迁总公司', 1, 'PP', '15888888888', 'pp@qq.com', '0', '0', 'admin', '2024-01-17 17:51:52', '', NULL);
INSERT INTO `sys_dept` (`dept_id`, `parent_id`, `ancestors`, `dept_name`, `order_num`, `leader`, `phone`, `email`, `status`, `del_flag`, `create_by`, `create_time`, `update_by`, `update_time`) VALUES (102, 100, '0,100', '南京分公司', 2, 'PP', '15888888888', 'pp@qq.com', '0', '2', 'admin', '2024-01-17 17:51:52', '', NULL);
INSERT INTO `sys_dept` (`dept_id`, `parent_id`, `ancestors`, `dept_name`, `order_num`, `leader`, `phone`, `email`, `status`, `del_flag`, `create_by`, `create_time`, `update_by`, `update_time`) VALUES (103, 101, '0,100,101', '研发部门', 1, 'PP', '15888888888', 'pp@qq.com', '0', '0', 'admin', '2024-01-17 17:51:52', '', NULL);
INSERT INTO `sys_dept` (`dept_id`, `parent_id`, `ancestors`, `dept_name`, `order_num`, `leader`, `phone`, `email`, `status`, `del_flag`, `create_by`, `create_time`, `update_by`, `update_time`) VALUES (104, 101, '0,100,101', '市场部门', 2, 'PP', '15888888888', 'pp@qq.com', '0', '0', 'admin', '2024-01-17 17:51:52', '', NULL);
INSERT INTO `sys_dept` (`dept_id`, `parent_id`, `ancestors`, `dept_name`, `order_num`, `leader`, `phone`, `email`, `status`, `del_flag`, `create_by`, `create_time`, `update_by`, `update_time`) VALUES (105, 101, '0,100,101', '测试部门', 3, 'PP', '15888888888', 'pp@qq.com', '0', '0', 'admin', '2024-01-17 17:51:52', '', NULL);
INSERT INTO `sys_dept` (`dept_id`, `parent_id`, `ancestors`, `dept_name`, `order_num`, `leader`, `phone`, `email`, `status`, `del_flag`, `create_by`, `create_time`, `update_by`, `update_time`) VALUES (106, 101, '0,100,101', '财务部门', 4, 'PP', '15888888888', 'pp@qq.com', '0', '2', 'admin', '2024-01-17 17:51:52', '', NULL);
INSERT INTO `sys_dept` (`dept_id`, `parent_id`, `ancestors`, `dept_name`, `order_num`, `leader`, `phone`, `email`, `status`, `del_flag`, `create_by`, `create_time`, `update_by`, `update_time`) VALUES (107, 101, '0,100,101', '运维部门', 5, 'PP', '15888888888', 'pp@qq.com', '0', '2', 'admin', '2024-01-17 17:51:52', '', NULL);
INSERT INTO `sys_dept` (`dept_id`, `parent_id`, `ancestors`, `dept_name`, `order_num`, `leader`, `phone`, `email`, `status`, `del_flag`, `create_by`, `create_time`, `update_by`, `update_time`) VALUES (108, 102, '0,100,102', '市场部门', 1, 'PP', '15888888888', 'pp@qq.com', '0', '2', 'admin', '2024-01-17 17:51:52', '', NULL);
INSERT INTO `sys_dept` (`dept_id`, `parent_id`, `ancestors`, `dept_name`, `order_num`, `leader`, `phone`, `email`, `status`, `del_flag`, `create_by`, `create_time`, `update_by`, `update_time`) VALUES (109, 102, '0,100,102', '财务部门', 2, 'PP', '15888888888', 'pp@qq.com', '0', '2', 'admin', '2024-01-17 17:51:52', '', NULL);
COMMIT;

-- ----------------------------
-- Table structure for sys_dict_data
-- ----------------------------
DROP TABLE IF EXISTS `sys_dict_data`;
CREATE TABLE `sys_dict_data` (
  `dict_code` bigint NOT NULL COMMENT '字典编码',
  `dict_sort` int DEFAULT '0' COMMENT '字典排序',
  `dict_label` varchar(100) COLLATE utf8mb4_general_ci DEFAULT '' COMMENT '字典标签',
  `dict_value` varchar(100) COLLATE utf8mb4_general_ci DEFAULT '' COMMENT '字典键值',
  `dict_type` varchar(100) COLLATE utf8mb4_general_ci DEFAULT '' COMMENT '字典类型',
  `css_class` varchar(100) COLLATE utf8mb4_general_ci DEFAULT NULL COMMENT '样式属性（其他样式扩展）',
  `list_class` varchar(100) COLLATE utf8mb4_general_ci DEFAULT NULL COMMENT '表格回显样式',
  `is_default` char(1) COLLATE utf8mb4_general_ci DEFAULT 'N' COMMENT '是否默认（Y是 N否）',
  `status` char(1) COLLATE utf8mb4_general_ci DEFAULT '0' COMMENT '状态（0正常 1停用）',
  `create_by` varchar(64) COLLATE utf8mb4_general_ci DEFAULT '' COMMENT '创建者',
  `create_time` datetime DEFAULT NULL COMMENT '创建时间',
  `update_by` varchar(64) COLLATE utf8mb4_general_ci DEFAULT '' COMMENT '更新者',
  `update_time` datetime DEFAULT NULL COMMENT '更新时间',
  `remark` varchar(500) COLLATE utf8mb4_general_ci DEFAULT NULL COMMENT '备注',
  PRIMARY KEY (`dict_code`)
) ENGINE=InnoDB DEFAULT CHARSET=utf8mb4 COLLATE=utf8mb4_general_ci COMMENT='字典数据表';

-- ----------------------------
-- Records of sys_dict_data
-- ----------------------------
BEGIN;
INSERT INTO `sys_dict_data` (`dict_code`, `dict_sort`, `dict_label`, `dict_value`, `dict_type`, `css_class`, `list_class`, `is_default`, `status`, `create_by`, `create_time`, `update_by`, `update_time`, `remark`) VALUES (1, 1, '男', '0', 'sys_user_sex', '', '', 'Y', '0', 'admin', '2024-01-17 17:51:55', '', NULL, '性别男');
INSERT INTO `sys_dict_data` (`dict_code`, `dict_sort`, `dict_label`, `dict_value`, `dict_type`, `css_class`, `list_class`, `is_default`, `status`, `create_by`, `create_time`, `update_by`, `update_time`, `remark`) VALUES (2, 2, '女', '1', 'sys_user_sex', '', '', 'N', '0', 'admin', '2024-01-17 17:51:55', '', NULL, '性别女');
INSERT INTO `sys_dict_data` (`dict_code`, `dict_sort`, `dict_label`, `dict_value`, `dict_type`, `css_class`, `list_class`, `is_default`, `status`, `create_by`, `create_time`, `update_by`, `update_time`, `remark`) VALUES (3, 3, '未知', '2', 'sys_user_sex', '', '', 'N', '0', 'admin', '2024-01-17 17:51:55', '', NULL, '性别未知');
INSERT INTO `sys_dict_data` (`dict_code`, `dict_sort`, `dict_label`, `dict_value`, `dict_type`, `css_class`, `list_class`, `is_default`, `status`, `create_by`, `create_time`, `update_by`, `update_time`, `remark`) VALUES (4, 1, '显示', '0', 'sys_show_hide', '', 'primary', 'Y', '0', 'admin', '2024-01-17 17:51:55', '', NULL, '显示菜单');
INSERT INTO `sys_dict_data` (`dict_code`, `dict_sort`, `dict_label`, `dict_value`, `dict_type`, `css_class`, `list_class`, `is_default`, `status`, `create_by`, `create_time`, `update_by`, `update_time`, `remark`) VALUES (5, 2, '隐藏', '1', 'sys_show_hide', '', 'danger', 'N', '0', 'admin', '2024-01-17 17:51:55', '', NULL, '隐藏菜单');
INSERT INTO `sys_dict_data` (`dict_code`, `dict_sort`, `dict_label`, `dict_value`, `dict_type`, `css_class`, `list_class`, `is_default`, `status`, `create_by`, `create_time`, `update_by`, `update_time`, `remark`) VALUES (6, 1, '正常', '0', 'sys_normal_disable', '', 'primary', 'Y', '0', 'admin', '2024-01-17 17:51:55', '', NULL, '正常状态');
INSERT INTO `sys_dict_data` (`dict_code`, `dict_sort`, `dict_label`, `dict_value`, `dict_type`, `css_class`, `list_class`, `is_default`, `status`, `create_by`, `create_time`, `update_by`, `update_time`, `remark`) VALUES (7, 2, '停用', '1', 'sys_normal_disable', '', 'danger', 'N', '0', 'admin', '2024-01-17 17:51:55', '', NULL, '停用状态');
INSERT INTO `sys_dict_data` (`dict_code`, `dict_sort`, `dict_label`, `dict_value`, `dict_type`, `css_class`, `list_class`, `is_default`, `status`, `create_by`, `create_time`, `update_by`, `update_time`, `remark`) VALUES (12, 1, '是', 'Y', 'sys_yes_no', '', 'primary', 'Y', '0', 'admin', '2024-01-17 17:51:55', '', NULL, '系统默认是');
INSERT INTO `sys_dict_data` (`dict_code`, `dict_sort`, `dict_label`, `dict_value`, `dict_type`, `css_class`, `list_class`, `is_default`, `status`, `create_by`, `create_time`, `update_by`, `update_time`, `remark`) VALUES (13, 2, '否', 'N', 'sys_yes_no', '', 'danger', 'N', '0', 'admin', '2024-01-17 17:51:55', '', NULL, '系统默认否');
INSERT INTO `sys_dict_data` (`dict_code`, `dict_sort`, `dict_label`, `dict_value`, `dict_type`, `css_class`, `list_class`, `is_default`, `status`, `create_by`, `create_time`, `update_by`, `update_time`, `remark`) VALUES (14, 1, '通知', '1', 'sys_notice_type', '', 'warning', 'Y', '0', 'admin', '2024-01-17 17:51:55', '', NULL, '通知');
INSERT INTO `sys_dict_data` (`dict_code`, `dict_sort`, `dict_label`, `dict_value`, `dict_type`, `css_class`, `list_class`, `is_default`, `status`, `create_by`, `create_time`, `update_by`, `update_time`, `remark`) VALUES (15, 2, '公告', '2', 'sys_notice_type', '', 'success', 'N', '0', 'admin', '2024-01-17 17:51:55', '', NULL, '公告');
INSERT INTO `sys_dict_data` (`dict_code`, `dict_sort`, `dict_label`, `dict_value`, `dict_type`, `css_class`, `list_class`, `is_default`, `status`, `create_by`, `create_time`, `update_by`, `update_time`, `remark`) VALUES (16, 1, '正常', '0', 'sys_notice_status', '', 'primary', 'Y', '0', 'admin', '2024-01-17 17:51:55', '', NULL, '正常状态');
INSERT INTO `sys_dict_data` (`dict_code`, `dict_sort`, `dict_label`, `dict_value`, `dict_type`, `css_class`, `list_class`, `is_default`, `status`, `create_by`, `create_time`, `update_by`, `update_time`, `remark`) VALUES (17, 2, '关闭', '1', 'sys_notice_status', '', 'danger', 'N', '0', 'admin', '2024-01-17 17:51:55', '', NULL, '关闭状态');
INSERT INTO `sys_dict_data` (`dict_code`, `dict_sort`, `dict_label`, `dict_value`, `dict_type`, `css_class`, `list_class`, `is_default`, `status`, `create_by`, `create_time`, `update_by`, `update_time`, `remark`) VALUES (18, 1, '新增', '1', 'sys_oper_type', '', 'info', 'N', '0', 'admin', '2024-01-17 17:51:55', '', NULL, '新增操作');
INSERT INTO `sys_dict_data` (`dict_code`, `dict_sort`, `dict_label`, `dict_value`, `dict_type`, `css_class`, `list_class`, `is_default`, `status`, `create_by`, `create_time`, `update_by`, `update_time`, `remark`) VALUES (19, 2, '修改', '2', 'sys_oper_type', '', 'info', 'N', '0', 'admin', '2024-01-17 17:51:55', '', NULL, '修改操作');
INSERT INTO `sys_dict_data` (`dict_code`, `dict_sort`, `dict_label`, `dict_value`, `dict_type`, `css_class`, `list_class`, `is_default`, `status`, `create_by`, `create_time`, `update_by`, `update_time`, `remark`) VALUES (20, 3, '删除', '3', 'sys_oper_type', '', 'danger', 'N', '0', 'admin', '2024-01-17 17:51:55', '', NULL, '删除操作');
INSERT INTO `sys_dict_data` (`dict_code`, `dict_sort`, `dict_label`, `dict_value`, `dict_type`, `css_class`, `list_class`, `is_default`, `status`, `create_by`, `create_time`, `update_by`, `update_time`, `remark`) VALUES (21, 4, '授权', '4', 'sys_oper_type', '', 'primary', 'N', '0', 'admin', '2024-01-17 17:51:55', '', NULL, '授权操作');
INSERT INTO `sys_dict_data` (`dict_code`, `dict_sort`, `dict_label`, `dict_value`, `dict_type`, `css_class`, `list_class`, `is_default`, `status`, `create_by`, `create_time`, `update_by`, `update_time`, `remark`) VALUES (22, 5, '导出', '5', 'sys_oper_type', '', 'warning', 'N', '0', 'admin', '2024-01-17 17:51:55', '', NULL, '导出操作');
INSERT INTO `sys_dict_data` (`dict_code`, `dict_sort`, `dict_label`, `dict_value`, `dict_type`, `css_class`, `list_class`, `is_default`, `status`, `create_by`, `create_time`, `update_by`, `update_time`, `remark`) VALUES (23, 6, '导入', '6', 'sys_oper_type', '', 'warning', 'N', '0', 'admin', '2024-01-17 17:51:55', '', NULL, '导入操作');
INSERT INTO `sys_dict_data` (`dict_code`, `dict_sort`, `dict_label`, `dict_value`, `dict_type`, `css_class`, `list_class`, `is_default`, `status`, `create_by`, `create_time`, `update_by`, `update_time`, `remark`) VALUES (24, 7, '强退', '7', 'sys_oper_type', '', 'danger', 'N', '0', 'admin', '2024-01-17 17:51:55', '', NULL, '强退操作');
INSERT INTO `sys_dict_data` (`dict_code`, `dict_sort`, `dict_label`, `dict_value`, `dict_type`, `css_class`, `list_class`, `is_default`, `status`, `create_by`, `create_time`, `update_by`, `update_time`, `remark`) VALUES (25, 8, '生成代码', '8', 'sys_oper_type', '', 'warning', 'N', '0', 'admin', '2024-01-17 17:51:55', '', NULL, '生成操作');
INSERT INTO `sys_dict_data` (`dict_code`, `dict_sort`, `dict_label`, `dict_value`, `dict_type`, `css_class`, `list_class`, `is_default`, `status`, `create_by`, `create_time`, `update_by`, `update_time`, `remark`) VALUES (26, 9, '清空数据', '9', 'sys_oper_type', '', 'danger', 'N', '0', 'admin', '2024-01-17 17:51:55', '', NULL, '清空操作');
INSERT INTO `sys_dict_data` (`dict_code`, `dict_sort`, `dict_label`, `dict_value`, `dict_type`, `css_class`, `list_class`, `is_default`, `status`, `create_by`, `create_time`, `update_by`, `update_time`, `remark`) VALUES (27, 1, '成功', '0', 'sys_common_status', '', 'primary', 'N', '0', 'admin', '2024-01-17 17:51:55', '', NULL, '正常状态');
INSERT INTO `sys_dict_data` (`dict_code`, `dict_sort`, `dict_label`, `dict_value`, `dict_type`, `css_class`, `list_class`, `is_default`, `status`, `create_by`, `create_time`, `update_by`, `update_time`, `remark`) VALUES (28, 2, '失败', '1', 'sys_common_status', '', 'danger', 'N', '0', 'admin', '2024-01-17 17:51:55', '', NULL, '停用状态');
INSERT INTO `sys_dict_data` (`dict_code`, `dict_sort`, `dict_label`, `dict_value`, `dict_type`, `css_class`, `list_class`, `is_default`, `status`, `create_by`, `create_time`, `update_by`, `update_time`, `remark`) VALUES (29, 99, '其他', '0', 'sys_oper_type', '', 'info', 'N', '0', 'admin', '2024-01-17 17:51:55', '', NULL, '其他操作');
INSERT INTO `sys_dict_data` (`dict_code`, `dict_sort`, `dict_label`, `dict_value`, `dict_type`, `css_class`, `list_class`, `is_default`, `status`, `create_by`, `create_time`, `update_by`, `update_time`, `remark`) VALUES (1759866596280795137, 0, '待支付', '0', 'ym_order_type', NULL, 'primary', 'N', '0', 'admin', '2024-02-20 17:04:28', 'admin', '2024-02-20 17:04:28', NULL);
INSERT INTO `sys_dict_data` (`dict_code`, `dict_sort`, `dict_label`, `dict_value`, `dict_type`, `css_class`, `list_class`, `is_default`, `status`, `create_by`, `create_time`, `update_by`, `update_time`, `remark`) VALUES (1759867005913300994, 1, '已支付', '1', 'ym_order_type', NULL, 'success', 'N', '0', 'admin', '2024-02-20 17:06:06', 'admin', '2024-02-20 17:06:06', NULL);
INSERT INTO `sys_dict_data` (`dict_code`, `dict_sort`, `dict_label`, `dict_value`, `dict_type`, `css_class`, `list_class`, `is_default`, `status`, `create_by`, `create_time`, `update_by`, `update_time`, `remark`) VALUES (1759867072942473217, 2, '已取消', '2', 'ym_order_type', NULL, 'danger', 'N', '0', 'admin', '2024-02-20 17:06:22', 'admin', '2024-02-20 17:06:29', NULL);
COMMIT;

-- ----------------------------
-- Table structure for sys_dict_type
-- ----------------------------
DROP TABLE IF EXISTS `sys_dict_type`;
CREATE TABLE `sys_dict_type` (
  `dict_id` bigint NOT NULL COMMENT '字典主键',
  `dict_name` varchar(100) COLLATE utf8mb4_general_ci DEFAULT '' COMMENT '字典名称',
  `dict_type` varchar(100) COLLATE utf8mb4_general_ci DEFAULT '' COMMENT '字典类型',
  `status` char(1) COLLATE utf8mb4_general_ci DEFAULT '0' COMMENT '状态（0正常 1停用）',
  `create_by` varchar(64) COLLATE utf8mb4_general_ci DEFAULT '' COMMENT '创建者',
  `create_time` datetime DEFAULT NULL COMMENT '创建时间',
  `update_by` varchar(64) COLLATE utf8mb4_general_ci DEFAULT '' COMMENT '更新者',
  `update_time` datetime DEFAULT NULL COMMENT '更新时间',
  `remark` varchar(500) COLLATE utf8mb4_general_ci DEFAULT NULL COMMENT '备注',
  PRIMARY KEY (`dict_id`),
  UNIQUE KEY `dict_type` (`dict_type`)
) ENGINE=InnoDB DEFAULT CHARSET=utf8mb4 COLLATE=utf8mb4_general_ci COMMENT='字典类型表';

-- ----------------------------
-- Records of sys_dict_type
-- ----------------------------
BEGIN;
INSERT INTO `sys_dict_type` (`dict_id`, `dict_name`, `dict_type`, `status`, `create_by`, `create_time`, `update_by`, `update_time`, `remark`) VALUES (1, '用户性别', 'sys_user_sex', '0', 'admin', '2024-01-17 17:51:55', '', NULL, '用户性别列表');
INSERT INTO `sys_dict_type` (`dict_id`, `dict_name`, `dict_type`, `status`, `create_by`, `create_time`, `update_by`, `update_time`, `remark`) VALUES (2, '菜单状态', 'sys_show_hide', '0', 'admin', '2024-01-17 17:51:55', '', NULL, '菜单状态列表');
INSERT INTO `sys_dict_type` (`dict_id`, `dict_name`, `dict_type`, `status`, `create_by`, `create_time`, `update_by`, `update_time`, `remark`) VALUES (3, '系统开关', 'sys_normal_disable', '0', 'admin', '2024-01-17 17:51:55', '', NULL, '系统开关列表');
INSERT INTO `sys_dict_type` (`dict_id`, `dict_name`, `dict_type`, `status`, `create_by`, `create_time`, `update_by`, `update_time`, `remark`) VALUES (6, '系统是否', 'sys_yes_no', '0', 'admin', '2024-01-17 17:51:55', '', NULL, '系统是否列表');
INSERT INTO `sys_dict_type` (`dict_id`, `dict_name`, `dict_type`, `status`, `create_by`, `create_time`, `update_by`, `update_time`, `remark`) VALUES (7, '通知类型', 'sys_notice_type', '0', 'admin', '2024-01-17 17:51:55', '', NULL, '通知类型列表');
INSERT INTO `sys_dict_type` (`dict_id`, `dict_name`, `dict_type`, `status`, `create_by`, `create_time`, `update_by`, `update_time`, `remark`) VALUES (8, '通知状态', 'sys_notice_status', '0', 'admin', '2024-01-17 17:51:55', '', NULL, '通知状态列表');
INSERT INTO `sys_dict_type` (`dict_id`, `dict_name`, `dict_type`, `status`, `create_by`, `create_time`, `update_by`, `update_time`, `remark`) VALUES (9, '操作类型', 'sys_oper_type', '0', 'admin', '2024-01-17 17:51:55', '', NULL, '操作类型列表');
INSERT INTO `sys_dict_type` (`dict_id`, `dict_name`, `dict_type`, `status`, `create_by`, `create_time`, `update_by`, `update_time`, `remark`) VALUES (10, '系统状态', 'sys_common_status', '0', 'admin', '2024-01-17 17:51:55', '', NULL, '登录状态列表');
INSERT INTO `sys_dict_type` (`dict_id`, `dict_name`, `dict_type`, `status`, `create_by`, `create_time`, `update_by`, `update_time`, `remark`) VALUES (1759866324263403522, '疫苗订单状态', 'ym_order_type', '0', 'admin', '2024-02-20 17:03:23', 'admin', '2024-02-20 17:03:23', NULL);
COMMIT;

-- ----------------------------
-- Table structure for sys_logininfor
-- ----------------------------
DROP TABLE IF EXISTS `sys_logininfor`;
CREATE TABLE `sys_logininfor` (
  `info_id` bigint NOT NULL COMMENT '访问ID',
  `user_name` varchar(50) COLLATE utf8mb4_general_ci DEFAULT '' COMMENT '用户账号',
  `ipaddr` varchar(128) COLLATE utf8mb4_general_ci DEFAULT '' COMMENT '登录IP地址',
  `login_location` varchar(255) COLLATE utf8mb4_general_ci DEFAULT '' COMMENT '登录地点',
  `browser` varchar(50) COLLATE utf8mb4_general_ci DEFAULT '' COMMENT '浏览器类型',
  `os` varchar(50) COLLATE utf8mb4_general_ci DEFAULT '' COMMENT '操作系统',
  `status` char(1) COLLATE utf8mb4_general_ci DEFAULT '0' COMMENT '登录状态（0成功 1失败）',
  `msg` varchar(255) COLLATE utf8mb4_general_ci DEFAULT '' COMMENT '提示消息',
  `login_time` datetime DEFAULT NULL COMMENT '访问时间',
  PRIMARY KEY (`info_id`),
  KEY `idx_sys_logininfor_s` (`status`),
  KEY `idx_sys_logininfor_lt` (`login_time`)
) ENGINE=InnoDB DEFAULT CHARSET=utf8mb4 COLLATE=utf8mb4_general_ci COMMENT='系统访问记录';

-- ----------------------------
-- Records of sys_logininfor
-- ----------------------------
BEGIN;
INSERT INTO `sys_logininfor` (`info_id`, `user_name`, `ipaddr`, `login_location`, `browser`, `os`, `status`, `msg`, `login_time`) VALUES (1747559403665858561, 'admin', '0:0:0:0:0:0:0:1', '内网IP', 'Chrome', 'OSX', '0', '登录成功', '2024-01-17 18:00:05');
INSERT INTO `sys_logininfor` (`info_id`, `user_name`, `ipaddr`, `login_location`, `browser`, `os`, `status`, `msg`, `login_time`) VALUES (1747574437200576513, 'admin', '0:0:0:0:0:0:0:1', '内网IP', 'Chrome', 'OSX', '0', '登录成功', '2024-01-17 18:59:49');
INSERT INTO `sys_logininfor` (`info_id`, `user_name`, `ipaddr`, `login_location`, `browser`, `os`, `status`, `msg`, `login_time`) VALUES (1747866694738829313, 'admin', '0:0:0:0:0:0:0:1', '内网IP', 'Chrome', 'OSX', '0', '登录成功', '2024-01-18 14:21:08');
INSERT INTO `sys_logininfor` (`info_id`, `user_name`, `ipaddr`, `login_location`, `browser`, `os`, `status`, `msg`, `login_time`) VALUES (1747868547870482434, 'admin', '0:0:0:0:0:0:0:1', '内网IP', 'Chrome', 'OSX', '0', '退出成功', '2024-01-18 14:28:30');
INSERT INTO `sys_logininfor` (`info_id`, `user_name`, `ipaddr`, `login_location`, `browser`, `os`, `status`, `msg`, `login_time`) VALUES (1747868572587515906, 'admin', '0:0:0:0:0:0:0:1', '内网IP', 'Chrome', 'OSX', '0', '登录成功', '2024-01-18 14:28:36');
INSERT INTO `sys_logininfor` (`info_id`, `user_name`, `ipaddr`, `login_location`, `browser`, `os`, `status`, `msg`, `login_time`) VALUES (1747874222319136769, 'admin', '0:0:0:0:0:0:0:1', '内网IP', 'Chrome', 'OSX', '0', '登录成功', '2024-01-18 14:51:03');
INSERT INTO `sys_logininfor` (`info_id`, `user_name`, `ipaddr`, `login_location`, `browser`, `os`, `status`, `msg`, `login_time`) VALUES (1747879571868688386, 'admin', '0:0:0:0:0:0:0:1', '内网IP', 'Chrome', 'OSX', '0', '登录成功', '2024-01-18 15:12:19');
INSERT INTO `sys_logininfor` (`info_id`, `user_name`, `ipaddr`, `login_location`, `browser`, `os`, `status`, `msg`, `login_time`) VALUES (1747888972054708226, 'admin', '0:0:0:0:0:0:0:1', '内网IP', 'Chrome', 'OSX', '0', '退出成功', '2024-01-18 15:49:40');
INSERT INTO `sys_logininfor` (`info_id`, `user_name`, `ipaddr`, `login_location`, `browser`, `os`, `status`, `msg`, `login_time`) VALUES (1747888991419809793, 'admin', '0:0:0:0:0:0:0:1', '内网IP', 'Chrome', 'OSX', '0', '登录成功', '2024-01-18 15:49:44');
INSERT INTO `sys_logininfor` (`info_id`, `user_name`, `ipaddr`, `login_location`, `browser`, `os`, `status`, `msg`, `login_time`) VALUES (1747894591042142210, 'admin', '0:0:0:0:0:0:0:1', '内网IP', 'Chrome', 'OSX', '0', '登录成功', '2024-01-18 16:11:59');
INSERT INTO `sys_logininfor` (`info_id`, `user_name`, `ipaddr`, `login_location`, `browser`, `os`, `status`, `msg`, `login_time`) VALUES (1747903941232082945, 'admin', '0:0:0:0:0:0:0:1', '内网IP', 'Chrome', 'OSX', '0', '登录成功', '2024-01-18 16:49:09');
INSERT INTO `sys_logininfor` (`info_id`, `user_name`, `ipaddr`, `login_location`, `browser`, `os`, `status`, `msg`, `login_time`) VALUES (1747905577996304386, 'admin', '0:0:0:0:0:0:0:1', '内网IP', 'Chrome', 'OSX', '0', '登录成功', '2024-01-18 16:55:39');
INSERT INTO `sys_logininfor` (`info_id`, `user_name`, `ipaddr`, `login_location`, `browser`, `os`, `status`, `msg`, `login_time`) VALUES (1749423389453631489, 'admin', '0:0:0:0:0:0:0:1', '内网IP', 'Chrome', 'OSX', '0', '登录成功', '2024-01-22 21:26:53');
INSERT INTO `sys_logininfor` (`info_id`, `user_name`, `ipaddr`, `login_location`, `browser`, `os`, `status`, `msg`, `login_time`) VALUES (1750389343385907202, 'admin', '0:0:0:0:0:0:0:1', '内网IP', 'Chrome', 'OSX', '0', '登录成功', '2024-01-25 13:25:15');
INSERT INTO `sys_logininfor` (`info_id`, `user_name`, `ipaddr`, `login_location`, `browser`, `os`, `status`, `msg`, `login_time`) VALUES (1750393259351699457, 'admin', '0:0:0:0:0:0:0:1', '内网IP', 'Chrome', 'OSX', '0', '登录成功', '2024-01-25 13:40:48');
INSERT INTO `sys_logininfor` (`info_id`, `user_name`, `ipaddr`, `login_location`, `browser`, `os`, `status`, `msg`, `login_time`) VALUES (1750395330184441858, 'admin', '0:0:0:0:0:0:0:1', '内网IP', 'Chrome', 'OSX', '0', '登录成功', '2024-01-25 13:49:02');
INSERT INTO `sys_logininfor` (`info_id`, `user_name`, `ipaddr`, `login_location`, `browser`, `os`, `status`, `msg`, `login_time`) VALUES (1750402895047913474, 'admin', '0:0:0:0:0:0:0:1', '内网IP', 'Chrome', 'OSX', '0', '登录成功', '2024-01-25 14:19:06');
INSERT INTO `sys_logininfor` (`info_id`, `user_name`, `ipaddr`, `login_location`, `browser`, `os`, `status`, `msg`, `login_time`) VALUES (1750404599508144129, 'admin', '0:0:0:0:0:0:0:1', '内网IP', 'Chrome', 'OSX', '0', '退出成功', '2024-01-25 14:25:52');
INSERT INTO `sys_logininfor` (`info_id`, `user_name`, `ipaddr`, `login_location`, `browser`, `os`, `status`, `msg`, `login_time`) VALUES (1750404626141974530, 'admin', '0:0:0:0:0:0:0:1', '内网IP', 'Chrome', 'OSX', '1', '验证码已失效', '2024-01-25 14:25:58');
INSERT INTO `sys_logininfor` (`info_id`, `user_name`, `ipaddr`, `login_location`, `browser`, `os`, `status`, `msg`, `login_time`) VALUES (1750404646937333762, 'admin', '0:0:0:0:0:0:0:1', '内网IP', 'Chrome', 'OSX', '0', '登录成功', '2024-01-25 14:26:03');
INSERT INTO `sys_logininfor` (`info_id`, `user_name`, `ipaddr`, `login_location`, `browser`, `os`, `status`, `msg`, `login_time`) VALUES (1750408003148091394, 'admin', '0:0:0:0:0:0:0:1', '内网IP', 'Chrome', 'OSX', '0', '退出成功', '2024-01-25 14:39:24');
INSERT INTO `sys_logininfor` (`info_id`, `user_name`, `ipaddr`, `login_location`, `browser`, `os`, `status`, `msg`, `login_time`) VALUES (1750408021783384066, 'admin', '0:0:0:0:0:0:0:1', '内网IP', 'Chrome', 'OSX', '0', '登录成功', '2024-01-25 14:39:28');
INSERT INTO `sys_logininfor` (`info_id`, `user_name`, `ipaddr`, `login_location`, `browser`, `os`, `status`, `msg`, `login_time`) VALUES (1750704837854814209, 'admin', '0:0:0:0:0:0:0:1', '内网IP', 'Chrome', 'OSX', '0', '登录成功', '2024-01-26 10:18:55');
INSERT INTO `sys_logininfor` (`info_id`, `user_name`, `ipaddr`, `login_location`, `browser`, `os`, `status`, `msg`, `login_time`) VALUES (1750711765410570242, 'admin', '0:0:0:0:0:0:0:1', '内网IP', 'Chrome', 'OSX', '0', '登录成功', '2024-01-26 10:46:26');
INSERT INTO `sys_logininfor` (`info_id`, `user_name`, `ipaddr`, `login_location`, `browser`, `os`, `status`, `msg`, `login_time`) VALUES (1750748371857240066, 'admin', '0:0:0:0:0:0:0:1', '内网IP', 'Chrome', 'OSX', '0', '登录成功', '2024-01-26 13:11:54');
INSERT INTO `sys_logininfor` (`info_id`, `user_name`, `ipaddr`, `login_location`, `browser`, `os`, `status`, `msg`, `login_time`) VALUES (1750748398776283137, 'admin', '0:0:0:0:0:0:0:1', '内网IP', 'Chrome', 'OSX', '0', '退出成功', '2024-01-26 13:12:00');
INSERT INTO `sys_logininfor` (`info_id`, `user_name`, `ipaddr`, `login_location`, `browser`, `os`, `status`, `msg`, `login_time`) VALUES (1750749267454390274, 'admin', '0:0:0:0:0:0:0:1', '内网IP', 'Chrome', 'OSX', '1', '验证码已失效', '2024-01-26 13:15:27');
INSERT INTO `sys_logininfor` (`info_id`, `user_name`, `ipaddr`, `login_location`, `browser`, `os`, `status`, `msg`, `login_time`) VALUES (1750749284831391745, 'admin', '0:0:0:0:0:0:0:1', '内网IP', 'Chrome', 'OSX', '0', '登录成功', '2024-01-26 13:15:32');
INSERT INTO `sys_logininfor` (`info_id`, `user_name`, `ipaddr`, `login_location`, `browser`, `os`, `status`, `msg`, `login_time`) VALUES (1751213630535548930, 'admin', '0:0:0:0:0:0:0:1', '内网IP', 'Chrome', 'OSX', '0', '登录成功', '2024-01-27 20:00:40');
INSERT INTO `sys_logininfor` (`info_id`, `user_name`, `ipaddr`, `login_location`, `browser`, `os`, `status`, `msg`, `login_time`) VALUES (1751221354040180738, 'admin', '0:0:0:0:0:0:0:1', '内网IP', 'Chrome', 'OSX', '0', '登录成功', '2024-01-27 20:31:22');
INSERT INTO `sys_logininfor` (`info_id`, `user_name`, `ipaddr`, `login_location`, `browser`, `os`, `status`, `msg`, `login_time`) VALUES (1751814319074758657, 'admin', '0:0:0:0:0:0:0:1', '内网IP', 'Chrome', 'OSX', '0', '登录成功', '2024-01-29 11:47:35');
INSERT INTO `sys_logininfor` (`info_id`, `user_name`, `ipaddr`, `login_location`, `browser`, `os`, `status`, `msg`, `login_time`) VALUES (1751820902768906242, 'admin', '0:0:0:0:0:0:0:1', '内网IP', 'Chrome', 'OSX', '0', '登录成功', '2024-01-29 12:13:45');
INSERT INTO `sys_logininfor` (`info_id`, `user_name`, `ipaddr`, `login_location`, `browser`, `os`, `status`, `msg`, `login_time`) VALUES (1751827503357673474, 'admin', '0:0:0:0:0:0:0:1', '内网IP', 'Chrome', 'OSX', '0', '登录成功', '2024-01-29 12:39:59');
INSERT INTO `sys_logininfor` (`info_id`, `user_name`, `ipaddr`, `login_location`, `browser`, `os`, `status`, `msg`, `login_time`) VALUES (1751897294902693889, 'admin', '0:0:0:0:0:0:0:1', '内网IP', 'Chrome', 'OSX', '0', '登录成功', '2024-01-29 17:17:18');
INSERT INTO `sys_logininfor` (`info_id`, `user_name`, `ipaddr`, `login_location`, `browser`, `os`, `status`, `msg`, `login_time`) VALUES (1751900038904451073, 'admin', '0:0:0:0:0:0:0:1', '内网IP', 'Chrome', 'OSX', '0', '退出成功', '2024-01-29 17:28:13');
INSERT INTO `sys_logininfor` (`info_id`, `user_name`, `ipaddr`, `login_location`, `browser`, `os`, `status`, `msg`, `login_time`) VALUES (1751900134828183554, 'admin', '0:0:0:0:0:0:0:1', '内网IP', 'Chrome', 'OSX', '0', '登录成功', '2024-01-29 17:28:36');
INSERT INTO `sys_logininfor` (`info_id`, `user_name`, `ipaddr`, `login_location`, `browser`, `os`, `status`, `msg`, `login_time`) VALUES (1751901348416491522, 'admin', '0:0:0:0:0:0:0:1', '内网IP', 'Chrome', 'OSX', '0', '退出成功', '2024-01-29 17:33:25');
INSERT INTO `sys_logininfor` (`info_id`, `user_name`, `ipaddr`, `login_location`, `browser`, `os`, `status`, `msg`, `login_time`) VALUES (1751901781323190274, 'admin', '0:0:0:0:0:0:0:1', '内网IP', 'Chrome', 'OSX', '0', '登录成功', '2024-01-29 17:35:08');
INSERT INTO `sys_logininfor` (`info_id`, `user_name`, `ipaddr`, `login_location`, `browser`, `os`, `status`, `msg`, `login_time`) VALUES (1751904755197972481, 'admin', '0:0:0:0:0:0:0:1', '内网IP', 'Chrome', 'OSX', '0', '退出成功', '2024-01-29 17:46:57');
INSERT INTO `sys_logininfor` (`info_id`, `user_name`, `ipaddr`, `login_location`, `browser`, `os`, `status`, `msg`, `login_time`) VALUES (1751904774365941762, 'admin', '0:0:0:0:0:0:0:1', '内网IP', 'Chrome', 'OSX', '0', '登录成功', '2024-01-29 17:47:02');
INSERT INTO `sys_logininfor` (`info_id`, `user_name`, `ipaddr`, `login_location`, `browser`, `os`, `status`, `msg`, `login_time`) VALUES (1751910887920533505, 'admin', '0:0:0:0:0:0:0:1', '内网IP', 'Chrome', 'OSX', '0', '登录成功', '2024-01-29 18:11:19');
INSERT INTO `sys_logininfor` (`info_id`, `user_name`, `ipaddr`, `login_location`, `browser`, `os`, `status`, `msg`, `login_time`) VALUES (1751922522517237762, 'admin', '0:0:0:0:0:0:0:1', '内网IP', 'Chrome', 'OSX', '0', '登录成功', '2024-01-29 18:57:33');
INSERT INTO `sys_logininfor` (`info_id`, `user_name`, `ipaddr`, `login_location`, `browser`, `os`, `status`, `msg`, `login_time`) VALUES (1751932851930361858, 'admin', '0:0:0:0:0:0:0:1', '内网IP', 'Chrome', 'OSX', '0', '登录成功', '2024-01-29 19:38:36');
INSERT INTO `sys_logininfor` (`info_id`, `user_name`, `ipaddr`, `login_location`, `browser`, `os`, `status`, `msg`, `login_time`) VALUES (1751933338784198658, 'admin', '0:0:0:0:0:0:0:1', '内网IP', 'Chrome', 'OSX', '0', '退出成功', '2024-01-29 19:40:32');
INSERT INTO `sys_logininfor` (`info_id`, `user_name`, `ipaddr`, `login_location`, `browser`, `os`, `status`, `msg`, `login_time`) VALUES (1751933358849748994, 'admin', '0:0:0:0:0:0:0:1', '内网IP', 'Chrome', 'OSX', '0', '登录成功', '2024-01-29 19:40:37');
INSERT INTO `sys_logininfor` (`info_id`, `user_name`, `ipaddr`, `login_location`, `browser`, `os`, `status`, `msg`, `login_time`) VALUES (1751935437890744322, 'admin', '0:0:0:0:0:0:0:1', '内网IP', 'Chrome', 'OSX', '0', '退出成功', '2024-01-29 19:48:52');
INSERT INTO `sys_logininfor` (`info_id`, `user_name`, `ipaddr`, `login_location`, `browser`, `os`, `status`, `msg`, `login_time`) VALUES (1751935456731557889, 'admin', '0:0:0:0:0:0:0:1', '内网IP', 'Chrome', 'OSX', '0', '登录成功', '2024-01-29 19:48:57');
INSERT INTO `sys_logininfor` (`info_id`, `user_name`, `ipaddr`, `login_location`, `browser`, `os`, `status`, `msg`, `login_time`) VALUES (1751935829382885377, 'admin', '0:0:0:0:0:0:0:1', '内网IP', 'Chrome', 'OSX', '0', '登录成功', '2024-01-29 19:50:26');
INSERT INTO `sys_logininfor` (`info_id`, `user_name`, `ipaddr`, `login_location`, `browser`, `os`, `status`, `msg`, `login_time`) VALUES (1751936189128339457, 'admin', '0:0:0:0:0:0:0:1', '内网IP', 'Chrome', 'OSX', '0', '退出成功', '2024-01-29 19:51:52');
INSERT INTO `sys_logininfor` (`info_id`, `user_name`, `ipaddr`, `login_location`, `browser`, `os`, `status`, `msg`, `login_time`) VALUES (1751936213518217217, 'admin', '0:0:0:0:0:0:0:1', '内网IP', 'Chrome', 'OSX', '0', '登录成功', '2024-01-29 19:51:57');
INSERT INTO `sys_logininfor` (`info_id`, `user_name`, `ipaddr`, `login_location`, `browser`, `os`, `status`, `msg`, `login_time`) VALUES (1751955412655370242, 'admin', '0:0:0:0:0:0:0:1', '内网IP', 'Chrome', 'OSX', '0', '登录成功', '2024-01-29 21:08:15');
INSERT INTO `sys_logininfor` (`info_id`, `user_name`, `ipaddr`, `login_location`, `browser`, `os`, `status`, `msg`, `login_time`) VALUES (1759773145824600066, '苏柒', '127.0.0.1', '内网IP', 'Safari', 'OSX', '0', '登录成功', '2024-02-20 10:53:08');
INSERT INTO `sys_logininfor` (`info_id`, `user_name`, `ipaddr`, `login_location`, `browser`, `os`, `status`, `msg`, `login_time`) VALUES (1759773738467172354, '苏柒', '127.0.0.1', '内网IP', 'Safari', 'OSX', '0', '退出成功', '2024-02-20 10:55:29');
INSERT INTO `sys_logininfor` (`info_id`, `user_name`, `ipaddr`, `login_location`, `browser`, `os`, `status`, `msg`, `login_time`) VALUES (1759773796147240961, 'zs666', '127.0.0.1', '内网IP', 'Safari', 'OSX', '0', '登录成功', '2024-02-20 10:55:43');
INSERT INTO `sys_logininfor` (`info_id`, `user_name`, `ipaddr`, `login_location`, `browser`, `os`, `status`, `msg`, `login_time`) VALUES (1759780742917103618, 'zs666', '127.0.0.1', '内网IP', 'Safari', 'OSX', '0', '登录成功', '2024-02-20 11:23:19');
INSERT INTO `sys_logininfor` (`info_id`, `user_name`, `ipaddr`, `login_location`, `browser`, `os`, `status`, `msg`, `login_time`) VALUES (1759786266828054529, 'admin', '127.0.0.1', '内网IP', 'Safari', 'OSX', '0', '登录成功', '2024-02-20 11:45:16');
INSERT INTO `sys_logininfor` (`info_id`, `user_name`, `ipaddr`, `login_location`, `browser`, `os`, `status`, `msg`, `login_time`) VALUES (1759786334540898306, 'admin', '127.0.0.1', '内网IP', 'Safari', 'OSX', '0', '退出成功', '2024-02-20 11:45:32');
INSERT INTO `sys_logininfor` (`info_id`, `user_name`, `ipaddr`, `login_location`, `browser`, `os`, `status`, `msg`, `login_time`) VALUES (1759786375707992066, 'zs666', '127.0.0.1', '内网IP', 'Safari', 'OSX', '0', '登录成功', '2024-02-20 11:45:42');
INSERT INTO `sys_logininfor` (`info_id`, `user_name`, `ipaddr`, `login_location`, `browser`, `os`, `status`, `msg`, `login_time`) VALUES (1759786569497419777, 'zs666', '127.0.0.1', '内网IP', 'Safari', 'OSX', '0', '退出成功', '2024-02-20 11:46:28');
INSERT INTO `sys_logininfor` (`info_id`, `user_name`, `ipaddr`, `login_location`, `browser`, `os`, `status`, `msg`, `login_time`) VALUES (1759786615815118850, 'sudoctor', '127.0.0.1', '内网IP', 'Safari', 'OSX', '0', '登录成功', '2024-02-20 11:46:39');
INSERT INTO `sys_logininfor` (`info_id`, `user_name`, `ipaddr`, `login_location`, `browser`, `os`, `status`, `msg`, `login_time`) VALUES (1759791811974737922, 'sudoctor', '127.0.0.1', '内网IP', 'Safari', 'OSX', '0', '登录成功', '2024-02-20 12:07:18');
INSERT INTO `sys_logininfor` (`info_id`, `user_name`, `ipaddr`, `login_location`, `browser`, `os`, `status`, `msg`, `login_time`) VALUES (1759796023647350785, 'sudoctor', '127.0.0.1', '内网IP', 'Safari', 'OSX', '0', '退出成功', '2024-02-20 12:24:02');
INSERT INTO `sys_logininfor` (`info_id`, `user_name`, `ipaddr`, `login_location`, `browser`, `os`, `status`, `msg`, `login_time`) VALUES (1759796081709101058, 'zs666', '127.0.0.1', '内网IP', 'Safari', 'OSX', '1', '密码输入错误1次', '2024-02-20 12:24:16');
INSERT INTO `sys_logininfor` (`info_id`, `user_name`, `ipaddr`, `login_location`, `browser`, `os`, `status`, `msg`, `login_time`) VALUES (1759796154958426114, 'sudoctor', '127.0.0.1', '内网IP', 'Safari', 'OSX', '0', '登录成功', '2024-02-20 12:24:33');
INSERT INTO `sys_logininfor` (`info_id`, `user_name`, `ipaddr`, `login_location`, `browser`, `os`, `status`, `msg`, `login_time`) VALUES (1759796336672452609, 'sudoctor', '127.0.0.1', '内网IP', 'Safari', 'OSX', '0', '退出成功', '2024-02-20 12:25:17');
INSERT INTO `sys_logininfor` (`info_id`, `user_name`, `ipaddr`, `login_location`, `browser`, `os`, `status`, `msg`, `login_time`) VALUES (1759796375788531714, 'sudoctor', '127.0.0.1', '内网IP', 'Safari', 'OSX', '0', '登录成功', '2024-02-20 12:25:26');
INSERT INTO `sys_logininfor` (`info_id`, `user_name`, `ipaddr`, `login_location`, `browser`, `os`, `status`, `msg`, `login_time`) VALUES (1759797766519074817, 'zs666', '127.0.0.1', '内网IP', 'Chrome', 'OSX', '0', '登录成功', '2024-02-20 12:30:58');
INSERT INTO `sys_logininfor` (`info_id`, `user_name`, `ipaddr`, `login_location`, `browser`, `os`, `status`, `msg`, `login_time`) VALUES (1759809741798064130, 'admin', '127.0.0.1', '内网IP', 'Chrome', 'OSX', '0', '登录成功', '2024-02-20 13:18:33');
INSERT INTO `sys_logininfor` (`info_id`, `user_name`, `ipaddr`, `login_location`, `browser`, `os`, `status`, `msg`, `login_time`) VALUES (1759816204591333378, 'admin', '127.0.0.1', '内网IP', 'Chrome', 'OSX', '0', '登录成功', '2024-02-20 13:44:14');
INSERT INTO `sys_logininfor` (`info_id`, `user_name`, `ipaddr`, `login_location`, `browser`, `os`, `status`, `msg`, `login_time`) VALUES (1759816255178833922, 'admin', '127.0.0.1', '内网IP', 'Chrome', 'OSX', '0', '退出成功', '2024-02-20 13:44:26');
INSERT INTO `sys_logininfor` (`info_id`, `user_name`, `ipaddr`, `login_location`, `browser`, `os`, `status`, `msg`, `login_time`) VALUES (1759816404621885441, 'zs666', '127.0.0.1', '内网IP', 'Chrome', 'OSX', '0', '登录成功', '2024-02-20 13:45:01');
INSERT INTO `sys_logininfor` (`info_id`, `user_name`, `ipaddr`, `login_location`, `browser`, `os`, `status`, `msg`, `login_time`) VALUES (1759821476026204161, 'admin', '127.0.0.1', '内网IP', 'Chrome', 'OSX', '0', '登录成功', '2024-02-20 14:05:10');
INSERT INTO `sys_logininfor` (`info_id`, `user_name`, `ipaddr`, `login_location`, `browser`, `os`, `status`, `msg`, `login_time`) VALUES (1759821498541228034, 'admin', '127.0.0.1', '内网IP', 'Chrome', 'OSX', '0', '退出成功', '2024-02-20 14:05:16');
INSERT INTO `sys_logininfor` (`info_id`, `user_name`, `ipaddr`, `login_location`, `browser`, `os`, `status`, `msg`, `login_time`) VALUES (1759821525695152130, 'zs666', '127.0.0.1', '内网IP', 'Chrome', 'OSX', '0', '登录成功', '2024-02-20 14:05:22');
INSERT INTO `sys_logininfor` (`info_id`, `user_name`, `ipaddr`, `login_location`, `browser`, `os`, `status`, `msg`, `login_time`) VALUES (1759827442905956353, 'zs666', '127.0.0.1', '内网IP', 'Chrome', 'OSX', '1', '密码输入错误1次', '2024-02-20 14:28:53');
INSERT INTO `sys_logininfor` (`info_id`, `user_name`, `ipaddr`, `login_location`, `browser`, `os`, `status`, `msg`, `login_time`) VALUES (1759827475629916161, 'zs666', '127.0.0.1', '内网IP', 'Chrome', 'OSX', '0', '登录成功', '2024-02-20 14:29:01');
INSERT INTO `sys_logininfor` (`info_id`, `user_name`, `ipaddr`, `login_location`, `browser`, `os`, `status`, `msg`, `login_time`) VALUES (1759828474859929602, 'admin', '127.0.0.1', '内网IP', 'Chrome', 'OSX', '0', '登录成功', '2024-02-20 14:32:59');
INSERT INTO `sys_logininfor` (`info_id`, `user_name`, `ipaddr`, `login_location`, `browser`, `os`, `status`, `msg`, `login_time`) VALUES (1759828651259772929, 'zs666', '127.0.0.1', '内网IP', 'Chrome', 'OSX', '0', '登录成功', '2024-02-20 14:33:41');
INSERT INTO `sys_logininfor` (`info_id`, `user_name`, `ipaddr`, `login_location`, `browser`, `os`, `status`, `msg`, `login_time`) VALUES (1759829117116923905, 'zs666', '127.0.0.1', '内网IP', 'Chrome', 'OSX', '0', '登录成功', '2024-02-20 14:35:32');
INSERT INTO `sys_logininfor` (`info_id`, `user_name`, `ipaddr`, `login_location`, `browser`, `os`, `status`, `msg`, `login_time`) VALUES (1759831165925376002, 'zs666', '127.0.0.1', '内网IP', 'Chrome', 'OSX', '0', '登录成功', '2024-02-20 14:43:41');
INSERT INTO `sys_logininfor` (`info_id`, `user_name`, `ipaddr`, `login_location`, `browser`, `os`, `status`, `msg`, `login_time`) VALUES (1759833896123678721, 'zs666', '127.0.0.1', '内网IP', 'Chrome', 'OSX', '0', '登录成功', '2024-02-20 14:54:32');
INSERT INTO `sys_logininfor` (`info_id`, `user_name`, `ipaddr`, `login_location`, `browser`, `os`, `status`, `msg`, `login_time`) VALUES (1759834848171966465, 'zs666', '127.0.0.1', '内网IP', 'Chrome', 'OSX', '0', '登录成功', '2024-02-20 14:58:19');
INSERT INTO `sys_logininfor` (`info_id`, `user_name`, `ipaddr`, `login_location`, `browser`, `os`, `status`, `msg`, `login_time`) VALUES (1759843389205147649, 'zs666', '127.0.0.1', '内网IP', 'Chrome', 'OSX', '0', '登录成功', '2024-02-20 15:32:15');
INSERT INTO `sys_logininfor` (`info_id`, `user_name`, `ipaddr`, `login_location`, `browser`, `os`, `status`, `msg`, `login_time`) VALUES (1759853366464532481, 'zs666', '127.0.0.1', '内网IP', 'Chrome', 'OSX', '0', '登录成功', '2024-02-20 16:11:54');
INSERT INTO `sys_logininfor` (`info_id`, `user_name`, `ipaddr`, `login_location`, `browser`, `os`, `status`, `msg`, `login_time`) VALUES (1759854636994711554, 'sudoctor', '127.0.0.1', '内网IP', 'Safari', 'OSX', '0', '登录成功', '2024-02-20 16:16:57');
INSERT INTO `sys_logininfor` (`info_id`, `user_name`, `ipaddr`, `login_location`, `browser`, `os`, `status`, `msg`, `login_time`) VALUES (1759854758340120578, 'sudoctor', '127.0.0.1', '内网IP', 'Safari', 'OSX', '0', '退出成功', '2024-02-20 16:17:26');
INSERT INTO `sys_logininfor` (`info_id`, `user_name`, `ipaddr`, `login_location`, `browser`, `os`, `status`, `msg`, `login_time`) VALUES (1759854771174690818, 'admin', '127.0.0.1', '内网IP', 'Safari', 'OSX', '0', '登录成功', '2024-02-20 16:17:29');
INSERT INTO `sys_logininfor` (`info_id`, `user_name`, `ipaddr`, `login_location`, `browser`, `os`, `status`, `msg`, `login_time`) VALUES (1759854867224252418, 'zs666', '127.0.0.1', '内网IP', 'Chrome', 'OSX', '0', '退出成功', '2024-02-20 16:17:52');
INSERT INTO `sys_logininfor` (`info_id`, `user_name`, `ipaddr`, `login_location`, `browser`, `os`, `status`, `msg`, `login_time`) VALUES (1759854923046244353, 'sudoctor', '127.0.0.1', '内网IP', 'Chrome', 'OSX', '0', '登录成功', '2024-02-20 16:18:05');
INSERT INTO `sys_logininfor` (`info_id`, `user_name`, `ipaddr`, `login_location`, `browser`, `os`, `status`, `msg`, `login_time`) VALUES (1759859206768611330, 'sudoctor', '127.0.0.1', '内网IP', 'Chrome', 'OSX', '0', '登录成功', '2024-02-20 16:35:06');
INSERT INTO `sys_logininfor` (`info_id`, `user_name`, `ipaddr`, `login_location`, `browser`, `os`, `status`, `msg`, `login_time`) VALUES (1759862637533122561, 'sudoctor', '127.0.0.1', '内网IP', 'Chrome', 'OSX', '0', '登录成功', '2024-02-20 16:48:44');
INSERT INTO `sys_logininfor` (`info_id`, `user_name`, `ipaddr`, `login_location`, `browser`, `os`, `status`, `msg`, `login_time`) VALUES (1759865829511692289, 'sudoctor', '127.0.0.1', '内网IP', 'Chrome', 'OSX', '0', '登录成功', '2024-02-20 17:01:25');
INSERT INTO `sys_logininfor` (`info_id`, `user_name`, `ipaddr`, `login_location`, `browser`, `os`, `status`, `msg`, `login_time`) VALUES (1759866132382384130, 'admin', '127.0.0.1', '内网IP', 'Safari', 'OSX', '0', '登录成功', '2024-02-20 17:02:37');
INSERT INTO `sys_logininfor` (`info_id`, `user_name`, `ipaddr`, `login_location`, `browser`, `os`, `status`, `msg`, `login_time`) VALUES (1759870203893993474, 'zs666', '127.0.0.1', '内网IP', 'Chrome', 'OSX', '0', '登录成功', '2024-02-20 17:18:48');
INSERT INTO `sys_logininfor` (`info_id`, `user_name`, `ipaddr`, `login_location`, `browser`, `os`, `status`, `msg`, `login_time`) VALUES (1759891546073006081, 'sudoctor', '127.0.0.1', '内网IP', 'Chrome', 'OSX', '0', '登录成功', '2024-02-20 18:43:36');
INSERT INTO `sys_logininfor` (`info_id`, `user_name`, `ipaddr`, `login_location`, `browser`, `os`, `status`, `msg`, `login_time`) VALUES (1759900285882634241, 'zs666', '127.0.0.1', '内网IP', 'Chrome', 'OSX', '0', '登录成功', '2024-02-20 19:18:20');
INSERT INTO `sys_logininfor` (`info_id`, `user_name`, `ipaddr`, `login_location`, `browser`, `os`, `status`, `msg`, `login_time`) VALUES (1759900861706047489, 'zs666', '127.0.0.1', '内网IP', 'Chrome', 'OSX', '0', '退出成功', '2024-02-20 19:20:37');
INSERT INTO `sys_logininfor` (`info_id`, `user_name`, `ipaddr`, `login_location`, `browser`, `os`, `status`, `msg`, `login_time`) VALUES (1759900887182249985, 'sudoctor', '127.0.0.1', '内网IP', 'Chrome', 'OSX', '0', '登录成功', '2024-02-20 19:20:44');
INSERT INTO `sys_logininfor` (`info_id`, `user_name`, `ipaddr`, `login_location`, `browser`, `os`, `status`, `msg`, `login_time`) VALUES (1759903761454895106, 'sudoctor', '127.0.0.1', '内网IP', 'Chrome', 'OSX', '0', '登录成功', '2024-02-20 19:32:09');
INSERT INTO `sys_logininfor` (`info_id`, `user_name`, `ipaddr`, `login_location`, `browser`, `os`, `status`, `msg`, `login_time`) VALUES (1759913647194603522, 'zs666', '127.0.0.1', '内网IP', 'Chrome', 'OSX', '0', '登录成功', '2024-02-20 20:11:26');
INSERT INTO `sys_logininfor` (`info_id`, `user_name`, `ipaddr`, `login_location`, `browser`, `os`, `status`, `msg`, `login_time`) VALUES (1759916869816762369, 'zs666', '127.0.0.1', '内网IP', 'Safari', 'OSX', '0', '登录成功', '2024-02-20 20:24:14');
INSERT INTO `sys_logininfor` (`info_id`, `user_name`, `ipaddr`, `login_location`, `browser`, `os`, `status`, `msg`, `login_time`) VALUES (1759927752353726465, 'sudoctor', '127.0.0.1', '内网IP', 'Safari', 'OSX', '0', '登录成功', '2024-02-20 21:07:29');
INSERT INTO `sys_logininfor` (`info_id`, `user_name`, `ipaddr`, `login_location`, `browser`, `os`, `status`, `msg`, `login_time`) VALUES (1759929598891847682, 'zs666', '127.0.0.1', '内网IP', 'Chrome', 'OSX', '0', '登录成功', '2024-02-20 21:14:49');
INSERT INTO `sys_logininfor` (`info_id`, `user_name`, `ipaddr`, `login_location`, `browser`, `os`, `status`, `msg`, `login_time`) VALUES (1759930768775507969, 'zs666', '127.0.0.1', '内网IP', 'Chrome', 'OSX', '0', '退出成功', '2024-02-20 21:19:28');
INSERT INTO `sys_logininfor` (`info_id`, `user_name`, `ipaddr`, `login_location`, `browser`, `os`, `status`, `msg`, `login_time`) VALUES (1759930805018488833, 'admin', '127.0.0.1', '内网IP', 'Chrome', 'OSX', '0', '登录成功', '2024-02-20 21:19:37');
INSERT INTO `sys_logininfor` (`info_id`, `user_name`, `ipaddr`, `login_location`, `browser`, `os`, `status`, `msg`, `login_time`) VALUES (1759932780556644353, 'sudoctor', '127.0.0.1', '内网IP', 'Chrome', 'OSX', '0', '登录成功', '2024-02-20 21:27:28');
INSERT INTO `sys_logininfor` (`info_id`, `user_name`, `ipaddr`, `login_location`, `browser`, `os`, `status`, `msg`, `login_time`) VALUES (1759933001621630978, 'sudoctor', '127.0.0.1', '内网IP', 'Chrome', 'OSX', '0', '退出成功', '2024-02-20 21:28:20');
INSERT INTO `sys_logininfor` (`info_id`, `user_name`, `ipaddr`, `login_location`, `browser`, `os`, `status`, `msg`, `login_time`) VALUES (1759933036992196609, 'sudoctor', '127.0.0.1', '内网IP', 'Chrome', 'OSX', '0', '登录成功', '2024-02-20 21:28:29');
INSERT INTO `sys_logininfor` (`info_id`, `user_name`, `ipaddr`, `login_location`, `browser`, `os`, `status`, `msg`, `login_time`) VALUES (1759935039092879362, 'sudoctor', '127.0.0.1', '内网IP', 'Chrome', 'OSX', '0', '登录成功', '2024-02-20 21:36:26');
INSERT INTO `sys_logininfor` (`info_id`, `user_name`, `ipaddr`, `login_location`, `browser`, `os`, `status`, `msg`, `login_time`) VALUES (1759935558175752194, 'admin', '127.0.0.1', '内网IP', 'Chrome', 'OSX', '0', '登录成功', '2024-02-20 21:38:30');
INSERT INTO `sys_logininfor` (`info_id`, `user_name`, `ipaddr`, `login_location`, `browser`, `os`, `status`, `msg`, `login_time`) VALUES (1759945670177144833, 'zs666', '127.0.0.1', '内网IP', 'Chrome', 'OSX', '0', '登录成功', '2024-02-20 22:18:41');
INSERT INTO `sys_logininfor` (`info_id`, `user_name`, `ipaddr`, `login_location`, `browser`, `os`, `status`, `msg`, `login_time`) VALUES (1759945730558345218, 'zs666', '127.0.0.1', '内网IP', 'Chrome', 'OSX', '0', '退出成功', '2024-02-20 22:18:55');
INSERT INTO `sys_logininfor` (`info_id`, `user_name`, `ipaddr`, `login_location`, `browser`, `os`, `status`, `msg`, `login_time`) VALUES (1759945753652183042, 'admin', '127.0.0.1', '内网IP', 'Chrome', 'OSX', '0', '登录成功', '2024-02-20 22:19:01');
INSERT INTO `sys_logininfor` (`info_id`, `user_name`, `ipaddr`, `login_location`, `browser`, `os`, `status`, `msg`, `login_time`) VALUES (1759945826020704258, 'admin', '127.0.0.1', '内网IP', 'Chrome', 'OSX', '0', '退出成功', '2024-02-20 22:19:18');
INSERT INTO `sys_logininfor` (`info_id`, `user_name`, `ipaddr`, `login_location`, `browser`, `os`, `status`, `msg`, `login_time`) VALUES (1759946532563795970, 'zs666', '127.0.0.1', '内网IP', 'Chrome', 'OSX', '0', '登录成功', '2024-02-20 22:22:06');
INSERT INTO `sys_logininfor` (`info_id`, `user_name`, `ipaddr`, `login_location`, `browser`, `os`, `status`, `msg`, `login_time`) VALUES (1760206479331516417, 'admin', '127.0.0.1', '内网IP', 'Chrome', 'OSX', '0', '登录成功', '2024-02-21 15:35:02');
INSERT INTO `sys_logininfor` (`info_id`, `user_name`, `ipaddr`, `login_location`, `browser`, `os`, `status`, `msg`, `login_time`) VALUES (1760207212625879042, 'admin', '127.0.0.1', '内网IP', 'Chrome', 'OSX', '0', '退出成功', '2024-02-21 15:37:57');
INSERT INTO `sys_logininfor` (`info_id`, `user_name`, `ipaddr`, `login_location`, `browser`, `os`, `status`, `msg`, `login_time`) VALUES (1760207253776195586, 'ww123', '127.0.0.1', '内网IP', 'Chrome', 'OSX', '0', '注册成功', '2024-02-21 15:38:07');
INSERT INTO `sys_logininfor` (`info_id`, `user_name`, `ipaddr`, `login_location`, `browser`, `os`, `status`, `msg`, `login_time`) VALUES (1760207290895785985, 'ww123', '127.0.0.1', '内网IP', 'Chrome', 'OSX', '0', '登录成功', '2024-02-21 15:38:16');
INSERT INTO `sys_logininfor` (`info_id`, `user_name`, `ipaddr`, `login_location`, `browser`, `os`, `status`, `msg`, `login_time`) VALUES (1760209121663344642, 'ww123', '127.0.0.1', '内网IP', 'Chrome', 'OSX', '0', '退出成功', '2024-02-21 15:45:32');
INSERT INTO `sys_logininfor` (`info_id`, `user_name`, `ipaddr`, `login_location`, `browser`, `os`, `status`, `msg`, `login_time`) VALUES (1760209170388574209, 'sudoctor', '127.0.0.1', '内网IP', 'Chrome', 'OSX', '0', '登录成功', '2024-02-21 15:45:44');
INSERT INTO `sys_logininfor` (`info_id`, `user_name`, `ipaddr`, `login_location`, `browser`, `os`, `status`, `msg`, `login_time`) VALUES (1760209359320997890, 'sudoctor', '127.0.0.1', '内网IP', 'Chrome', 'OSX', '0', '退出成功', '2024-02-21 15:46:29');
INSERT INTO `sys_logininfor` (`info_id`, `user_name`, `ipaddr`, `login_location`, `browser`, `os`, `status`, `msg`, `login_time`) VALUES (1760209390220435458, 'admin', '127.0.0.1', '内网IP', 'Chrome', 'OSX', '0', '登录成功', '2024-02-21 15:46:36');
INSERT INTO `sys_logininfor` (`info_id`, `user_name`, `ipaddr`, `login_location`, `browser`, `os`, `status`, `msg`, `login_time`) VALUES (1760210021140226049, 'admin', '127.0.0.1', '内网IP', 'Chrome', 'OSX', '0', '退出成功', '2024-02-21 15:49:07');
INSERT INTO `sys_logininfor` (`info_id`, `user_name`, `ipaddr`, `login_location`, `browser`, `os`, `status`, `msg`, `login_time`) VALUES (1760210121715441665, 'ww123', '127.0.0.1', '内网IP', 'Chrome', 'OSX', '0', '登录成功', '2024-02-21 15:49:31');
INSERT INTO `sys_logininfor` (`info_id`, `user_name`, `ipaddr`, `login_location`, `browser`, `os`, `status`, `msg`, `login_time`) VALUES (1760210332663767041, 'ww123', '127.0.0.1', '内网IP', 'Chrome', 'OSX', '0', '退出成功', '2024-02-21 15:50:21');
INSERT INTO `sys_logininfor` (`info_id`, `user_name`, `ipaddr`, `login_location`, `browser`, `os`, `status`, `msg`, `login_time`) VALUES (1760210402788335617, 'ww123', '127.0.0.1', '内网IP', 'Chrome', 'OSX', '0', '登录成功', '2024-02-21 15:50:38');
INSERT INTO `sys_logininfor` (`info_id`, `user_name`, `ipaddr`, `login_location`, `browser`, `os`, `status`, `msg`, `login_time`) VALUES (1760210844511395842, 'ww123', '127.0.0.1', '内网IP', 'Chrome', 'OSX', '0', '退出成功', '2024-02-21 15:52:23');
INSERT INTO `sys_logininfor` (`info_id`, `user_name`, `ipaddr`, `login_location`, `browser`, `os`, `status`, `msg`, `login_time`) VALUES (1760210903978237953, 'test123', '127.0.0.1', '内网IP', 'Chrome', 'OSX', '0', '注册成功', '2024-02-21 15:52:37');
INSERT INTO `sys_logininfor` (`info_id`, `user_name`, `ipaddr`, `login_location`, `browser`, `os`, `status`, `msg`, `login_time`) VALUES (1760211034299457538, 'test123', '127.0.0.1', '内网IP', 'Chrome', 'OSX', '0', '登录成功', '2024-02-21 15:53:08');
INSERT INTO `sys_logininfor` (`info_id`, `user_name`, `ipaddr`, `login_location`, `browser`, `os`, `status`, `msg`, `login_time`) VALUES (1760211053387735041, 'test123', '127.0.0.1', '内网IP', 'Chrome', 'OSX', '0', '登录成功', '2024-02-21 15:53:13');
COMMIT;

-- ----------------------------
-- Table structure for sys_menu
-- ----------------------------
DROP TABLE IF EXISTS `sys_menu`;
CREATE TABLE `sys_menu` (
  `menu_id` bigint NOT NULL COMMENT '菜单ID',
  `menu_name` varchar(50) COLLATE utf8mb4_general_ci NOT NULL COMMENT '菜单名称',
  `parent_id` bigint DEFAULT '0' COMMENT '父菜单ID',
  `order_num` int DEFAULT '0' COMMENT '显示顺序',
  `path` varchar(200) COLLATE utf8mb4_general_ci DEFAULT '' COMMENT '路由地址',
  `component` varchar(255) COLLATE utf8mb4_general_ci DEFAULT NULL COMMENT '组件路径',
  `query_param` varchar(255) COLLATE utf8mb4_general_ci DEFAULT NULL COMMENT '路由参数',
  `is_frame` int DEFAULT '1' COMMENT '是否为外链（0是 1否）',
  `is_cache` int DEFAULT '0' COMMENT '是否缓存（0缓存 1不缓存）',
  `menu_type` char(1) COLLATE utf8mb4_general_ci DEFAULT '' COMMENT '菜单类型（M目录 C菜单 F按钮）',
  `visible` char(1) COLLATE utf8mb4_general_ci DEFAULT '0' COMMENT '显示状态（0显示 1隐藏）',
  `status` char(1) COLLATE utf8mb4_general_ci DEFAULT '0' COMMENT '菜单状态（0正常 1停用）',
  `perms` varchar(100) COLLATE utf8mb4_general_ci DEFAULT NULL COMMENT '权限标识',
  `icon` varchar(100) COLLATE utf8mb4_general_ci DEFAULT '#' COMMENT '菜单图标',
  `create_by` varchar(64) COLLATE utf8mb4_general_ci DEFAULT '' COMMENT '创建者',
  `create_time` datetime DEFAULT NULL COMMENT '创建时间',
  `update_by` varchar(64) COLLATE utf8mb4_general_ci DEFAULT '' COMMENT '更新者',
  `update_time` datetime DEFAULT NULL COMMENT '更新时间',
  `remark` varchar(500) COLLATE utf8mb4_general_ci DEFAULT '' COMMENT '备注',
  PRIMARY KEY (`menu_id`)
) ENGINE=InnoDB DEFAULT CHARSET=utf8mb4 COLLATE=utf8mb4_general_ci COMMENT='菜单权限表';

-- ----------------------------
-- Records of sys_menu
-- ----------------------------
BEGIN;
INSERT INTO `sys_menu` (`menu_id`, `menu_name`, `parent_id`, `order_num`, `path`, `component`, `query_param`, `is_frame`, `is_cache`, `menu_type`, `visible`, `status`, `perms`, `icon`, `create_by`, `create_time`, `update_by`, `update_time`, `remark`) VALUES (1, '系统管理', 0, 1, 'system', NULL, '', 1, 0, 'M', '0', '0', '', 'system', 'admin', '2024-01-17 17:51:53', '', NULL, '系统管理目录');
INSERT INTO `sys_menu` (`menu_id`, `menu_name`, `parent_id`, `order_num`, `path`, `component`, `query_param`, `is_frame`, `is_cache`, `menu_type`, `visible`, `status`, `perms`, `icon`, `create_by`, `create_time`, `update_by`, `update_time`, `remark`) VALUES (2, '系统监控', 0, 7, 'monitor', NULL, '', 1, 0, 'M', '1', '0', '', 'monitor', 'admin', '2024-01-17 17:51:53', 'admin', '2024-02-21 15:37:09', '系统监控目录');
INSERT INTO `sys_menu` (`menu_id`, `menu_name`, `parent_id`, `order_num`, `path`, `component`, `query_param`, `is_frame`, `is_cache`, `menu_type`, `visible`, `status`, `perms`, `icon`, `create_by`, `create_time`, `update_by`, `update_time`, `remark`) VALUES (3, '系统工具', 0, 8, 'tool', NULL, '', 1, 0, 'M', '1', '0', '', 'tool', 'admin', '2024-01-17 17:51:53', '', NULL, '系统工具目录');
INSERT INTO `sys_menu` (`menu_id`, `menu_name`, `parent_id`, `order_num`, `path`, `component`, `query_param`, `is_frame`, `is_cache`, `menu_type`, `visible`, `status`, `perms`, `icon`, `create_by`, `create_time`, `update_by`, `update_time`, `remark`) VALUES (5, '疫苗管理', 0, 2, 'vaccine', NULL, '', 1, 0, 'M', '0', '0', 'vaccine:vaccine:list', 'guide', 'admin', '2024-01-17 18:21:29', '', NULL, '疫苗预约管理目录');
INSERT INTO `sys_menu` (`menu_id`, `menu_name`, `parent_id`, `order_num`, `path`, `component`, `query_param`, `is_frame`, `is_cache`, `menu_type`, `visible`, `status`, `perms`, `icon`, `create_by`, `create_time`, `update_by`, `update_time`, `remark`) VALUES (6, '预约功能', 0, 3, 'appoint', '', '', 1, 0, 'M', '0', '0', '', 'tool', 'admin', '2024-01-17 18:21:29', '', NULL, '疫苗预约目录');
INSERT INTO `sys_menu` (`menu_id`, `menu_name`, `parent_id`, `order_num`, `path`, `component`, `query_param`, `is_frame`, `is_cache`, `menu_type`, `visible`, `status`, `perms`, `icon`, `create_by`, `create_time`, `update_by`, `update_time`, `remark`) VALUES (7, '接种记录', 0, 6, 'inoculate', 'vaccine/inoculate/index', '', 1, 0, 'C', '0', '0', 'vaccine:inoculate:list', 'people', 'admin', '2024-01-17 18:21:29', 'admin', '2024-02-20 21:23:37', '疫苗接种记录菜单');
INSERT INTO `sys_menu` (`menu_id`, `menu_name`, `parent_id`, `order_num`, `path`, `component`, `query_param`, `is_frame`, `is_cache`, `menu_type`, `visible`, `status`, `perms`, `icon`, `create_by`, `create_time`, `update_by`, `update_time`, `remark`) VALUES (8, '预约订单', 0, 4, 'orders', 'vaccine/orders/index', '', 1, 0, 'C', '0', '0', 'vaccine:orders:list', 'money', 'admin', '2024-02-19 19:29:53', '', NULL, '订单管理菜单');
INSERT INTO `sys_menu` (`menu_id`, `menu_name`, `parent_id`, `order_num`, `path`, `component`, `query_param`, `is_frame`, `is_cache`, `menu_type`, `visible`, `status`, `perms`, `icon`, `create_by`, `create_time`, `update_by`, `update_time`, `remark`) VALUES (9, '接种汇总', 0, 9, 'inoculates', 'vaccine/inoculates/index', '', 1, 0, 'C', '0', '0', 'vaccine:inoculate:list', 'chart', 'admin', '2024-01-17 18:21:29', 'admin', '2024-02-20 21:23:50', '总接种记录');
INSERT INTO `sys_menu` (`menu_id`, `menu_name`, `parent_id`, `order_num`, `path`, `component`, `query_param`, `is_frame`, `is_cache`, `menu_type`, `visible`, `status`, `perms`, `icon`, `create_by`, `create_time`, `update_by`, `update_time`, `remark`) VALUES (51, '疫苗信息管理查询', 5, 1, '#', '', NULL, 1, 0, 'F', '0', '0', 'vaccine:vaccine:query', '#', 'admin', '2024-02-20 12:06:17', '', NULL, '');
INSERT INTO `sys_menu` (`menu_id`, `menu_name`, `parent_id`, `order_num`, `path`, `component`, `query_param`, `is_frame`, `is_cache`, `menu_type`, `visible`, `status`, `perms`, `icon`, `create_by`, `create_time`, `update_by`, `update_time`, `remark`) VALUES (52, '疫苗信息管理新增', 5, 2, '#', '', NULL, 1, 0, 'F', '0', '0', 'vaccine:vaccine:add', '#', 'admin', '2024-02-20 12:06:18', '', NULL, '');
INSERT INTO `sys_menu` (`menu_id`, `menu_name`, `parent_id`, `order_num`, `path`, `component`, `query_param`, `is_frame`, `is_cache`, `menu_type`, `visible`, `status`, `perms`, `icon`, `create_by`, `create_time`, `update_by`, `update_time`, `remark`) VALUES (53, '疫苗信息管理修改', 5, 3, '#', '', NULL, 1, 0, 'F', '0', '0', 'vaccine:vaccine:edit', '#', 'admin', '2024-02-20 12:06:18', '', NULL, '');
INSERT INTO `sys_menu` (`menu_id`, `menu_name`, `parent_id`, `order_num`, `path`, `component`, `query_param`, `is_frame`, `is_cache`, `menu_type`, `visible`, `status`, `perms`, `icon`, `create_by`, `create_time`, `update_by`, `update_time`, `remark`) VALUES (54, '疫苗信息管理删除', 5, 4, '#', '', NULL, 1, 0, 'F', '0', '0', 'vaccine:vaccine:remove', '#', 'admin', '2024-02-20 12:06:18', '', NULL, '');
INSERT INTO `sys_menu` (`menu_id`, `menu_name`, `parent_id`, `order_num`, `path`, `component`, `query_param`, `is_frame`, `is_cache`, `menu_type`, `visible`, `status`, `perms`, `icon`, `create_by`, `create_time`, `update_by`, `update_time`, `remark`) VALUES (55, '疫苗信息管理导出', 5, 5, '#', '', NULL, 1, 0, 'F', '0', '0', 'vaccine:vaccine:export', '#', 'admin', '2024-02-20 12:06:18', '', NULL, '');
INSERT INTO `sys_menu` (`menu_id`, `menu_name`, `parent_id`, `order_num`, `path`, `component`, `query_param`, `is_frame`, `is_cache`, `menu_type`, `visible`, `status`, `perms`, `icon`, `create_by`, `create_time`, `update_by`, `update_time`, `remark`) VALUES (100, '用户管理', 1, 1, 'user', 'system/user/index', '', 1, 0, 'C', '0', '0', 'system:user:list', 'user', 'admin', '2024-01-17 17:51:53', '', NULL, '用户管理菜单');
INSERT INTO `sys_menu` (`menu_id`, `menu_name`, `parent_id`, `order_num`, `path`, `component`, `query_param`, `is_frame`, `is_cache`, `menu_type`, `visible`, `status`, `perms`, `icon`, `create_by`, `create_time`, `update_by`, `update_time`, `remark`) VALUES (101, '角色管理', 1, 2, 'role', 'system/role/index', '', 1, 0, 'C', '0', '0', 'system:role:list', 'peoples', 'admin', '2024-01-17 17:51:53', '', NULL, '角色管理菜单');
INSERT INTO `sys_menu` (`menu_id`, `menu_name`, `parent_id`, `order_num`, `path`, `component`, `query_param`, `is_frame`, `is_cache`, `menu_type`, `visible`, `status`, `perms`, `icon`, `create_by`, `create_time`, `update_by`, `update_time`, `remark`) VALUES (102, '菜单管理', 1, 3, 'menu', 'system/menu/index', '', 1, 0, 'C', '0', '0', 'system:menu:list', 'tree-table', 'admin', '2024-01-17 17:51:53', '', NULL, '菜单管理菜单');
INSERT INTO `sys_menu` (`menu_id`, `menu_name`, `parent_id`, `order_num`, `path`, `component`, `query_param`, `is_frame`, `is_cache`, `menu_type`, `visible`, `status`, `perms`, `icon`, `create_by`, `create_time`, `update_by`, `update_time`, `remark`) VALUES (103, '部门管理', 1, 4, 'dept', 'system/dept/index', '', 1, 0, 'C', '1', '0', 'system:dept:list', 'tree', 'admin', '2024-01-17 17:51:53', '', NULL, '部门管理菜单');
INSERT INTO `sys_menu` (`menu_id`, `menu_name`, `parent_id`, `order_num`, `path`, `component`, `query_param`, `is_frame`, `is_cache`, `menu_type`, `visible`, `status`, `perms`, `icon`, `create_by`, `create_time`, `update_by`, `update_time`, `remark`) VALUES (104, '岗位管理', 1, 5, 'post', 'system/post/index', '', 1, 0, 'C', '1', '0', 'system:post:list', 'post', 'admin', '2024-01-17 17:51:53', '', NULL, '岗位管理菜单');
INSERT INTO `sys_menu` (`menu_id`, `menu_name`, `parent_id`, `order_num`, `path`, `component`, `query_param`, `is_frame`, `is_cache`, `menu_type`, `visible`, `status`, `perms`, `icon`, `create_by`, `create_time`, `update_by`, `update_time`, `remark`) VALUES (105, '字典管理', 1, 6, 'dict', 'system/dict/index', '', 1, 0, 'C', '1', '0', 'system:dict:list', 'dict', 'admin', '2024-01-17 17:51:53', '', NULL, '字典管理菜单');
INSERT INTO `sys_menu` (`menu_id`, `menu_name`, `parent_id`, `order_num`, `path`, `component`, `query_param`, `is_frame`, `is_cache`, `menu_type`, `visible`, `status`, `perms`, `icon`, `create_by`, `create_time`, `update_by`, `update_time`, `remark`) VALUES (106, '参数设置', 1, 7, 'config', 'system/config/index', '', 1, 0, 'C', '1', '0', 'system:config:list', 'edit', 'admin', '2024-01-17 17:51:53', '', NULL, '参数设置菜单');
INSERT INTO `sys_menu` (`menu_id`, `menu_name`, `parent_id`, `order_num`, `path`, `component`, `query_param`, `is_frame`, `is_cache`, `menu_type`, `visible`, `status`, `perms`, `icon`, `create_by`, `create_time`, `update_by`, `update_time`, `remark`) VALUES (107, '通知公告', 1, 8, 'notice', 'system/notice/index', '', 1, 0, 'C', '1', '0', 'system:notice:list', 'message', 'admin', '2024-01-17 17:51:53', '', NULL, '通知公告菜单');
INSERT INTO `sys_menu` (`menu_id`, `menu_name`, `parent_id`, `order_num`, `path`, `component`, `query_param`, `is_frame`, `is_cache`, `menu_type`, `visible`, `status`, `perms`, `icon`, `create_by`, `create_time`, `update_by`, `update_time`, `remark`) VALUES (108, '日志管理', 1, 9, 'log', '', '', 1, 0, 'M', '1', '0', '', 'log', 'admin', '2024-01-17 17:51:53', '', NULL, '日志管理菜单');
INSERT INTO `sys_menu` (`menu_id`, `menu_name`, `parent_id`, `order_num`, `path`, `component`, `query_param`, `is_frame`, `is_cache`, `menu_type`, `visible`, `status`, `perms`, `icon`, `create_by`, `create_time`, `update_by`, `update_time`, `remark`) VALUES (109, '在线用户', 2, 1, 'online', 'monitor/online/index', '', 1, 0, 'C', '1', '0', 'monitor:online:list', 'online', 'admin', '2024-01-17 17:51:53', '', NULL, '在线用户菜单');
INSERT INTO `sys_menu` (`menu_id`, `menu_name`, `parent_id`, `order_num`, `path`, `component`, `query_param`, `is_frame`, `is_cache`, `menu_type`, `visible`, `status`, `perms`, `icon`, `create_by`, `create_time`, `update_by`, `update_time`, `remark`) VALUES (112, '缓存列表', 2, 6, 'cacheList', 'monitor/cache/list', '', 1, 0, 'C', '1', '0', 'monitor:cache:list', 'redis-list', 'admin', '2024-01-17 17:51:53', '', NULL, '缓存列表菜单');
INSERT INTO `sys_menu` (`menu_id`, `menu_name`, `parent_id`, `order_num`, `path`, `component`, `query_param`, `is_frame`, `is_cache`, `menu_type`, `visible`, `status`, `perms`, `icon`, `create_by`, `create_time`, `update_by`, `update_time`, `remark`) VALUES (113, '缓存监控', 2, 5, 'cache', 'monitor/cache/index', '', 1, 0, 'C', '1', '0', 'monitor:cache:list', 'redis', 'admin', '2024-01-17 17:51:53', '', NULL, '缓存监控菜单');
INSERT INTO `sys_menu` (`menu_id`, `menu_name`, `parent_id`, `order_num`, `path`, `component`, `query_param`, `is_frame`, `is_cache`, `menu_type`, `visible`, `status`, `perms`, `icon`, `create_by`, `create_time`, `update_by`, `update_time`, `remark`) VALUES (114, '表单构建', 3, 1, 'build', 'tool/build/index', '', 1, 0, 'C', '1', '0', 'tool:build:list', 'build', 'admin', '2024-01-17 17:51:53', '', NULL, '表单构建菜单');
INSERT INTO `sys_menu` (`menu_id`, `menu_name`, `parent_id`, `order_num`, `path`, `component`, `query_param`, `is_frame`, `is_cache`, `menu_type`, `visible`, `status`, `perms`, `icon`, `create_by`, `create_time`, `update_by`, `update_time`, `remark`) VALUES (115, '代码生成', 3, 2, 'gen', 'tool/gen/index', '', 1, 0, 'C', '1', '0', 'tool:gen:list', 'code', 'admin', '2024-01-17 17:51:53', '', NULL, '代码生成菜单');
INSERT INTO `sys_menu` (`menu_id`, `menu_name`, `parent_id`, `order_num`, `path`, `component`, `query_param`, `is_frame`, `is_cache`, `menu_type`, `visible`, `status`, `perms`, `icon`, `create_by`, `create_time`, `update_by`, `update_time`, `remark`) VALUES (118, '文件管理', 1, 10, 'oss', 'system/oss/index', '', 1, 0, 'C', '1', '0', 'system:oss:list', 'upload', 'admin', '2024-01-17 17:51:53', '', NULL, '文件管理菜单');
INSERT INTO `sys_menu` (`menu_id`, `menu_name`, `parent_id`, `order_num`, `path`, `component`, `query_param`, `is_frame`, `is_cache`, `menu_type`, `visible`, `status`, `perms`, `icon`, `create_by`, `create_time`, `update_by`, `update_time`, `remark`) VALUES (121, '疫苗信息', 5, 1, 'vaccine', 'vaccine/vaccine/index', '', 1, 0, 'C', '0', '0', '', 'documentation', 'admin', '2024-01-17 18:23:19', 'admin', '2024-01-30 13:01:19', '疫苗信息管理菜单');
INSERT INTO `sys_menu` (`menu_id`, `menu_name`, `parent_id`, `order_num`, `path`, `component`, `query_param`, `is_frame`, `is_cache`, `menu_type`, `visible`, `status`, `perms`, `icon`, `create_by`, `create_time`, `update_by`, `update_time`, `remark`) VALUES (122, '接种站点管理', 5, 2, 'inoculateSite', 'vaccine/inoculateSite/index', NULL, 1, 0, 'C', '0', '0', 'vaccine:inoculateSite:list', 'table', 'admin', '2024-02-19 19:23:48', 'admin', '2024-02-19 19:40:46', '疫苗接种站点管理菜单');
INSERT INTO `sys_menu` (`menu_id`, `menu_name`, `parent_id`, `order_num`, `path`, `component`, `query_param`, `is_frame`, `is_cache`, `menu_type`, `visible`, `status`, `perms`, `icon`, `create_by`, `create_time`, `update_by`, `update_time`, `remark`) VALUES (123, '在线预约', 6, 1, 'appointOnline', 'vaccine/appointOnline/index', NULL, 1, 0, 'C', '0', '0', 'vaccine:appoint:list', 'time', 'admin', '2024-02-19 19:20:36', 'admin', '2024-02-19 19:41:09', '在线预约疫苗');
INSERT INTO `sys_menu` (`menu_id`, `menu_name`, `parent_id`, `order_num`, `path`, `component`, `query_param`, `is_frame`, `is_cache`, `menu_type`, `visible`, `status`, `perms`, `icon`, `create_by`, `create_time`, `update_by`, `update_time`, `remark`) VALUES (124, '预约记录', 6, 2, 'appoint', 'vaccine/appoint/index', NULL, 1, 0, 'C', '0', '0', 'vaccine:appoint:list', 'time-range', 'admin', '2024-02-19 19:20:36', 'admin', '2024-02-19 19:41:15', '疫苗预约菜单');
INSERT INTO `sys_menu` (`menu_id`, `menu_name`, `parent_id`, `order_num`, `path`, `component`, `query_param`, `is_frame`, `is_cache`, `menu_type`, `visible`, `status`, `perms`, `icon`, `create_by`, `create_time`, `update_by`, `update_time`, `remark`) VALUES (1002, '用户新增', 100, 2, '', '', '', 1, 0, 'F', '0', '0', 'system:user:add', '#', 'admin', '2024-01-17 17:51:53', '', NULL, '');
INSERT INTO `sys_menu` (`menu_id`, `menu_name`, `parent_id`, `order_num`, `path`, `component`, `query_param`, `is_frame`, `is_cache`, `menu_type`, `visible`, `status`, `perms`, `icon`, `create_by`, `create_time`, `update_by`, `update_time`, `remark`) VALUES (1003, '用户修改', 100, 3, '', '', '', 1, 0, 'F', '0', '0', 'system:user:edit', '#', 'admin', '2024-01-17 17:51:53', '', NULL, '');
INSERT INTO `sys_menu` (`menu_id`, `menu_name`, `parent_id`, `order_num`, `path`, `component`, `query_param`, `is_frame`, `is_cache`, `menu_type`, `visible`, `status`, `perms`, `icon`, `create_by`, `create_time`, `update_by`, `update_time`, `remark`) VALUES (1004, '用户删除', 100, 4, '', '', '', 1, 0, 'F', '0', '0', 'system:user:remove', '#', 'admin', '2024-01-17 17:51:53', '', NULL, '');
INSERT INTO `sys_menu` (`menu_id`, `menu_name`, `parent_id`, `order_num`, `path`, `component`, `query_param`, `is_frame`, `is_cache`, `menu_type`, `visible`, `status`, `perms`, `icon`, `create_by`, `create_time`, `update_by`, `update_time`, `remark`) VALUES (1005, '用户导出', 100, 5, '', '', '', 1, 0, 'F', '0', '0', 'system:user:export', '#', 'admin', '2024-01-17 17:51:53', '', NULL, '');
INSERT INTO `sys_menu` (`menu_id`, `menu_name`, `parent_id`, `order_num`, `path`, `component`, `query_param`, `is_frame`, `is_cache`, `menu_type`, `visible`, `status`, `perms`, `icon`, `create_by`, `create_time`, `update_by`, `update_time`, `remark`) VALUES (1006, '用户导入', 100, 6, '', '', '', 1, 0, 'F', '0', '0', 'system:user:import', '#', 'admin', '2024-01-17 17:51:53', '', NULL, '');
INSERT INTO `sys_menu` (`menu_id`, `menu_name`, `parent_id`, `order_num`, `path`, `component`, `query_param`, `is_frame`, `is_cache`, `menu_type`, `visible`, `status`, `perms`, `icon`, `create_by`, `create_time`, `update_by`, `update_time`, `remark`) VALUES (1007, '重置密码', 100, 7, '', '', '', 1, 0, 'F', '0', '0', 'system:user:resetPwd', '#', 'admin', '2024-01-17 17:51:53', '', NULL, '');
INSERT INTO `sys_menu` (`menu_id`, `menu_name`, `parent_id`, `order_num`, `path`, `component`, `query_param`, `is_frame`, `is_cache`, `menu_type`, `visible`, `status`, `perms`, `icon`, `create_by`, `create_time`, `update_by`, `update_time`, `remark`) VALUES (1008, '角色查询', 101, 1, '', '', '', 1, 0, 'F', '0', '0', 'system:role:query', '#', 'admin', '2024-01-17 17:51:53', '', NULL, '');
INSERT INTO `sys_menu` (`menu_id`, `menu_name`, `parent_id`, `order_num`, `path`, `component`, `query_param`, `is_frame`, `is_cache`, `menu_type`, `visible`, `status`, `perms`, `icon`, `create_by`, `create_time`, `update_by`, `update_time`, `remark`) VALUES (1009, '角色新增', 101, 2, '', '', '', 1, 0, 'F', '0', '0', 'system:role:add', '#', 'admin', '2024-01-17 17:51:53', '', NULL, '');
INSERT INTO `sys_menu` (`menu_id`, `menu_name`, `parent_id`, `order_num`, `path`, `component`, `query_param`, `is_frame`, `is_cache`, `menu_type`, `visible`, `status`, `perms`, `icon`, `create_by`, `create_time`, `update_by`, `update_time`, `remark`) VALUES (1010, '角色修改', 101, 3, '', '', '', 1, 0, 'F', '0', '0', 'system:role:edit', '#', 'admin', '2024-01-17 17:51:53', '', NULL, '');
INSERT INTO `sys_menu` (`menu_id`, `menu_name`, `parent_id`, `order_num`, `path`, `component`, `query_param`, `is_frame`, `is_cache`, `menu_type`, `visible`, `status`, `perms`, `icon`, `create_by`, `create_time`, `update_by`, `update_time`, `remark`) VALUES (1011, '角色删除', 101, 4, '', '', '', 1, 0, 'F', '0', '0', 'system:role:remove', '#', 'admin', '2024-01-17 17:51:53', '', NULL, '');
INSERT INTO `sys_menu` (`menu_id`, `menu_name`, `parent_id`, `order_num`, `path`, `component`, `query_param`, `is_frame`, `is_cache`, `menu_type`, `visible`, `status`, `perms`, `icon`, `create_by`, `create_time`, `update_by`, `update_time`, `remark`) VALUES (1012, '角色导出', 101, 5, '', '', '', 1, 0, 'F', '0', '0', 'system:role:export', '#', 'admin', '2024-01-17 17:51:53', '', NULL, '');
INSERT INTO `sys_menu` (`menu_id`, `menu_name`, `parent_id`, `order_num`, `path`, `component`, `query_param`, `is_frame`, `is_cache`, `menu_type`, `visible`, `status`, `perms`, `icon`, `create_by`, `create_time`, `update_by`, `update_time`, `remark`) VALUES (1013, '菜单查询', 102, 1, '', '', '', 1, 0, 'F', '0', '0', 'system:menu:query', '#', 'admin', '2024-01-17 17:51:53', '', NULL, '');
INSERT INTO `sys_menu` (`menu_id`, `menu_name`, `parent_id`, `order_num`, `path`, `component`, `query_param`, `is_frame`, `is_cache`, `menu_type`, `visible`, `status`, `perms`, `icon`, `create_by`, `create_time`, `update_by`, `update_time`, `remark`) VALUES (1014, '菜单新增', 102, 2, '', '', '', 1, 0, 'F', '0', '0', 'system:menu:add', '#', 'admin', '2024-01-17 17:51:53', '', NULL, '');
INSERT INTO `sys_menu` (`menu_id`, `menu_name`, `parent_id`, `order_num`, `path`, `component`, `query_param`, `is_frame`, `is_cache`, `menu_type`, `visible`, `status`, `perms`, `icon`, `create_by`, `create_time`, `update_by`, `update_time`, `remark`) VALUES (1015, '菜单修改', 102, 3, '', '', '', 1, 0, 'F', '0', '0', 'system:menu:edit', '#', 'admin', '2024-01-17 17:51:53', '', NULL, '');
INSERT INTO `sys_menu` (`menu_id`, `menu_name`, `parent_id`, `order_num`, `path`, `component`, `query_param`, `is_frame`, `is_cache`, `menu_type`, `visible`, `status`, `perms`, `icon`, `create_by`, `create_time`, `update_by`, `update_time`, `remark`) VALUES (1016, '菜单删除', 102, 4, '', '', '', 1, 0, 'F', '0', '0', 'system:menu:remove', '#', 'admin', '2024-01-17 17:51:53', '', NULL, '');
INSERT INTO `sys_menu` (`menu_id`, `menu_name`, `parent_id`, `order_num`, `path`, `component`, `query_param`, `is_frame`, `is_cache`, `menu_type`, `visible`, `status`, `perms`, `icon`, `create_by`, `create_time`, `update_by`, `update_time`, `remark`) VALUES (1017, '部门查询', 103, 1, '', '', '', 1, 0, 'F', '0', '0', 'system:dept:query', '#', 'admin', '2024-01-17 17:51:53', '', NULL, '');
INSERT INTO `sys_menu` (`menu_id`, `menu_name`, `parent_id`, `order_num`, `path`, `component`, `query_param`, `is_frame`, `is_cache`, `menu_type`, `visible`, `status`, `perms`, `icon`, `create_by`, `create_time`, `update_by`, `update_time`, `remark`) VALUES (1018, '部门新增', 103, 2, '', '', '', 1, 0, 'F', '0', '0', 'system:dept:add', '#', 'admin', '2024-01-17 17:51:53', '', NULL, '');
INSERT INTO `sys_menu` (`menu_id`, `menu_name`, `parent_id`, `order_num`, `path`, `component`, `query_param`, `is_frame`, `is_cache`, `menu_type`, `visible`, `status`, `perms`, `icon`, `create_by`, `create_time`, `update_by`, `update_time`, `remark`) VALUES (1019, '部门修改', 103, 3, '', '', '', 1, 0, 'F', '0', '0', 'system:dept:edit', '#', 'admin', '2024-01-17 17:51:53', '', NULL, '');
INSERT INTO `sys_menu` (`menu_id`, `menu_name`, `parent_id`, `order_num`, `path`, `component`, `query_param`, `is_frame`, `is_cache`, `menu_type`, `visible`, `status`, `perms`, `icon`, `create_by`, `create_time`, `update_by`, `update_time`, `remark`) VALUES (1020, '部门删除', 103, 4, '', '', '', 1, 0, 'F', '0', '0', 'system:dept:remove', '#', 'admin', '2024-01-17 17:51:53', '', NULL, '');
INSERT INTO `sys_menu` (`menu_id`, `menu_name`, `parent_id`, `order_num`, `path`, `component`, `query_param`, `is_frame`, `is_cache`, `menu_type`, `visible`, `status`, `perms`, `icon`, `create_by`, `create_time`, `update_by`, `update_time`, `remark`) VALUES (1021, '岗位查询', 104, 1, '', '', '', 1, 0, 'F', '0', '0', 'system:post:query', '#', 'admin', '2024-01-17 17:51:53', '', NULL, '');
INSERT INTO `sys_menu` (`menu_id`, `menu_name`, `parent_id`, `order_num`, `path`, `component`, `query_param`, `is_frame`, `is_cache`, `menu_type`, `visible`, `status`, `perms`, `icon`, `create_by`, `create_time`, `update_by`, `update_time`, `remark`) VALUES (1022, '岗位新增', 104, 2, '', '', '', 1, 0, 'F', '0', '0', 'system:post:add', '#', 'admin', '2024-01-17 17:51:53', '', NULL, '');
INSERT INTO `sys_menu` (`menu_id`, `menu_name`, `parent_id`, `order_num`, `path`, `component`, `query_param`, `is_frame`, `is_cache`, `menu_type`, `visible`, `status`, `perms`, `icon`, `create_by`, `create_time`, `update_by`, `update_time`, `remark`) VALUES (1023, '岗位修改', 104, 3, '', '', '', 1, 0, 'F', '0', '0', 'system:post:edit', '#', 'admin', '2024-01-17 17:51:53', '', NULL, '');
INSERT INTO `sys_menu` (`menu_id`, `menu_name`, `parent_id`, `order_num`, `path`, `component`, `query_param`, `is_frame`, `is_cache`, `menu_type`, `visible`, `status`, `perms`, `icon`, `create_by`, `create_time`, `update_by`, `update_time`, `remark`) VALUES (1024, '岗位删除', 104, 4, '', '', '', 1, 0, 'F', '0', '0', 'system:post:remove', '#', 'admin', '2024-01-17 17:51:53', '', NULL, '');
INSERT INTO `sys_menu` (`menu_id`, `menu_name`, `parent_id`, `order_num`, `path`, `component`, `query_param`, `is_frame`, `is_cache`, `menu_type`, `visible`, `status`, `perms`, `icon`, `create_by`, `create_time`, `update_by`, `update_time`, `remark`) VALUES (1025, '岗位导出', 104, 5, '', '', '', 1, 0, 'F', '0', '0', 'system:post:export', '#', 'admin', '2024-01-17 17:51:53', '', NULL, '');
INSERT INTO `sys_menu` (`menu_id`, `menu_name`, `parent_id`, `order_num`, `path`, `component`, `query_param`, `is_frame`, `is_cache`, `menu_type`, `visible`, `status`, `perms`, `icon`, `create_by`, `create_time`, `update_by`, `update_time`, `remark`) VALUES (1026, '字典查询', 105, 1, '#', '', '', 1, 0, 'F', '0', '0', 'system:dict:query', '#', 'admin', '2024-01-17 17:51:53', '', NULL, '');
INSERT INTO `sys_menu` (`menu_id`, `menu_name`, `parent_id`, `order_num`, `path`, `component`, `query_param`, `is_frame`, `is_cache`, `menu_type`, `visible`, `status`, `perms`, `icon`, `create_by`, `create_time`, `update_by`, `update_time`, `remark`) VALUES (1027, '字典新增', 105, 2, '#', '', '', 1, 0, 'F', '0', '0', 'system:dict:add', '#', 'admin', '2024-01-17 17:51:53', '', NULL, '');
INSERT INTO `sys_menu` (`menu_id`, `menu_name`, `parent_id`, `order_num`, `path`, `component`, `query_param`, `is_frame`, `is_cache`, `menu_type`, `visible`, `status`, `perms`, `icon`, `create_by`, `create_time`, `update_by`, `update_time`, `remark`) VALUES (1028, '字典修改', 105, 3, '#', '', '', 1, 0, 'F', '0', '0', 'system:dict:edit', '#', 'admin', '2024-01-17 17:51:53', '', NULL, '');
INSERT INTO `sys_menu` (`menu_id`, `menu_name`, `parent_id`, `order_num`, `path`, `component`, `query_param`, `is_frame`, `is_cache`, `menu_type`, `visible`, `status`, `perms`, `icon`, `create_by`, `create_time`, `update_by`, `update_time`, `remark`) VALUES (1029, '字典删除', 105, 4, '#', '', '', 1, 0, 'F', '0', '0', 'system:dict:remove', '#', 'admin', '2024-01-17 17:51:53', '', NULL, '');
INSERT INTO `sys_menu` (`menu_id`, `menu_name`, `parent_id`, `order_num`, `path`, `component`, `query_param`, `is_frame`, `is_cache`, `menu_type`, `visible`, `status`, `perms`, `icon`, `create_by`, `create_time`, `update_by`, `update_time`, `remark`) VALUES (1030, '字典导出', 105, 5, '#', '', '', 1, 0, 'F', '0', '0', 'system:dict:export', '#', 'admin', '2024-01-17 17:51:53', '', NULL, '');
INSERT INTO `sys_menu` (`menu_id`, `menu_name`, `parent_id`, `order_num`, `path`, `component`, `query_param`, `is_frame`, `is_cache`, `menu_type`, `visible`, `status`, `perms`, `icon`, `create_by`, `create_time`, `update_by`, `update_time`, `remark`) VALUES (1031, '参数查询', 106, 1, '#', '', '', 1, 0, 'F', '0', '0', 'system:config:query', '#', 'admin', '2024-01-17 17:51:53', '', NULL, '');
INSERT INTO `sys_menu` (`menu_id`, `menu_name`, `parent_id`, `order_num`, `path`, `component`, `query_param`, `is_frame`, `is_cache`, `menu_type`, `visible`, `status`, `perms`, `icon`, `create_by`, `create_time`, `update_by`, `update_time`, `remark`) VALUES (1032, '参数新增', 106, 2, '#', '', '', 1, 0, 'F', '0', '0', 'system:config:add', '#', 'admin', '2024-01-17 17:51:53', '', NULL, '');
INSERT INTO `sys_menu` (`menu_id`, `menu_name`, `parent_id`, `order_num`, `path`, `component`, `query_param`, `is_frame`, `is_cache`, `menu_type`, `visible`, `status`, `perms`, `icon`, `create_by`, `create_time`, `update_by`, `update_time`, `remark`) VALUES (1033, '参数修改', 106, 3, '#', '', '', 1, 0, 'F', '0', '0', 'system:config:edit', '#', 'admin', '2024-01-17 17:51:53', '', NULL, '');
INSERT INTO `sys_menu` (`menu_id`, `menu_name`, `parent_id`, `order_num`, `path`, `component`, `query_param`, `is_frame`, `is_cache`, `menu_type`, `visible`, `status`, `perms`, `icon`, `create_by`, `create_time`, `update_by`, `update_time`, `remark`) VALUES (1034, '参数删除', 106, 4, '#', '', '', 1, 0, 'F', '0', '0', 'system:config:remove', '#', 'admin', '2024-01-17 17:51:53', '', NULL, '');
INSERT INTO `sys_menu` (`menu_id`, `menu_name`, `parent_id`, `order_num`, `path`, `component`, `query_param`, `is_frame`, `is_cache`, `menu_type`, `visible`, `status`, `perms`, `icon`, `create_by`, `create_time`, `update_by`, `update_time`, `remark`) VALUES (1035, '参数导出', 106, 5, '#', '', '', 1, 0, 'F', '0', '0', 'system:config:export', '#', 'admin', '2024-01-17 17:51:53', '', NULL, '');
INSERT INTO `sys_menu` (`menu_id`, `menu_name`, `parent_id`, `order_num`, `path`, `component`, `query_param`, `is_frame`, `is_cache`, `menu_type`, `visible`, `status`, `perms`, `icon`, `create_by`, `create_time`, `update_by`, `update_time`, `remark`) VALUES (1036, '公告查询', 107, 1, '#', '', '', 1, 0, 'F', '0', '0', 'system:notice:query', '#', 'admin', '2024-01-17 17:51:53', '', NULL, '');
INSERT INTO `sys_menu` (`menu_id`, `menu_name`, `parent_id`, `order_num`, `path`, `component`, `query_param`, `is_frame`, `is_cache`, `menu_type`, `visible`, `status`, `perms`, `icon`, `create_by`, `create_time`, `update_by`, `update_time`, `remark`) VALUES (1037, '公告新增', 107, 2, '#', '', '', 1, 0, 'F', '0', '0', 'system:notice:add', '#', 'admin', '2024-01-17 17:51:53', '', NULL, '');
INSERT INTO `sys_menu` (`menu_id`, `menu_name`, `parent_id`, `order_num`, `path`, `component`, `query_param`, `is_frame`, `is_cache`, `menu_type`, `visible`, `status`, `perms`, `icon`, `create_by`, `create_time`, `update_by`, `update_time`, `remark`) VALUES (1038, '公告修改', 107, 3, '#', '', '', 1, 0, 'F', '0', '0', 'system:notice:edit', '#', 'admin', '2024-01-17 17:51:53', '', NULL, '');
INSERT INTO `sys_menu` (`menu_id`, `menu_name`, `parent_id`, `order_num`, `path`, `component`, `query_param`, `is_frame`, `is_cache`, `menu_type`, `visible`, `status`, `perms`, `icon`, `create_by`, `create_time`, `update_by`, `update_time`, `remark`) VALUES (1039, '公告删除', 107, 4, '#', '', '', 1, 0, 'F', '0', '0', 'system:notice:remove', '#', 'admin', '2024-01-17 17:51:53', '', NULL, '');
INSERT INTO `sys_menu` (`menu_id`, `menu_name`, `parent_id`, `order_num`, `path`, `component`, `query_param`, `is_frame`, `is_cache`, `menu_type`, `visible`, `status`, `perms`, `icon`, `create_by`, `create_time`, `update_by`, `update_time`, `remark`) VALUES (1040, '操作查询', 500, 1, '#', '', '', 1, 0, 'F', '0', '0', 'monitor:operlog:query', '#', 'admin', '2024-01-17 17:51:53', '', NULL, '');
INSERT INTO `sys_menu` (`menu_id`, `menu_name`, `parent_id`, `order_num`, `path`, `component`, `query_param`, `is_frame`, `is_cache`, `menu_type`, `visible`, `status`, `perms`, `icon`, `create_by`, `create_time`, `update_by`, `update_time`, `remark`) VALUES (1041, '操作删除', 500, 2, '#', '', '', 1, 0, 'F', '0', '0', 'monitor:operlog:remove', '#', 'admin', '2024-01-17 17:51:53', '', NULL, '');
INSERT INTO `sys_menu` (`menu_id`, `menu_name`, `parent_id`, `order_num`, `path`, `component`, `query_param`, `is_frame`, `is_cache`, `menu_type`, `visible`, `status`, `perms`, `icon`, `create_by`, `create_time`, `update_by`, `update_time`, `remark`) VALUES (1042, '日志导出', 500, 4, '#', '', '', 1, 0, 'F', '0', '0', 'monitor:operlog:export', '#', 'admin', '2024-01-17 17:51:53', '', NULL, '');
INSERT INTO `sys_menu` (`menu_id`, `menu_name`, `parent_id`, `order_num`, `path`, `component`, `query_param`, `is_frame`, `is_cache`, `menu_type`, `visible`, `status`, `perms`, `icon`, `create_by`, `create_time`, `update_by`, `update_time`, `remark`) VALUES (1043, '登录查询', 501, 1, '#', '', '', 1, 0, 'F', '0', '0', 'monitor:logininfor:query', '#', 'admin', '2024-01-17 17:51:53', '', NULL, '');
INSERT INTO `sys_menu` (`menu_id`, `menu_name`, `parent_id`, `order_num`, `path`, `component`, `query_param`, `is_frame`, `is_cache`, `menu_type`, `visible`, `status`, `perms`, `icon`, `create_by`, `create_time`, `update_by`, `update_time`, `remark`) VALUES (1044, '登录删除', 501, 2, '#', '', '', 1, 0, 'F', '0', '0', 'monitor:logininfor:remove', '#', 'admin', '2024-01-17 17:51:53', '', NULL, '');
INSERT INTO `sys_menu` (`menu_id`, `menu_name`, `parent_id`, `order_num`, `path`, `component`, `query_param`, `is_frame`, `is_cache`, `menu_type`, `visible`, `status`, `perms`, `icon`, `create_by`, `create_time`, `update_by`, `update_time`, `remark`) VALUES (1045, '日志导出', 501, 3, '#', '', '', 1, 0, 'F', '0', '0', 'monitor:logininfor:export', '#', 'admin', '2024-01-17 17:51:53', '', NULL, '');
INSERT INTO `sys_menu` (`menu_id`, `menu_name`, `parent_id`, `order_num`, `path`, `component`, `query_param`, `is_frame`, `is_cache`, `menu_type`, `visible`, `status`, `perms`, `icon`, `create_by`, `create_time`, `update_by`, `update_time`, `remark`) VALUES (1046, '在线查询', 109, 1, '#', '', '', 1, 0, 'F', '0', '0', 'monitor:online:query', '#', 'admin', '2024-01-17 17:51:53', '', NULL, '');
INSERT INTO `sys_menu` (`menu_id`, `menu_name`, `parent_id`, `order_num`, `path`, `component`, `query_param`, `is_frame`, `is_cache`, `menu_type`, `visible`, `status`, `perms`, `icon`, `create_by`, `create_time`, `update_by`, `update_time`, `remark`) VALUES (1047, '批量强退', 109, 2, '#', '', '', 1, 0, 'F', '0', '0', 'monitor:online:batchLogout', '#', 'admin', '2024-01-17 17:51:53', '', NULL, '');
INSERT INTO `sys_menu` (`menu_id`, `menu_name`, `parent_id`, `order_num`, `path`, `component`, `query_param`, `is_frame`, `is_cache`, `menu_type`, `visible`, `status`, `perms`, `icon`, `create_by`, `create_time`, `update_by`, `update_time`, `remark`) VALUES (1048, '单条强退', 109, 3, '#', '', '', 1, 0, 'F', '0', '0', 'monitor:online:forceLogout', '#', 'admin', '2024-01-17 17:51:53', '', NULL, '');
INSERT INTO `sys_menu` (`menu_id`, `menu_name`, `parent_id`, `order_num`, `path`, `component`, `query_param`, `is_frame`, `is_cache`, `menu_type`, `visible`, `status`, `perms`, `icon`, `create_by`, `create_time`, `update_by`, `update_time`, `remark`) VALUES (1050, '账户解锁', 501, 4, '#', '', '', 1, 0, 'F', '0', '0', 'monitor:logininfor:unlock', '#', 'admin', '2024-01-17 17:51:53', '', NULL, '');
INSERT INTO `sys_menu` (`menu_id`, `menu_name`, `parent_id`, `order_num`, `path`, `component`, `query_param`, `is_frame`, `is_cache`, `menu_type`, `visible`, `status`, `perms`, `icon`, `create_by`, `create_time`, `update_by`, `update_time`, `remark`) VALUES (1055, '生成查询', 115, 1, '#', '', '', 1, 0, 'F', '0', '0', 'tool:gen:query', '#', 'admin', '2024-01-17 17:51:53', '', NULL, '');
INSERT INTO `sys_menu` (`menu_id`, `menu_name`, `parent_id`, `order_num`, `path`, `component`, `query_param`, `is_frame`, `is_cache`, `menu_type`, `visible`, `status`, `perms`, `icon`, `create_by`, `create_time`, `update_by`, `update_time`, `remark`) VALUES (1056, '生成修改', 115, 2, '#', '', '', 1, 0, 'F', '0', '0', 'tool:gen:edit', '#', 'admin', '2024-01-17 17:51:53', '', NULL, '');
INSERT INTO `sys_menu` (`menu_id`, `menu_name`, `parent_id`, `order_num`, `path`, `component`, `query_param`, `is_frame`, `is_cache`, `menu_type`, `visible`, `status`, `perms`, `icon`, `create_by`, `create_time`, `update_by`, `update_time`, `remark`) VALUES (1057, '生成删除', 115, 3, '#', '', '', 1, 0, 'F', '0', '0', 'tool:gen:remove', '#', 'admin', '2024-01-17 17:51:53', '', NULL, '');
INSERT INTO `sys_menu` (`menu_id`, `menu_name`, `parent_id`, `order_num`, `path`, `component`, `query_param`, `is_frame`, `is_cache`, `menu_type`, `visible`, `status`, `perms`, `icon`, `create_by`, `create_time`, `update_by`, `update_time`, `remark`) VALUES (1058, '导入代码', 115, 2, '#', '', '', 1, 0, 'F', '0', '0', 'tool:gen:import', '#', 'admin', '2024-01-17 17:51:53', '', NULL, '');
INSERT INTO `sys_menu` (`menu_id`, `menu_name`, `parent_id`, `order_num`, `path`, `component`, `query_param`, `is_frame`, `is_cache`, `menu_type`, `visible`, `status`, `perms`, `icon`, `create_by`, `create_time`, `update_by`, `update_time`, `remark`) VALUES (1059, '预览代码', 115, 4, '#', '', '', 1, 0, 'F', '0', '0', 'tool:gen:preview', '#', 'admin', '2024-01-17 17:51:53', '', NULL, '');
INSERT INTO `sys_menu` (`menu_id`, `menu_name`, `parent_id`, `order_num`, `path`, `component`, `query_param`, `is_frame`, `is_cache`, `menu_type`, `visible`, `status`, `perms`, `icon`, `create_by`, `create_time`, `update_by`, `update_time`, `remark`) VALUES (1060, '生成代码', 115, 5, '#', '', '', 1, 0, 'F', '0', '0', 'tool:gen:code', '#', 'admin', '2024-01-17 17:51:53', '', NULL, '');
INSERT INTO `sys_menu` (`menu_id`, `menu_name`, `parent_id`, `order_num`, `path`, `component`, `query_param`, `is_frame`, `is_cache`, `menu_type`, `visible`, `status`, `perms`, `icon`, `create_by`, `create_time`, `update_by`, `update_time`, `remark`) VALUES (1241, '疫苗预约查询', 124, 1, '#', '', NULL, 1, 0, 'F', '0', '0', 'vaccine:appoint:query', '#', 'admin', '2024-02-19 19:20:36', '', NULL, '');
INSERT INTO `sys_menu` (`menu_id`, `menu_name`, `parent_id`, `order_num`, `path`, `component`, `query_param`, `is_frame`, `is_cache`, `menu_type`, `visible`, `status`, `perms`, `icon`, `create_by`, `create_time`, `update_by`, `update_time`, `remark`) VALUES (1242, '疫苗预约新增', 124, 2, '#', '', NULL, 1, 0, 'F', '0', '0', 'vaccine:appoint:add', '#', 'admin', '2024-02-19 19:20:36', '', NULL, '');
INSERT INTO `sys_menu` (`menu_id`, `menu_name`, `parent_id`, `order_num`, `path`, `component`, `query_param`, `is_frame`, `is_cache`, `menu_type`, `visible`, `status`, `perms`, `icon`, `create_by`, `create_time`, `update_by`, `update_time`, `remark`) VALUES (1243, '疫苗预约修改', 124, 3, '#', '', NULL, 1, 0, 'F', '0', '0', 'vaccine:appoint:edit', '#', 'admin', '2024-02-19 19:20:36', '', NULL, '');
INSERT INTO `sys_menu` (`menu_id`, `menu_name`, `parent_id`, `order_num`, `path`, `component`, `query_param`, `is_frame`, `is_cache`, `menu_type`, `visible`, `status`, `perms`, `icon`, `create_by`, `create_time`, `update_by`, `update_time`, `remark`) VALUES (1244, '疫苗预约删除', 124, 4, '#', '', NULL, 1, 0, 'F', '0', '0', 'vaccine:appoint:remove', '#', 'admin', '2024-02-19 19:20:37', '', NULL, '');
INSERT INTO `sys_menu` (`menu_id`, `menu_name`, `parent_id`, `order_num`, `path`, `component`, `query_param`, `is_frame`, `is_cache`, `menu_type`, `visible`, `status`, `perms`, `icon`, `create_by`, `create_time`, `update_by`, `update_time`, `remark`) VALUES (1245, '疫苗预约导出', 124, 5, '#', '', NULL, 1, 0, 'F', '0', '0', 'vaccine:appoint:export', '#', 'admin', '2024-02-19 19:20:37', '', NULL, '');
INSERT INTO `sys_menu` (`menu_id`, `menu_name`, `parent_id`, `order_num`, `path`, `component`, `query_param`, `is_frame`, `is_cache`, `menu_type`, `visible`, `status`, `perms`, `icon`, `create_by`, `create_time`, `update_by`, `update_time`, `remark`) VALUES (1251, '订单管理查询', 8, 1, '#', '', NULL, 1, 0, 'F', '0', '0', 'vaccine:orders:query', '#', 'admin', '2024-02-19 19:29:53', '', NULL, '');
INSERT INTO `sys_menu` (`menu_id`, `menu_name`, `parent_id`, `order_num`, `path`, `component`, `query_param`, `is_frame`, `is_cache`, `menu_type`, `visible`, `status`, `perms`, `icon`, `create_by`, `create_time`, `update_by`, `update_time`, `remark`) VALUES (1252, '订单管理新增', 8, 2, '#', '', NULL, 1, 0, 'F', '0', '0', 'vaccine:orders:add', '#', 'admin', '2024-02-19 19:29:53', '', NULL, '');
INSERT INTO `sys_menu` (`menu_id`, `menu_name`, `parent_id`, `order_num`, `path`, `component`, `query_param`, `is_frame`, `is_cache`, `menu_type`, `visible`, `status`, `perms`, `icon`, `create_by`, `create_time`, `update_by`, `update_time`, `remark`) VALUES (1253, '订单管理修改', 8, 3, '#', '', NULL, 1, 0, 'F', '0', '0', 'vaccine:orders:edit', '#', 'admin', '2024-02-19 19:29:53', '', NULL, '');
INSERT INTO `sys_menu` (`menu_id`, `menu_name`, `parent_id`, `order_num`, `path`, `component`, `query_param`, `is_frame`, `is_cache`, `menu_type`, `visible`, `status`, `perms`, `icon`, `create_by`, `create_time`, `update_by`, `update_time`, `remark`) VALUES (1254, '订单管理删除', 8, 4, '#', '', NULL, 1, 0, 'F', '0', '0', 'vaccine:orders:remove', '#', 'admin', '2024-02-19 19:29:54', '', NULL, '');
INSERT INTO `sys_menu` (`menu_id`, `menu_name`, `parent_id`, `order_num`, `path`, `component`, `query_param`, `is_frame`, `is_cache`, `menu_type`, `visible`, `status`, `perms`, `icon`, `create_by`, `create_time`, `update_by`, `update_time`, `remark`) VALUES (1255, '订单管理导出', 8, 5, '#', '', NULL, 1, 0, 'F', '0', '0', 'vaccine:orders:export', '#', 'admin', '2024-02-19 19:29:54', '', NULL, '');
INSERT INTO `sys_menu` (`menu_id`, `menu_name`, `parent_id`, `order_num`, `path`, `component`, `query_param`, `is_frame`, `is_cache`, `menu_type`, `visible`, `status`, `perms`, `icon`, `create_by`, `create_time`, `update_by`, `update_time`, `remark`) VALUES (1261, '疫苗接种记录查询', 7, 1, '#', '', NULL, 1, 0, 'F', '0', '0', 'vaccine:inoculate:query', '#', 'admin', '2024-02-19 19:33:33', '', NULL, '');
INSERT INTO `sys_menu` (`menu_id`, `menu_name`, `parent_id`, `order_num`, `path`, `component`, `query_param`, `is_frame`, `is_cache`, `menu_type`, `visible`, `status`, `perms`, `icon`, `create_by`, `create_time`, `update_by`, `update_time`, `remark`) VALUES (1262, '疫苗接种记录新增', 7, 2, '#', '', NULL, 1, 0, 'F', '0', '0', 'vaccine:inoculate:add', '#', 'admin', '2024-02-19 19:33:33', '', NULL, '');
INSERT INTO `sys_menu` (`menu_id`, `menu_name`, `parent_id`, `order_num`, `path`, `component`, `query_param`, `is_frame`, `is_cache`, `menu_type`, `visible`, `status`, `perms`, `icon`, `create_by`, `create_time`, `update_by`, `update_time`, `remark`) VALUES (1263, '疫苗接种记录修改', 7, 3, '#', '', NULL, 1, 0, 'F', '0', '0', 'vaccine:inoculate:edit', '#', 'admin', '2024-02-19 19:33:34', '', NULL, '');
INSERT INTO `sys_menu` (`menu_id`, `menu_name`, `parent_id`, `order_num`, `path`, `component`, `query_param`, `is_frame`, `is_cache`, `menu_type`, `visible`, `status`, `perms`, `icon`, `create_by`, `create_time`, `update_by`, `update_time`, `remark`) VALUES (1264, '疫苗接种记录删除', 7, 4, '#', '', NULL, 1, 0, 'F', '0', '0', 'vaccine:inoculate:remove', '#', 'admin', '2024-02-19 19:33:34', '', NULL, '');
INSERT INTO `sys_menu` (`menu_id`, `menu_name`, `parent_id`, `order_num`, `path`, `component`, `query_param`, `is_frame`, `is_cache`, `menu_type`, `visible`, `status`, `perms`, `icon`, `create_by`, `create_time`, `update_by`, `update_time`, `remark`) VALUES (1265, '疫苗接种记录导出', 7, 5, '#', '', NULL, 1, 0, 'F', '0', '0', 'vaccine:inoculate:export', '#', 'admin', '2024-02-19 19:33:34', '', NULL, '');
INSERT INTO `sys_menu` (`menu_id`, `menu_name`, `parent_id`, `order_num`, `path`, `component`, `query_param`, `is_frame`, `is_cache`, `menu_type`, `visible`, `status`, `perms`, `icon`, `create_by`, `create_time`, `update_by`, `update_time`, `remark`) VALUES (1281, '疫苗接种记录查询', 9, 1, '#', '', NULL, 1, 0, 'F', '0', '0', 'vaccine:inoculate:query', '#', 'admin', '2024-01-29 19:38:13', '', NULL, '');
INSERT INTO `sys_menu` (`menu_id`, `menu_name`, `parent_id`, `order_num`, `path`, `component`, `query_param`, `is_frame`, `is_cache`, `menu_type`, `visible`, `status`, `perms`, `icon`, `create_by`, `create_time`, `update_by`, `update_time`, `remark`) VALUES (1282, '疫苗接种记录新增', 9, 2, '#', '', NULL, 1, 0, 'F', '0', '0', 'vaccine:inoculate:add', '#', 'admin', '2024-01-29 19:38:13', '', NULL, '');
INSERT INTO `sys_menu` (`menu_id`, `menu_name`, `parent_id`, `order_num`, `path`, `component`, `query_param`, `is_frame`, `is_cache`, `menu_type`, `visible`, `status`, `perms`, `icon`, `create_by`, `create_time`, `update_by`, `update_time`, `remark`) VALUES (1283, '疫苗接种记录修改', 9, 3, '#', '', NULL, 1, 0, 'F', '0', '0', 'vaccine:inoculate:edit', '#', 'admin', '2024-01-29 19:38:13', '', NULL, '');
INSERT INTO `sys_menu` (`menu_id`, `menu_name`, `parent_id`, `order_num`, `path`, `component`, `query_param`, `is_frame`, `is_cache`, `menu_type`, `visible`, `status`, `perms`, `icon`, `create_by`, `create_time`, `update_by`, `update_time`, `remark`) VALUES (1284, '疫苗接种记录删除', 9, 4, '#', '', NULL, 1, 0, 'F', '0', '0', 'vaccine:inoculate:remove', '#', 'admin', '2024-01-29 19:38:14', '', NULL, '');
INSERT INTO `sys_menu` (`menu_id`, `menu_name`, `parent_id`, `order_num`, `path`, `component`, `query_param`, `is_frame`, `is_cache`, `menu_type`, `visible`, `status`, `perms`, `icon`, `create_by`, `create_time`, `update_by`, `update_time`, `remark`) VALUES (1285, '疫苗接种记录导出', 9, 5, '#', '', NULL, 1, 0, 'F', '0', '0', 'vaccine:inoculate:export', '#', 'admin', '2024-01-29 19:38:14', '', NULL, '');
INSERT INTO `sys_menu` (`menu_id`, `menu_name`, `parent_id`, `order_num`, `path`, `component`, `query_param`, `is_frame`, `is_cache`, `menu_type`, `visible`, `status`, `perms`, `icon`, `create_by`, `create_time`, `update_by`, `update_time`, `remark`) VALUES (1291, '留观查询查询', 129, 1, '#', '', NULL, 1, 0, 'F', '0', '0', 'vaccine:observe:query', '#', 'admin', '2024-01-29 19:38:14', '', NULL, '');
INSERT INTO `sys_menu` (`menu_id`, `menu_name`, `parent_id`, `order_num`, `path`, `component`, `query_param`, `is_frame`, `is_cache`, `menu_type`, `visible`, `status`, `perms`, `icon`, `create_by`, `create_time`, `update_by`, `update_time`, `remark`) VALUES (1292, '留观查询新增', 129, 2, '#', '', NULL, 1, 0, 'F', '0', '0', 'vaccine:observe:add', '#', 'admin', '2024-01-29 19:38:14', '', NULL, '');
INSERT INTO `sys_menu` (`menu_id`, `menu_name`, `parent_id`, `order_num`, `path`, `component`, `query_param`, `is_frame`, `is_cache`, `menu_type`, `visible`, `status`, `perms`, `icon`, `create_by`, `create_time`, `update_by`, `update_time`, `remark`) VALUES (1293, '留观查询修改', 129, 3, '#', '', NULL, 1, 0, 'F', '0', '0', 'vaccine:observe:edit', '#', 'admin', '2024-01-29 19:38:15', '', NULL, '');
INSERT INTO `sys_menu` (`menu_id`, `menu_name`, `parent_id`, `order_num`, `path`, `component`, `query_param`, `is_frame`, `is_cache`, `menu_type`, `visible`, `status`, `perms`, `icon`, `create_by`, `create_time`, `update_by`, `update_time`, `remark`) VALUES (1294, '留观查询删除', 129, 4, '#', '', NULL, 1, 0, 'F', '0', '0', 'vaccine:observe:remove', '#', 'admin', '2024-01-29 19:38:15', '', NULL, '');
INSERT INTO `sys_menu` (`menu_id`, `menu_name`, `parent_id`, `order_num`, `path`, `component`, `query_param`, `is_frame`, `is_cache`, `menu_type`, `visible`, `status`, `perms`, `icon`, `create_by`, `create_time`, `update_by`, `update_time`, `remark`) VALUES (1295, '留观查询导出', 129, 5, '#', '', NULL, 1, 0, 'F', '0', '0', 'vaccine:observe:export', '#', 'admin', '2024-01-29 19:38:15', '', NULL, '');
INSERT INTO `sys_menu` (`menu_id`, `menu_name`, `parent_id`, `order_num`, `path`, `component`, `query_param`, `is_frame`, `is_cache`, `menu_type`, `visible`, `status`, `perms`, `icon`, `create_by`, `create_time`, `update_by`, `update_time`, `remark`) VALUES (1301, '疫苗接种站点管理查询', 122, 1, '#', '', NULL, 1, 0, 'F', '0', '0', 'vaccine:inoculateSite:query', '#', 'admin', '2024-01-29 19:38:16', '', NULL, '');
INSERT INTO `sys_menu` (`menu_id`, `menu_name`, `parent_id`, `order_num`, `path`, `component`, `query_param`, `is_frame`, `is_cache`, `menu_type`, `visible`, `status`, `perms`, `icon`, `create_by`, `create_time`, `update_by`, `update_time`, `remark`) VALUES (1302, '疫苗接种站点管理新增', 122, 2, '#', '', NULL, 1, 0, 'F', '0', '0', 'vaccine:inoculateSite:add', '#', 'admin', '2024-01-29 19:38:16', '', NULL, '');
INSERT INTO `sys_menu` (`menu_id`, `menu_name`, `parent_id`, `order_num`, `path`, `component`, `query_param`, `is_frame`, `is_cache`, `menu_type`, `visible`, `status`, `perms`, `icon`, `create_by`, `create_time`, `update_by`, `update_time`, `remark`) VALUES (1303, '疫苗接种站点管理修改', 122, 3, '#', '', NULL, 1, 0, 'F', '0', '0', 'vaccine:inoculateSite:edit', '#', 'admin', '2024-01-29 19:38:16', '', NULL, '');
INSERT INTO `sys_menu` (`menu_id`, `menu_name`, `parent_id`, `order_num`, `path`, `component`, `query_param`, `is_frame`, `is_cache`, `menu_type`, `visible`, `status`, `perms`, `icon`, `create_by`, `create_time`, `update_by`, `update_time`, `remark`) VALUES (1304, '疫苗接种站点管理删除', 122, 4, '#', '', NULL, 1, 0, 'F', '0', '0', 'vaccine:inoculateSite:remove', '#', 'admin', '2024-01-29 19:38:16', '', NULL, '');
INSERT INTO `sys_menu` (`menu_id`, `menu_name`, `parent_id`, `order_num`, `path`, `component`, `query_param`, `is_frame`, `is_cache`, `menu_type`, `visible`, `status`, `perms`, `icon`, `create_by`, `create_time`, `update_by`, `update_time`, `remark`) VALUES (1305, '疫苗接种站点管理导出', 122, 5, '#', '', NULL, 1, 0, 'F', '0', '0', 'vaccine:inoculateSite:export', '#', 'admin', '2024-01-29 19:38:17', '', NULL, '');
INSERT INTO `sys_menu` (`menu_id`, `menu_name`, `parent_id`, `order_num`, `path`, `component`, `query_param`, `is_frame`, `is_cache`, `menu_type`, `visible`, `status`, `perms`, `icon`, `create_by`, `create_time`, `update_by`, `update_time`, `remark`) VALUES (1600, '文件查询', 118, 1, '#', '', '', 1, 0, 'F', '0', '0', 'system:oss:query', '#', 'admin', '2024-01-17 17:51:53', '', NULL, '');
INSERT INTO `sys_menu` (`menu_id`, `menu_name`, `parent_id`, `order_num`, `path`, `component`, `query_param`, `is_frame`, `is_cache`, `menu_type`, `visible`, `status`, `perms`, `icon`, `create_by`, `create_time`, `update_by`, `update_time`, `remark`) VALUES (1601, '文件上传', 118, 2, '#', '', '', 1, 0, 'F', '0', '0', 'system:oss:upload', '#', 'admin', '2024-01-17 17:51:53', '', NULL, '');
INSERT INTO `sys_menu` (`menu_id`, `menu_name`, `parent_id`, `order_num`, `path`, `component`, `query_param`, `is_frame`, `is_cache`, `menu_type`, `visible`, `status`, `perms`, `icon`, `create_by`, `create_time`, `update_by`, `update_time`, `remark`) VALUES (1602, '文件下载', 118, 3, '#', '', '', 1, 0, 'F', '0', '0', 'system:oss:download', '#', 'admin', '2024-01-17 17:51:53', '', NULL, '');
INSERT INTO `sys_menu` (`menu_id`, `menu_name`, `parent_id`, `order_num`, `path`, `component`, `query_param`, `is_frame`, `is_cache`, `menu_type`, `visible`, `status`, `perms`, `icon`, `create_by`, `create_time`, `update_by`, `update_time`, `remark`) VALUES (1603, '文件删除', 118, 4, '#', '', '', 1, 0, 'F', '0', '0', 'system:oss:remove', '#', 'admin', '2024-01-17 17:51:53', '', NULL, '');
INSERT INTO `sys_menu` (`menu_id`, `menu_name`, `parent_id`, `order_num`, `path`, `component`, `query_param`, `is_frame`, `is_cache`, `menu_type`, `visible`, `status`, `perms`, `icon`, `create_by`, `create_time`, `update_by`, `update_time`, `remark`) VALUES (1604, '配置添加', 118, 5, '#', '', '', 1, 0, 'F', '0', '0', 'system:oss:add', '#', 'admin', '2024-01-17 17:51:53', '', NULL, '');
INSERT INTO `sys_menu` (`menu_id`, `menu_name`, `parent_id`, `order_num`, `path`, `component`, `query_param`, `is_frame`, `is_cache`, `menu_type`, `visible`, `status`, `perms`, `icon`, `create_by`, `create_time`, `update_by`, `update_time`, `remark`) VALUES (1605, '配置编辑', 118, 6, '#', '', '', 1, 0, 'F', '0', '0', 'system:oss:edit', '#', 'admin', '2024-01-17 17:51:53', '', NULL, '');
COMMIT;

-- ----------------------------
-- Table structure for sys_notice
-- ----------------------------
DROP TABLE IF EXISTS `sys_notice`;
CREATE TABLE `sys_notice` (
  `notice_id` bigint NOT NULL COMMENT '公告ID',
  `notice_title` varchar(50) COLLATE utf8mb4_general_ci NOT NULL COMMENT '公告标题',
  `notice_type` char(1) COLLATE utf8mb4_general_ci NOT NULL COMMENT '公告类型（1通知 2公告）',
  `notice_content` longblob COMMENT '公告内容',
  `status` char(1) COLLATE utf8mb4_general_ci DEFAULT '0' COMMENT '公告状态（0正常 1关闭）',
  `create_by` varchar(64) COLLATE utf8mb4_general_ci DEFAULT '' COMMENT '创建者',
  `create_time` datetime DEFAULT NULL COMMENT '创建时间',
  `update_by` varchar(64) COLLATE utf8mb4_general_ci DEFAULT '' COMMENT '更新者',
  `update_time` datetime DEFAULT NULL COMMENT '更新时间',
  `remark` varchar(255) COLLATE utf8mb4_general_ci DEFAULT NULL COMMENT '备注',
  PRIMARY KEY (`notice_id`)
) ENGINE=InnoDB DEFAULT CHARSET=utf8mb4 COLLATE=utf8mb4_general_ci COMMENT='通知公告表';

-- ----------------------------
-- Records of sys_notice
-- ----------------------------
BEGIN;
INSERT INTO `sys_notice` (`notice_id`, `notice_title`, `notice_type`, `notice_content`, `status`, `create_by`, `create_time`, `update_by`, `update_time`, `remark`) VALUES (1, '温馨提醒：2018-07-01 新版本发布啦', '2', 0xE696B0E78988E69CACE58685E5AEB9, '0', 'admin', '2024-01-17 17:51:55', '', NULL, '管理员');
INSERT INTO `sys_notice` (`notice_id`, `notice_title`, `notice_type`, `notice_content`, `status`, `create_by`, `create_time`, `update_by`, `update_time`, `remark`) VALUES (2, '维护通知：2018-07-01 系统凌晨维护', '1', 0xE7BBB4E68AA4E58685E5AEB9, '0', 'admin', '2024-01-17 17:51:55', '', NULL, '管理员');
INSERT INTO `sys_notice` (`notice_id`, `notice_title`, `notice_type`, `notice_content`, `status`, `create_by`, `create_time`, `update_by`, `update_time`, `remark`) VALUES (3, '关于新型冠状病毒疫苗接种的通知', '2', 0xE6A0B9E68DAEE59BBDE5AEB6E58DABE7949FE581A5E5BAB7E5A794E59198E4BC9AE79A84E8A681E6B182EFBC8CE68891E999A2E5B086E4BA8EE8BF91E69C9FE5BC80E5A78BE696B0E59E8BE586A0E78AB6E79785E6AF92E796ABE88B97E68EA5E7A78DE5B7A5E4BD9CE38082E8AFB7E5B9BFE5A4A7E5B882E6B091E5AF86E58887E585B3E6B3A8E5AE98E696B9E9809AE79FA5EFBC8CE5819AE5A5BDE68EA5E7A78DE58786E5A487E38082, '0', 'admin', '2023-12-20 08:00:00', 'admin', '2023-12-20 08:00:00', '管理员');
INSERT INTO `sys_notice` (`notice_id`, `notice_title`, `notice_type`, `notice_content`, `status`, `create_by`, `create_time`, `update_by`, `update_time`, `remark`) VALUES (4, '关于疫苗接种后注意事项的公告', '2', 0xE796ABE88B97E68EA5E7A78DE5908EEFBC8CE6B3A8E6848FE4BC91E681AFEFBC8CE4BF9DE68C81E58585E8B6B3E79A84E6B0B4E58886E69184E585A5EFBC8CE981BFE5858DE589A7E78388E8BF90E58AA8EFBC8CE8A782E5AF9FE68EA5E7A78DE983A8E4BD8DE698AFE590A6E69C89E5BC82E5B8B8E58F8DE5BA94E7AD89E38082E5A682E69C89E4B88DE98082EFBC8CE8AFB7E58F8AE697B6E5B0B1E58CBBE38082, '0', 'admin', '2023-12-20 09:00:00', 'admin', '2023-12-20 09:00:00', '管理员');
COMMIT;

-- ----------------------------
-- Table structure for sys_oper_log
-- ----------------------------
DROP TABLE IF EXISTS `sys_oper_log`;
CREATE TABLE `sys_oper_log` (
  `oper_id` bigint NOT NULL COMMENT '日志主键',
  `title` varchar(50) COLLATE utf8mb4_general_ci DEFAULT '' COMMENT '模块标题',
  `business_type` int DEFAULT '0' COMMENT '业务类型（0其它 1新增 2修改 3删除）',
  `method` varchar(100) COLLATE utf8mb4_general_ci DEFAULT '' COMMENT '方法名称',
  `request_method` varchar(10) COLLATE utf8mb4_general_ci DEFAULT '' COMMENT '请求方式',
  `operator_type` int DEFAULT '0' COMMENT '操作类别（0其它 1后台用户 2手机端用户）',
  `oper_name` varchar(50) COLLATE utf8mb4_general_ci DEFAULT '' COMMENT '操作人员',
  `dept_name` varchar(50) COLLATE utf8mb4_general_ci DEFAULT '' COMMENT '部门名称',
  `oper_url` varchar(255) COLLATE utf8mb4_general_ci DEFAULT '' COMMENT '请求URL',
  `oper_ip` varchar(128) COLLATE utf8mb4_general_ci DEFAULT '' COMMENT '主机地址',
  `oper_location` varchar(255) COLLATE utf8mb4_general_ci DEFAULT '' COMMENT '操作地点',
  `oper_param` varchar(2000) COLLATE utf8mb4_general_ci DEFAULT '' COMMENT '请求参数',
  `json_result` varchar(2000) COLLATE utf8mb4_general_ci DEFAULT '' COMMENT '返回参数',
  `status` int DEFAULT '0' COMMENT '操作状态（0正常 1异常）',
  `error_msg` varchar(2000) COLLATE utf8mb4_general_ci DEFAULT '' COMMENT '错误消息',
  `oper_time` datetime DEFAULT NULL COMMENT '操作时间',
  PRIMARY KEY (`oper_id`),
  KEY `idx_sys_oper_log_bt` (`business_type`),
  KEY `idx_sys_oper_log_s` (`status`),
  KEY `idx_sys_oper_log_ot` (`oper_time`)
) ENGINE=InnoDB DEFAULT CHARSET=utf8mb4 COLLATE=utf8mb4_general_ci COMMENT='操作日志记录';

-- ----------------------------
-- Records of sys_oper_log
-- ----------------------------
BEGIN;
INSERT INTO `sys_oper_log` (`oper_id`, `title`, `business_type`, `method`, `request_method`, `operator_type`, `oper_name`, `dept_name`, `oper_url`, `oper_ip`, `oper_location`, `oper_param`, `json_result`, `status`, `error_msg`, `oper_time`) VALUES (1747565698003341313, '代码生成', 6, 'com.ym.generator.controller.GenController.importTableSave()', 'POST', 1, 'admin', '研发部门', '/tool/gen/importTable', '0:0:0:0:0:0:0:1', '内网IP', '\"ym_vaccine_type,ym_manufacturer\"', '{\"code\":200,\"msg\":\"操作成功\",\"data\":null}', 0, '', '2024-01-17 18:25:05');
INSERT INTO `sys_oper_log` (`oper_id`, `title`, `business_type`, `method`, `request_method`, `operator_type`, `oper_name`, `dept_name`, `oper_url`, `oper_ip`, `oper_location`, `oper_param`, `json_result`, `status`, `error_msg`, `oper_time`) VALUES (1747565890077298689, '代码生成', 2, 'com.ym.generator.controller.GenController.editSave()', 'PUT', 1, 'admin', '研发部门', '/tool/gen', '0:0:0:0:0:0:0:1', '内网IP', '{\"createBy\":null,\"createTime\":null,\"updateBy\":\"admin\",\"updateTime\":\"2024-01-17 18:25:50\",\"params\":{\"treeCode\":null,\"treeName\":null,\"treeParentCode\":null,\"parentMenuId\":\"\"},\"tableId\":\"1747565697063817217\",\"tableName\":\"ym_vaccine_type\",\"tableComment\":\"疫苗类型表，存储疫苗的类型信息\",\"subTableName\":null,\"subTableFkName\":null,\"className\":\"YmVaccineType\",\"tplCategory\":\"crud\",\"packageName\":\"com.ym.vaccine\",\"moduleName\":\"vaccine\",\"businessName\":\"vaccineType\",\"functionName\":\"疫苗类型，存储疫苗的类型信息\",\"functionAuthor\":\"ym\",\"genType\":\"0\",\"genPath\":\"/\",\"pkColumn\":null,\"subTable\":null,\"columns\":[{\"createBy\":\"admin\",\"createTime\":\"2024-01-17 18:25:05\",\"updateBy\":\"admin\",\"updateTime\":\"2024-01-17 18:25:50\",\"columnId\":\"1747565697386778625\",\"tableId\":\"1747565697063817217\",\"columnName\":\"type_id\",\"columnComment\":\"类型id\",\"columnType\":\"int\",\"javaType\":\"Long\",\"javaField\":\"typeId\",\"isPk\":\"1\",\"isIncrement\":\"1\",\"isRequired\":\"1\",\"isInsert\":null,\"isEdit\":\"1\",\"isList\":\"1\",\"isQuery\":null,\"queryType\":\"EQ\",\"htmlType\":\"input\",\"dictType\":\"\",\"sort\":1,\"pk\":true,\"edit\":true,\"list\":true,\"insert\":false,\"usableColumn\":false,\"superColumn\":false,\"increment\":true,\"query\":false,\"capJavaField\":\"TypeId\",\"required\":true},{\"createBy\":\"admin\",\"createTime\":\"2024-01-17 18:25:05\",\"updateBy\":\"admin\",\"updateTime\":\"2024-01-17 18:25:50\",\"columnId\":\"1747565697390972929\",\"tableId\":\"1747565697063817217\",\"columnName\":\"type_name\",\"columnComment\":\"疫苗类型名称\",\"columnType\":\"varchar(255)\",\"javaType\":\"String\",\"javaField\":\"typeName\",\"isPk\":\"0\",\"isIncrement\":\"0\",\"isRequired\":\"1\",\"isInsert\":\"1\",\"isEdit\":\"1\",\"isList\":\"1\",\"isQuery\":\"1\",\"queryType\":\"LIKE\",\"htmlType\":\"input\",\"dictType\":\"\",\"sort\":2,\"pk\":false,\"edit\":true,\"list\":true,\"insert\":true,\"usableColumn\":false,\"superColumn\":false,\"increment\":false,\"query\":true,\"capJavaField\":\"TypeName\",\"required\":true}],\"options\":\"{\\\"treeCode\\\":null,\\\"treeName\\\":null,\\\"treeParentCode\\\":null,\\\"parentMenuId\\\":\\\"\\\"}\",\"remark\":null,\"treeCode\":null,\"treeParentCode\":null,\"treeName\":null,\"menuIds\":null,\"parentMenuId\":\"\",\"parentMenuNa', '{\"code\":200,\"msg\":\"操作成功\",\"data\":null}', 0, '', '2024-01-17 18:25:51');
INSERT INTO `sys_oper_log` (`oper_id`, `title`, `business_type`, `method`, `request_method`, `operator_type`, `oper_name`, `dept_name`, `oper_url`, `oper_ip`, `oper_location`, `oper_param`, `json_result`, `status`, `error_msg`, `oper_time`) VALUES (1747566033891594242, '代码生成', 2, 'com.ym.generator.controller.GenController.editSave()', 'PUT', 1, 'admin', '研发部门', '/tool/gen', '0:0:0:0:0:0:0:1', '内网IP', '{\"createBy\":null,\"createTime\":null,\"updateBy\":\"admin\",\"updateTime\":\"2024-01-17 18:26:25\",\"params\":{\"treeCode\":null,\"treeName\":null,\"treeParentCode\":null,\"parentMenuId\":5},\"tableId\":\"1747565696392728577\",\"tableName\":\"ym_manufacturer\",\"tableComment\":\"疫苗厂家表，存储疫苗厂家信息\",\"subTableName\":null,\"subTableFkName\":null,\"className\":\"YmManufacturer\",\"tplCategory\":\"crud\",\"packageName\":\"com.ym.vaccine\",\"moduleName\":\"vaccine\",\"businessName\":\"manufacturer\",\"functionName\":\"疫苗厂家，存储疫苗厂家信息\",\"functionAuthor\":\"ym\",\"genType\":\"0\",\"genPath\":\"/\",\"pkColumn\":null,\"subTable\":null,\"columns\":[{\"createBy\":\"admin\",\"createTime\":\"2024-01-17 18:25:05\",\"updateBy\":\"admin\",\"updateTime\":\"2024-01-17 18:26:25\",\"columnId\":\"1747565696740855809\",\"tableId\":\"1747565696392728577\",\"columnName\":\"manufacturer_id\",\"columnComment\":\"\",\"columnType\":\"bigint\",\"javaType\":\"Long\",\"javaField\":\"manufacturerId\",\"isPk\":\"1\",\"isIncrement\":\"1\",\"isRequired\":\"1\",\"isInsert\":null,\"isEdit\":\"1\",\"isList\":\"1\",\"isQuery\":null,\"queryType\":\"EQ\",\"htmlType\":\"input\",\"dictType\":\"\",\"sort\":1,\"pk\":true,\"edit\":true,\"list\":true,\"insert\":false,\"usableColumn\":false,\"superColumn\":false,\"increment\":true,\"query\":false,\"capJavaField\":\"ManufacturerId\",\"required\":true},{\"createBy\":\"admin\",\"createTime\":\"2024-01-17 18:25:05\",\"updateBy\":\"admin\",\"updateTime\":\"2024-01-17 18:26:25\",\"columnId\":\"1747565696749244418\",\"tableId\":\"1747565696392728577\",\"columnName\":\"facturer_name\",\"columnComment\":\"\",\"columnType\":\"varchar(255)\",\"javaType\":\"String\",\"javaField\":\"facturerName\",\"isPk\":\"0\",\"isIncrement\":\"0\",\"isRequired\":\"1\",\"isInsert\":\"1\",\"isEdit\":\"1\",\"isList\":\"1\",\"isQuery\":\"1\",\"queryType\":\"LIKE\",\"htmlType\":\"input\",\"dictType\":\"\",\"sort\":2,\"pk\":false,\"edit\":true,\"list\":true,\"insert\":true,\"usableColumn\":false,\"superColumn\":false,\"increment\":false,\"query\":true,\"capJavaField\":\"FacturerName\",\"required\":true},{\"createBy\":\"admin\",\"createTime\":\"2024-01-17 18:25:05\",\"updateBy\":\"admin\",\"updateTime\":\"2024-01-17 18:26:25\",\"columnId\":\"1747565696753438721\",\"tableId\":\"1747565696392728577\",\"columnNa', '{\"code\":200,\"msg\":\"操作成功\",\"data\":null}', 0, '', '2024-01-17 18:26:25');
INSERT INTO `sys_oper_log` (`oper_id`, `title`, `business_type`, `method`, `request_method`, `operator_type`, `oper_name`, `dept_name`, `oper_url`, `oper_ip`, `oper_location`, `oper_param`, `json_result`, `status`, `error_msg`, `oper_time`) VALUES (1747566088115556353, '代码生成', 2, 'com.ym.generator.controller.GenController.editSave()', 'PUT', 1, 'admin', '研发部门', '/tool/gen', '0:0:0:0:0:0:0:1', '内网IP', '{\"createBy\":null,\"createTime\":null,\"updateBy\":\"admin\",\"updateTime\":\"2024-01-17 18:26:38\",\"params\":{\"treeCode\":null,\"treeName\":null,\"treeParentCode\":null,\"parentMenuId\":5},\"tableId\":\"1747565697063817217\",\"tableName\":\"ym_vaccine_type\",\"tableComment\":\"疫苗类型表，存储疫苗的类型信息\",\"subTableName\":null,\"subTableFkName\":null,\"className\":\"YmVaccineType\",\"tplCategory\":\"crud\",\"packageName\":\"com.ym.vaccine\",\"moduleName\":\"vaccine\",\"businessName\":\"vaccineType\",\"functionName\":\"疫苗类型，存储疫苗的类型信息\",\"functionAuthor\":\"ym\",\"genType\":\"0\",\"genPath\":\"/\",\"pkColumn\":null,\"subTable\":null,\"columns\":[{\"createBy\":\"admin\",\"createTime\":\"2024-01-17 18:25:05\",\"updateBy\":\"admin\",\"updateTime\":\"2024-01-17 18:26:38\",\"columnId\":\"1747565697386778625\",\"tableId\":\"1747565697063817217\",\"columnName\":\"type_id\",\"columnComment\":\"类型id\",\"columnType\":\"int\",\"javaType\":\"Long\",\"javaField\":\"typeId\",\"isPk\":\"1\",\"isIncrement\":\"1\",\"isRequired\":\"1\",\"isInsert\":null,\"isEdit\":\"1\",\"isList\":\"1\",\"isQuery\":null,\"queryType\":\"EQ\",\"htmlType\":\"input\",\"dictType\":\"\",\"sort\":1,\"pk\":true,\"edit\":true,\"list\":true,\"insert\":false,\"usableColumn\":false,\"superColumn\":false,\"increment\":true,\"query\":false,\"capJavaField\":\"TypeId\",\"required\":true},{\"createBy\":\"admin\",\"createTime\":\"2024-01-17 18:25:05\",\"updateBy\":\"admin\",\"updateTime\":\"2024-01-17 18:26:38\",\"columnId\":\"1747565697390972929\",\"tableId\":\"1747565697063817217\",\"columnName\":\"type_name\",\"columnComment\":\"疫苗类型名称\",\"columnType\":\"varchar(255)\",\"javaType\":\"String\",\"javaField\":\"typeName\",\"isPk\":\"0\",\"isIncrement\":\"0\",\"isRequired\":\"1\",\"isInsert\":\"1\",\"isEdit\":\"1\",\"isList\":\"1\",\"isQuery\":\"1\",\"queryType\":\"LIKE\",\"htmlType\":\"input\",\"dictType\":\"\",\"sort\":2,\"pk\":false,\"edit\":true,\"list\":true,\"insert\":true,\"usableColumn\":false,\"superColumn\":false,\"increment\":false,\"query\":true,\"capJavaField\":\"TypeName\",\"required\":true}],\"options\":\"{\\\"treeCode\\\":null,\\\"treeName\\\":null,\\\"treeParentCode\\\":null,\\\"parentMenuId\\\":5}\",\"remark\":null,\"treeCode\":null,\"treeParentCode\":null,\"treeName\":null,\"menuIds\":null,\"parentMenuId\":\"5\",\"parentMenuName\"', '{\"code\":200,\"msg\":\"操作成功\",\"data\":null}', 0, '', '2024-01-17 18:26:38');
INSERT INTO `sys_oper_log` (`oper_id`, `title`, `business_type`, `method`, `request_method`, `operator_type`, `oper_name`, `dept_name`, `oper_url`, `oper_ip`, `oper_location`, `oper_param`, `json_result`, `status`, `error_msg`, `oper_time`) VALUES (1747566162614784002, '代码生成', 2, 'com.ym.generator.controller.GenController.editSave()', 'PUT', 1, 'admin', '研发部门', '/tool/gen', '0:0:0:0:0:0:0:1', '内网IP', '{\"createBy\":null,\"createTime\":null,\"updateBy\":\"admin\",\"updateTime\":\"2024-01-17 18:26:55\",\"params\":{\"treeCode\":null,\"treeName\":null,\"treeParentCode\":null,\"parentMenuId\":\"5\"},\"tableId\":\"1747565697063817217\",\"tableName\":\"ym_vaccine_type\",\"tableComment\":\"疫苗类型表，存储疫苗的类型信息\",\"subTableName\":null,\"subTableFkName\":null,\"className\":\"YmVaccineType\",\"tplCategory\":\"crud\",\"packageName\":\"com.ym.vaccine\",\"moduleName\":\"vaccine\",\"businessName\":\"vaccineType\",\"functionName\":\"疫苗类型，存储疫苗的类型信息\",\"functionAuthor\":\"ym\",\"genType\":\"0\",\"genPath\":\"/\",\"pkColumn\":null,\"subTable\":null,\"columns\":[{\"createBy\":\"admin\",\"createTime\":\"2024-01-17 18:25:05\",\"updateBy\":\"admin\",\"updateTime\":\"2024-01-17 18:26:55\",\"columnId\":\"1747565697386778625\",\"tableId\":\"1747565697063817217\",\"columnName\":\"type_id\",\"columnComment\":\"类型id\",\"columnType\":\"int\",\"javaType\":\"Long\",\"javaField\":\"typeId\",\"isPk\":\"1\",\"isIncrement\":\"1\",\"isRequired\":\"1\",\"isInsert\":null,\"isEdit\":\"1\",\"isList\":\"1\",\"isQuery\":null,\"queryType\":\"EQ\",\"htmlType\":\"input\",\"dictType\":\"\",\"sort\":1,\"pk\":true,\"edit\":true,\"list\":true,\"insert\":false,\"usableColumn\":false,\"superColumn\":false,\"increment\":true,\"query\":false,\"capJavaField\":\"TypeId\",\"required\":true},{\"createBy\":\"admin\",\"createTime\":\"2024-01-17 18:25:05\",\"updateBy\":\"admin\",\"updateTime\":\"2024-01-17 18:26:55\",\"columnId\":\"1747565697390972929\",\"tableId\":\"1747565697063817217\",\"columnName\":\"type_name\",\"columnComment\":\"疫苗类型名称\",\"columnType\":\"varchar(255)\",\"javaType\":\"String\",\"javaField\":\"typeName\",\"isPk\":\"0\",\"isIncrement\":\"0\",\"isRequired\":\"1\",\"isInsert\":\"1\",\"isEdit\":\"1\",\"isList\":\"1\",\"isQuery\":\"1\",\"queryType\":\"LIKE\",\"htmlType\":\"input\",\"dictType\":\"\",\"sort\":2,\"pk\":false,\"edit\":true,\"list\":true,\"insert\":true,\"usableColumn\":false,\"superColumn\":false,\"increment\":false,\"query\":true,\"capJavaField\":\"TypeName\",\"required\":true}],\"options\":\"{\\\"treeCode\\\":null,\\\"treeName\\\":null,\\\"treeParentCode\\\":null,\\\"parentMenuId\\\":\\\"5\\\"}\",\"remark\":null,\"treeCode\":null,\"treeParentCode\":null,\"treeName\":null,\"menuIds\":null,\"parentMenuId\":\"5\",\"parentMen', '{\"code\":200,\"msg\":\"操作成功\",\"data\":null}', 0, '', '2024-01-17 18:26:56');
INSERT INTO `sys_oper_log` (`oper_id`, `title`, `business_type`, `method`, `request_method`, `operator_type`, `oper_name`, `dept_name`, `oper_url`, `oper_ip`, `oper_location`, `oper_param`, `json_result`, `status`, `error_msg`, `oper_time`) VALUES (1747566177831718914, '代码生成', 8, 'com.ym.generator.controller.GenController.batchGenCode()', 'GET', 1, 'admin', '研发部门', '/tool/gen/batchGenCode', '0:0:0:0:0:0:0:1', '内网IP', '{\"tables\":\"ym_manufacturer,ym_vaccine_type\"}', '', 0, '', '2024-01-17 18:27:00');
INSERT INTO `sys_oper_log` (`oper_id`, `title`, `business_type`, `method`, `request_method`, `operator_type`, `oper_name`, `dept_name`, `oper_url`, `oper_ip`, `oper_location`, `oper_param`, `json_result`, `status`, `error_msg`, `oper_time`) VALUES (1747866774350913538, '部门管理', 3, 'com.ym.web.controller.system.SysDeptController.remove()', 'DELETE', 1, 'admin', '研发部门', '/system/dept/102', '0:0:0:0:0:0:0:1', '内网IP', '{}', '{\"code\":601,\"msg\":\"存在下级部门,不允许删除\",\"data\":null}', 0, '', '2024-01-18 14:21:27');
INSERT INTO `sys_oper_log` (`oper_id`, `title`, `business_type`, `method`, `request_method`, `operator_type`, `oper_name`, `dept_name`, `oper_url`, `oper_ip`, `oper_location`, `oper_param`, `json_result`, `status`, `error_msg`, `oper_time`) VALUES (1747866788544438274, '部门管理', 3, 'com.ym.web.controller.system.SysDeptController.remove()', 'DELETE', 1, 'admin', '研发部门', '/system/dept/108', '0:0:0:0:0:0:0:1', '内网IP', '{}', '{\"code\":200,\"msg\":\"操作成功\",\"data\":null}', 0, '', '2024-01-18 14:21:31');
INSERT INTO `sys_oper_log` (`oper_id`, `title`, `business_type`, `method`, `request_method`, `operator_type`, `oper_name`, `dept_name`, `oper_url`, `oper_ip`, `oper_location`, `oper_param`, `json_result`, `status`, `error_msg`, `oper_time`) VALUES (1747866819695534081, '部门管理', 3, 'com.ym.web.controller.system.SysDeptController.remove()', 'DELETE', 1, 'admin', '研发部门', '/system/dept/109', '0:0:0:0:0:0:0:1', '内网IP', '{}', '{\"code\":200,\"msg\":\"操作成功\",\"data\":null}', 0, '', '2024-01-18 14:21:38');
INSERT INTO `sys_oper_log` (`oper_id`, `title`, `business_type`, `method`, `request_method`, `operator_type`, `oper_name`, `dept_name`, `oper_url`, `oper_ip`, `oper_location`, `oper_param`, `json_result`, `status`, `error_msg`, `oper_time`) VALUES (1747866833926807554, '部门管理', 3, 'com.ym.web.controller.system.SysDeptController.remove()', 'DELETE', 1, 'admin', '研发部门', '/system/dept/102', '0:0:0:0:0:0:0:1', '内网IP', '{}', '{\"code\":200,\"msg\":\"操作成功\",\"data\":null}', 0, '', '2024-01-18 14:21:42');
INSERT INTO `sys_oper_log` (`oper_id`, `title`, `business_type`, `method`, `request_method`, `operator_type`, `oper_name`, `dept_name`, `oper_url`, `oper_ip`, `oper_location`, `oper_param`, `json_result`, `status`, `error_msg`, `oper_time`) VALUES (1747866849697390594, '部门管理', 3, 'com.ym.web.controller.system.SysDeptController.remove()', 'DELETE', 1, 'admin', '研发部门', '/system/dept/107', '0:0:0:0:0:0:0:1', '内网IP', '{}', '{\"code\":200,\"msg\":\"操作成功\",\"data\":null}', 0, '', '2024-01-18 14:21:45');
INSERT INTO `sys_oper_log` (`oper_id`, `title`, `business_type`, `method`, `request_method`, `operator_type`, `oper_name`, `dept_name`, `oper_url`, `oper_ip`, `oper_location`, `oper_param`, `json_result`, `status`, `error_msg`, `oper_time`) VALUES (1747866885382529025, '部门管理', 3, 'com.ym.web.controller.system.SysDeptController.remove()', 'DELETE', 1, 'admin', '研发部门', '/system/dept/106', '0:0:0:0:0:0:0:1', '内网IP', '{}', '{\"code\":200,\"msg\":\"操作成功\",\"data\":null}', 0, '', '2024-01-18 14:21:54');
INSERT INTO `sys_oper_log` (`oper_id`, `title`, `business_type`, `method`, `request_method`, `operator_type`, `oper_name`, `dept_name`, `oper_url`, `oper_ip`, `oper_location`, `oper_param`, `json_result`, `status`, `error_msg`, `oper_time`) VALUES (1747866893343318017, '部门管理', 3, 'com.ym.web.controller.system.SysDeptController.remove()', 'DELETE', 1, 'admin', '研发部门', '/system/dept/105', '0:0:0:0:0:0:0:1', '内网IP', '{}', '{\"code\":601,\"msg\":\"部门存在用户,不允许删除\",\"data\":null}', 0, '', '2024-01-18 14:21:56');
INSERT INTO `sys_oper_log` (`oper_id`, `title`, `business_type`, `method`, `request_method`, `operator_type`, `oper_name`, `dept_name`, `oper_url`, `oper_ip`, `oper_location`, `oper_param`, `json_result`, `status`, `error_msg`, `oper_time`) VALUES (1747874487550144514, '菜单管理', 3, 'com.ym.web.controller.system.SysMenuController.remove()', 'DELETE', 1, 'admin', '研发部门', '/system/menu/117', '0:0:0:0:0:0:0:1', '内网IP', '{}', '{\"code\":200,\"msg\":\"操作成功\",\"data\":null}', 0, '', '2024-01-18 14:52:06');
INSERT INTO `sys_oper_log` (`oper_id`, `title`, `business_type`, `method`, `request_method`, `operator_type`, `oper_name`, `dept_name`, `oper_url`, `oper_ip`, `oper_location`, `oper_param`, `json_result`, `status`, `error_msg`, `oper_time`) VALUES (1747874517904322561, '菜单管理', 3, 'com.ym.web.controller.system.SysMenuController.remove()', 'DELETE', 1, 'admin', '研发部门', '/system/menu/120', '0:0:0:0:0:0:0:1', '内网IP', '{}', '{\"code\":200,\"msg\":\"操作成功\",\"data\":null}', 0, '', '2024-01-18 14:52:14');
INSERT INTO `sys_oper_log` (`oper_id`, `title`, `business_type`, `method`, `request_method`, `operator_type`, `oper_name`, `dept_name`, `oper_url`, `oper_ip`, `oper_location`, `oper_param`, `json_result`, `status`, `error_msg`, `oper_time`) VALUES (1747874535642034178, '菜单管理', 3, 'com.ym.web.controller.system.SysMenuController.remove()', 'DELETE', 1, 'admin', '研发部门', '/system/menu/4', '0:0:0:0:0:0:0:1', '内网IP', '{}', '{\"code\":601,\"msg\":\"菜单已分配,不允许删除\",\"data\":null}', 0, '', '2024-01-18 14:52:18');
INSERT INTO `sys_oper_log` (`oper_id`, `title`, `business_type`, `method`, `request_method`, `operator_type`, `oper_name`, `dept_name`, `oper_url`, `oper_ip`, `oper_location`, `oper_param`, `json_result`, `status`, `error_msg`, `oper_time`) VALUES (1747874595800936449, '菜单管理', 2, 'com.ym.web.controller.system.SysMenuController.edit()', 'PUT', 1, 'admin', '研发部门', '/system/menu', '0:0:0:0:0:0:0:1', '内网IP', '{\"createBy\":\"admin\",\"createTime\":\"2024-01-17 17:51:53\",\"updateBy\":\"admin\",\"updateTime\":\"2024-01-18 14:52:32\",\"parentName\":null,\"parentId\":0,\"children\":[],\"menuId\":4,\"menuName\":\"PLUS官网\",\"orderNum\":7,\"path\":\"https://gitee.com/dromara/RuoYi-Vue-Plus\",\"component\":null,\"queryParam\":\"\",\"isFrame\":\"1\",\"isCache\":\"0\",\"menuType\":\"M\",\"visible\":\"1\",\"status\":\"1\",\"perms\":\"\",\"icon\":\"guide\",\"remark\":\"RuoYi-Vue-Plus官网地址\"}', '{\"code\":200,\"msg\":\"操作成功\",\"data\":null}', 0, '', '2024-01-18 14:52:32');
INSERT INTO `sys_oper_log` (`oper_id`, `title`, `business_type`, `method`, `request_method`, `operator_type`, `oper_name`, `dept_name`, `oper_url`, `oper_ip`, `oper_location`, `oper_param`, `json_result`, `status`, `error_msg`, `oper_time`) VALUES (1747874618198519810, '菜单管理', 3, 'com.ym.web.controller.system.SysMenuController.remove()', 'DELETE', 1, 'admin', '研发部门', '/system/menu/4', '0:0:0:0:0:0:0:1', '内网IP', '{}', '{\"code\":601,\"msg\":\"菜单已分配,不允许删除\",\"data\":null}', 0, '', '2024-01-18 14:52:38');
INSERT INTO `sys_oper_log` (`oper_id`, `title`, `business_type`, `method`, `request_method`, `operator_type`, `oper_name`, `dept_name`, `oper_url`, `oper_ip`, `oper_location`, `oper_param`, `json_result`, `status`, `error_msg`, `oper_time`) VALUES (1747874825959174146, '个人信息', 2, 'com.ym.web.controller.system.SysProfileController.updateProfile()', 'PUT', 1, 'admin', '研发部门', '/system/user/profile', '0:0:0:0:0:0:0:1', '内网IP', '{\"createBy\":\"admin\",\"createTime\":\"2024-01-17 17:51:52\",\"updateBy\":\"admin\",\"updateTime\":\"2024-01-18 14:53:26\",\"userId\":1,\"deptId\":null,\"userName\":null,\"nickName\":\"Seele\",\"userType\":\"sys_user\",\"email\":\"crazyLionLi@163.com\",\"phonenumber\":\"15888888888\",\"sex\":\"0\",\"avatar\":null,\"status\":\"0\",\"delFlag\":\"0\",\"loginIp\":\"0:0:0:0:0:0:0:1\",\"loginDate\":\"2024-01-18 14:51:03\",\"remark\":\"管理员\",\"dept\":{\"createBy\":null,\"createTime\":null,\"updateBy\":null,\"updateTime\":null,\"parentName\":null,\"parentId\":101,\"children\":[],\"deptId\":103,\"deptName\":\"研发部门\",\"orderNum\":1,\"leader\":\"若依\",\"phone\":null,\"email\":null,\"status\":\"0\",\"delFlag\":null,\"ancestors\":\"0,100,101\"},\"roles\":[{\"createBy\":null,\"createTime\":null,\"updateBy\":null,\"updateTime\":null,\"roleId\":1,\"roleName\":\"超级管理员\",\"roleKey\":\"admin\",\"roleSort\":1,\"dataScope\":\"1\",\"menuCheckStrictly\":null,\"deptCheckStrictly\":null,\"status\":\"0\",\"delFlag\":null,\"remark\":null,\"flag\":false,\"menuIds\":null,\"deptIds\":null,\"admin\":true}],\"roleIds\":null,\"postIds\":null,\"roleId\":null,\"admin\":true}', '{\"code\":200,\"msg\":\"操作成功\",\"data\":null}', 0, '', '2024-01-18 14:53:27');
INSERT INTO `sys_oper_log` (`oper_id`, `title`, `business_type`, `method`, `request_method`, `operator_type`, `oper_name`, `dept_name`, `oper_url`, `oper_ip`, `oper_location`, `oper_param`, `json_result`, `status`, `error_msg`, `oper_time`) VALUES (1747874923153780737, '个人信息', 2, 'com.ym.web.controller.system.SysProfileController.updateProfile()', 'PUT', 1, 'admin', '研发部门', '/system/user/profile', '0:0:0:0:0:0:0:1', '内网IP', '{\"createBy\":\"admin\",\"createTime\":\"2024-01-17 17:51:52\",\"updateBy\":\"admin\",\"updateTime\":\"2024-01-18 14:53:50\",\"userId\":1,\"deptId\":null,\"userName\":null,\"nickName\":\"Seele\",\"userType\":\"sys_user\",\"email\":\"panpan@163.com\",\"phonenumber\":\"15888888888\",\"sex\":\"0\",\"avatar\":null,\"status\":\"0\",\"delFlag\":\"0\",\"loginIp\":\"0:0:0:0:0:0:0:1\",\"loginDate\":\"2024-01-18 14:51:03\",\"remark\":\"管理员\",\"dept\":{\"createBy\":null,\"createTime\":null,\"updateBy\":null,\"updateTime\":null,\"parentName\":null,\"parentId\":101,\"children\":[],\"deptId\":103,\"deptName\":\"研发部门\",\"orderNum\":1,\"leader\":\"若依\",\"phone\":null,\"email\":null,\"status\":\"0\",\"delFlag\":null,\"ancestors\":\"0,100,101\"},\"roles\":[{\"createBy\":null,\"createTime\":null,\"updateBy\":null,\"updateTime\":null,\"roleId\":1,\"roleName\":\"超级管理员\",\"roleKey\":\"admin\",\"roleSort\":1,\"dataScope\":\"1\",\"menuCheckStrictly\":null,\"deptCheckStrictly\":null,\"status\":\"0\",\"delFlag\":null,\"remark\":null,\"flag\":false,\"menuIds\":null,\"deptIds\":null,\"admin\":true}],\"roleIds\":null,\"postIds\":null,\"roleId\":null,\"admin\":true}', '{\"code\":200,\"msg\":\"操作成功\",\"data\":null}', 0, '', '2024-01-18 14:53:50');
INSERT INTO `sys_oper_log` (`oper_id`, `title`, `business_type`, `method`, `request_method`, `operator_type`, `oper_name`, `dept_name`, `oper_url`, `oper_ip`, `oper_location`, `oper_param`, `json_result`, `status`, `error_msg`, `oper_time`) VALUES (1747879849565167618, '用户管理', 2, 'com.ym.web.controller.system.SysUserController.edit()', 'PUT', 1, 'admin', '研发部门', '/system/user', '0:0:0:0:0:0:0:1', '内网IP', '{\"createBy\":\"admin\",\"createTime\":\"2024-01-17 17:51:52\",\"updateBy\":\"admin\",\"updateTime\":\"2024-01-18 15:13:24\",\"userId\":2,\"deptId\":105,\"userName\":\"lionli\",\"nickName\":\"ll\",\"userType\":\"sys_user\",\"email\":\"Lilin@qq.com\",\"phonenumber\":\"15666666666\",\"sex\":\"0\",\"avatar\":\"\",\"status\":\"0\",\"delFlag\":\"0\",\"loginIp\":\"127.0.0.1\",\"loginDate\":\"2024-01-17 17:51:52\",\"remark\":\"测试员\",\"dept\":{\"createBy\":null,\"createTime\":null,\"updateBy\":null,\"updateTime\":null,\"parentName\":null,\"parentId\":101,\"children\":[],\"deptId\":105,\"deptName\":\"测试部门\",\"orderNum\":3,\"leader\":\"若依\",\"phone\":null,\"email\":null,\"status\":\"0\",\"delFlag\":null,\"ancestors\":\"0,100,101\"},\"roles\":[{\"createBy\":null,\"createTime\":null,\"updateBy\":null,\"updateTime\":null,\"roleId\":2,\"roleName\":\"普通角色\",\"roleKey\":\"common\",\"roleSort\":2,\"dataScope\":\"2\",\"menuCheckStrictly\":null,\"deptCheckStrictly\":null,\"status\":\"0\",\"delFlag\":null,\"remark\":null,\"flag\":false,\"menuIds\":null,\"deptIds\":null,\"admin\":false}],\"roleIds\":[2],\"postIds\":[2],\"roleId\":null,\"admin\":false}', '{\"code\":200,\"msg\":\"操作成功\",\"data\":null}', 0, '', '2024-01-18 15:13:25');
INSERT INTO `sys_oper_log` (`oper_id`, `title`, `business_type`, `method`, `request_method`, `operator_type`, `oper_name`, `dept_name`, `oper_url`, `oper_ip`, `oper_location`, `oper_param`, `json_result`, `status`, `error_msg`, `oper_time`) VALUES (1747884944415571970, '疫苗类型，存储疫苗的类型信息', 1, 'com.ym.vaccine.controller.YmVaccineTypeController.add()', 'POST', 1, 'admin', '研发部门', '/vaccine/vaccineType', '0:0:0:0:0:0:0:1', '内网IP', '{\"typeId\":null,\"typeName\":null}', '', 1, '\n### Error updating database.  Cause: com.mysql.cj.jdbc.exceptions.MysqlDataTruncation: Data truncation: Out of range value for column \'type_id\' at row 1\n### The error may exist in com/ym/vaccine/mapper/YmVaccineTypeMapper.java (best guess)\n### The error may involve com.ym.vaccine.mapper.YmVaccineTypeMapper.insert-Inline\n### The error occurred while setting parameters\n### SQL: INSERT INTO ym_vaccine_type  ( type_id )  VALUES (  ?  )\n### Cause: com.mysql.cj.jdbc.exceptions.MysqlDataTruncation: Data truncation: Out of range value for column \'type_id\' at row 1\n; Data truncation: Out of range value for column \'type_id\' at row 1; nested exception is com.mysql.cj.jdbc.exceptions.MysqlDataTruncation: Data truncation: Out of range value for column \'type_id\' at row 1', '2024-01-18 15:33:40');
INSERT INTO `sys_oper_log` (`oper_id`, `title`, `business_type`, `method`, `request_method`, `operator_type`, `oper_name`, `dept_name`, `oper_url`, `oper_ip`, `oper_location`, `oper_param`, `json_result`, `status`, `error_msg`, `oper_time`) VALUES (1747885017501319169, '疫苗类型，存储疫苗的类型信息', 1, 'com.ym.vaccine.controller.YmVaccineTypeController.add()', 'POST', 1, 'admin', '研发部门', '/vaccine/vaccineType', '0:0:0:0:0:0:0:1', '内网IP', '{\"typeId\":37,\"typeName\":\"测试疫苗类型\"}', '{\"code\":200,\"msg\":\"操作成功\",\"data\":null}', 0, '', '2024-01-18 15:33:57');
INSERT INTO `sys_oper_log` (`oper_id`, `title`, `business_type`, `method`, `request_method`, `operator_type`, `oper_name`, `dept_name`, `oper_url`, `oper_ip`, `oper_location`, `oper_param`, `json_result`, `status`, `error_msg`, `oper_time`) VALUES (1747885216005144577, '疫苗类型，存储疫苗的类型信息', 3, 'com.ym.vaccine.controller.YmVaccineTypeController.remove()', 'DELETE', 1, 'admin', '研发部门', '/vaccine/vaccineType/37', '0:0:0:0:0:0:0:1', '内网IP', '{}', '{\"code\":200,\"msg\":\"操作成功\",\"data\":null}', 0, '', '2024-01-18 15:34:44');
INSERT INTO `sys_oper_log` (`oper_id`, `title`, `business_type`, `method`, `request_method`, `operator_type`, `oper_name`, `dept_name`, `oper_url`, `oper_ip`, `oper_location`, `oper_param`, `json_result`, `status`, `error_msg`, `oper_time`) VALUES (1747885316848795649, '疫苗类型，存储疫苗的类型信息', 1, 'com.ym.vaccine.controller.YmVaccineTypeController.add()', 'POST', 1, 'admin', '研发部门', '/vaccine/vaccineType', '0:0:0:0:0:0:0:1', '内网IP', '{\"typeId\":37,\"typeName\":\"测试疫苗类型\"}', '{\"code\":200,\"msg\":\"操作成功\",\"data\":null}', 0, '', '2024-01-18 15:35:08');
INSERT INTO `sys_oper_log` (`oper_id`, `title`, `business_type`, `method`, `request_method`, `operator_type`, `oper_name`, `dept_name`, `oper_url`, `oper_ip`, `oper_location`, `oper_param`, `json_result`, `status`, `error_msg`, `oper_time`) VALUES (1747885391180251137, '疫苗类型，存储疫苗的类型信息', 2, 'com.ym.vaccine.controller.YmVaccineTypeController.edit()', 'PUT', 1, 'admin', '研发部门', '/vaccine/vaccineType', '0:0:0:0:0:0:0:1', '内网IP', '{\"typeId\":37,\"typeName\":\"测试疫苗类型3737373\"}', '{\"code\":200,\"msg\":\"操作成功\",\"data\":null}', 0, '', '2024-01-18 15:35:26');
INSERT INTO `sys_oper_log` (`oper_id`, `title`, `business_type`, `method`, `request_method`, `operator_type`, `oper_name`, `dept_name`, `oper_url`, `oper_ip`, `oper_location`, `oper_param`, `json_result`, `status`, `error_msg`, `oper_time`) VALUES (1747885436017360897, '疫苗类型，存储疫苗的类型信息', 3, 'com.ym.vaccine.controller.YmVaccineTypeController.remove()', 'DELETE', 1, 'admin', '研发部门', '/vaccine/vaccineType/37', '0:0:0:0:0:0:0:1', '内网IP', '{}', '{\"code\":200,\"msg\":\"操作成功\",\"data\":null}', 0, '', '2024-01-18 15:35:37');
INSERT INTO `sys_oper_log` (`oper_id`, `title`, `business_type`, `method`, `request_method`, `operator_type`, `oper_name`, `dept_name`, `oper_url`, `oper_ip`, `oper_location`, `oper_param`, `json_result`, `status`, `error_msg`, `oper_time`) VALUES (1747886337671086081, '代码生成', 6, 'com.ym.generator.controller.GenController.importTableSave()', 'POST', 1, 'admin', '研发部门', '/tool/gen/importTable', '0:0:0:0:0:0:0:1', '内网IP', '\"ym_vaccine,ym_appointment,ym_vaccination_record\"', '{\"code\":200,\"msg\":\"操作成功\",\"data\":null}', 0, '', '2024-01-18 15:39:12');
INSERT INTO `sys_oper_log` (`oper_id`, `title`, `business_type`, `method`, `request_method`, `operator_type`, `oper_name`, `dept_name`, `oper_url`, `oper_ip`, `oper_location`, `oper_param`, `json_result`, `status`, `error_msg`, `oper_time`) VALUES (1747886689371865090, '代码生成', 2, 'com.ym.generator.controller.GenController.editSave()', 'PUT', 1, 'admin', '研发部门', '/tool/gen', '0:0:0:0:0:0:0:1', '内网IP', '{\"createBy\":null,\"createTime\":null,\"updateBy\":\"admin\",\"updateTime\":\"2024-01-18 15:40:35\",\"params\":{\"treeCode\":null,\"treeName\":null,\"treeParentCode\":null,\"parentMenuId\":6},\"tableId\":\"1747886335351635969\",\"tableName\":\"ym_appointment\",\"tableComment\":\"预约表，存储用户预约信息\",\"subTableName\":null,\"subTableFkName\":null,\"className\":\"YmAppointment\",\"tplCategory\":\"crud\",\"packageName\":\"com.ym.vaccine\",\"moduleName\":\"vaccine\",\"businessName\":\"appointment\",\"functionName\":\"疫苗预约，存储用户预约信息\",\"functionAuthor\":\"ym\",\"genType\":\"0\",\"genPath\":\"/\",\"pkColumn\":null,\"subTable\":null,\"columns\":[{\"createBy\":\"admin\",\"createTime\":\"2024-01-18 15:39:11\",\"updateBy\":\"admin\",\"updateTime\":\"2024-01-18 15:40:35\",\"columnId\":\"1747886335720734722\",\"tableId\":\"1747886335351635969\",\"columnName\":\"appointment_ID\",\"columnComment\":\"\",\"columnType\":\"int\",\"javaType\":\"Long\",\"javaField\":\"appointmentId\",\"isPk\":\"1\",\"isIncrement\":\"1\",\"isRequired\":\"1\",\"isInsert\":null,\"isEdit\":\"1\",\"isList\":\"1\",\"isQuery\":null,\"queryType\":\"EQ\",\"htmlType\":\"input\",\"dictType\":\"\",\"sort\":1,\"capJavaField\":\"AppointmentId\",\"increment\":true,\"query\":false,\"insert\":false,\"usableColumn\":false,\"superColumn\":false,\"list\":true,\"pk\":true,\"edit\":true,\"required\":true},{\"createBy\":\"admin\",\"createTime\":\"2024-01-18 15:39:11\",\"updateBy\":\"admin\",\"updateTime\":\"2024-01-18 15:40:35\",\"columnId\":\"1747886335729123330\",\"tableId\":\"1747886335351635969\",\"columnName\":\"user_id\",\"columnComment\":\"\",\"columnType\":\"bigint\",\"javaType\":\"Long\",\"javaField\":\"userId\",\"isPk\":\"0\",\"isIncrement\":\"0\",\"isRequired\":\"1\",\"isInsert\":\"1\",\"isEdit\":\"1\",\"isList\":\"1\",\"isQuery\":\"1\",\"queryType\":\"EQ\",\"htmlType\":\"input\",\"dictType\":\"\",\"sort\":2,\"capJavaField\":\"UserId\",\"increment\":false,\"query\":true,\"insert\":true,\"usableColumn\":false,\"superColumn\":false,\"list\":true,\"pk\":false,\"edit\":true,\"required\":true},{\"createBy\":\"admin\",\"createTime\":\"2024-01-18 15:39:11\",\"updateBy\":\"admin\",\"updateTime\":\"2024-01-18 15:40:35\",\"columnId\":\"1747886335737511938\",\"tableId\":\"1747886335351635969\",\"columnName\":\"vaccine_id\",\"columnComment\":\"\",\"co', '{\"code\":200,\"msg\":\"操作成功\",\"data\":null}', 0, '', '2024-01-18 15:40:36');
INSERT INTO `sys_oper_log` (`oper_id`, `title`, `business_type`, `method`, `request_method`, `operator_type`, `oper_name`, `dept_name`, `oper_url`, `oper_ip`, `oper_location`, `oper_param`, `json_result`, `status`, `error_msg`, `oper_time`) VALUES (1747886832045309954, '代码生成', 2, 'com.ym.generator.controller.GenController.editSave()', 'PUT', 1, 'admin', '研发部门', '/tool/gen', '0:0:0:0:0:0:0:1', '内网IP', '{\"createBy\":null,\"createTime\":null,\"updateBy\":\"admin\",\"updateTime\":\"2024-01-18 15:41:09\",\"params\":{\"treeCode\":null,\"treeName\":null,\"treeParentCode\":null,\"parentMenuId\":7},\"tableId\":\"1747886336198885378\",\"tableName\":\"ym_vaccination_record\",\"tableComment\":\"接种记录表，存储用户接种记录\",\"subTableName\":null,\"subTableFkName\":null,\"className\":\"YmVaccinationRecord\",\"tplCategory\":\"crud\",\"packageName\":\"com.ym.vaccine\",\"moduleName\":\"vaccine\",\"businessName\":\"vaccinationRecord\",\"functionName\":\"接种记录，存储用户接种记录\",\"functionAuthor\":\"ym\",\"genType\":\"0\",\"genPath\":\"/\",\"pkColumn\":null,\"subTable\":null,\"columns\":[{\"createBy\":\"admin\",\"createTime\":\"2024-01-18 15:39:11\",\"updateBy\":\"admin\",\"updateTime\":\"2024-01-18 15:41:09\",\"columnId\":\"1747886336404406274\",\"tableId\":\"1747886336198885378\",\"columnName\":\"record_id\",\"columnComment\":\"记录id\",\"columnType\":\"int\",\"javaType\":\"Long\",\"javaField\":\"recordId\",\"isPk\":\"1\",\"isIncrement\":\"1\",\"isRequired\":\"1\",\"isInsert\":null,\"isEdit\":\"1\",\"isList\":\"1\",\"isQuery\":null,\"queryType\":\"EQ\",\"htmlType\":\"input\",\"dictType\":\"\",\"sort\":1,\"capJavaField\":\"RecordId\",\"increment\":true,\"query\":false,\"insert\":false,\"usableColumn\":false,\"superColumn\":false,\"list\":true,\"pk\":true,\"edit\":true,\"required\":true},{\"createBy\":\"admin\",\"createTime\":\"2024-01-18 15:39:11\",\"updateBy\":\"admin\",\"updateTime\":\"2024-01-18 15:41:09\",\"columnId\":\"1747886336412794881\",\"tableId\":\"1747886336198885378\",\"columnName\":\"user_id\",\"columnComment\":\"用户id\",\"columnType\":\"bigint\",\"javaType\":\"Long\",\"javaField\":\"userId\",\"isPk\":\"0\",\"isIncrement\":\"0\",\"isRequired\":\"1\",\"isInsert\":\"1\",\"isEdit\":\"1\",\"isList\":\"1\",\"isQuery\":\"1\",\"queryType\":\"EQ\",\"htmlType\":\"input\",\"dictType\":\"\",\"sort\":2,\"capJavaField\":\"UserId\",\"increment\":false,\"query\":true,\"insert\":true,\"usableColumn\":false,\"superColumn\":false,\"list\":true,\"pk\":false,\"edit\":true,\"required\":true},{\"createBy\":\"admin\",\"createTime\":\"2024-01-18 15:39:11\",\"updateBy\":\"admin\",\"updateTime\":\"2024-01-18 15:41:09\",\"columnId\":\"1747886336416989185\",\"tableId\":\"1747886336198885378\",\"columnName\":\"vaccine_id\",\"columnC', '{\"code\":200,\"msg\":\"操作成功\",\"data\":null}', 0, '', '2024-01-18 15:41:10');
INSERT INTO `sys_oper_log` (`oper_id`, `title`, `business_type`, `method`, `request_method`, `operator_type`, `oper_name`, `dept_name`, `oper_url`, `oper_ip`, `oper_location`, `oper_param`, `json_result`, `status`, `error_msg`, `oper_time`) VALUES (1747887033581617153, '代码生成', 2, 'com.ym.generator.controller.GenController.editSave()', 'PUT', 1, 'admin', '研发部门', '/tool/gen', '0:0:0:0:0:0:0:1', '内网IP', '{\"createBy\":null,\"createTime\":null,\"updateBy\":\"admin\",\"updateTime\":\"2024-01-18 15:41:57\",\"params\":{\"treeCode\":null,\"treeName\":null,\"treeParentCode\":null,\"parentMenuId\":5},\"tableId\":\"1747886336819642369\",\"tableName\":\"ym_vaccine\",\"tableComment\":\"疫苗表，存储疫苗信息\",\"subTableName\":null,\"subTableFkName\":null,\"className\":\"YmVaccine\",\"tplCategory\":\"crud\",\"packageName\":\"com.ym.vaccine\",\"moduleName\":\"vaccine\",\"businessName\":\"vaccine\",\"functionName\":\"疫苗，存储疫苗信息\",\"functionAuthor\":\"ym\",\"genType\":\"0\",\"genPath\":\"/\",\"pkColumn\":null,\"subTable\":null,\"columns\":[{\"createBy\":\"admin\",\"createTime\":\"2024-01-18 15:39:12\",\"updateBy\":\"admin\",\"updateTime\":\"2024-01-18 15:41:57\",\"columnId\":\"1747886337134215170\",\"tableId\":\"1747886336819642369\",\"columnName\":\"vaccine_id\",\"columnComment\":\"疫苗id\",\"columnType\":\"bigint\",\"javaType\":\"Long\",\"javaField\":\"vaccineId\",\"isPk\":\"1\",\"isIncrement\":\"0\",\"isRequired\":\"1\",\"isInsert\":null,\"isEdit\":\"1\",\"isList\":\"1\",\"isQuery\":null,\"queryType\":\"EQ\",\"htmlType\":\"input\",\"dictType\":\"\",\"sort\":1,\"capJavaField\":\"VaccineId\",\"increment\":false,\"query\":false,\"insert\":false,\"usableColumn\":false,\"superColumn\":false,\"list\":true,\"pk\":true,\"edit\":true,\"required\":true},{\"createBy\":\"admin\",\"createTime\":\"2024-01-18 15:39:12\",\"updateBy\":\"admin\",\"updateTime\":\"2024-01-18 15:41:57\",\"columnId\":\"1747886337138409473\",\"tableId\":\"1747886336819642369\",\"columnName\":\"vaccine_name\",\"columnComment\":\"疫苗名称\",\"columnType\":\"varchar(255)\",\"javaType\":\"String\",\"javaField\":\"vaccineName\",\"isPk\":\"0\",\"isIncrement\":\"0\",\"isRequired\":\"1\",\"isInsert\":\"1\",\"isEdit\":\"1\",\"isList\":\"1\",\"isQuery\":\"1\",\"queryType\":\"LIKE\",\"htmlType\":\"input\",\"dictType\":\"\",\"sort\":2,\"capJavaField\":\"VaccineName\",\"increment\":false,\"query\":true,\"insert\":true,\"usableColumn\":false,\"superColumn\":false,\"list\":true,\"pk\":false,\"edit\":true,\"required\":true},{\"createBy\":\"admin\",\"createTime\":\"2024-01-18 15:39:12\",\"updateBy\":\"admin\",\"updateTime\":\"2024-01-18 15:41:57\",\"columnId\":\"1747886337142603778\",\"tableId\":\"1747886336819642369\",\"columnName\":\"type_id\",\"columnComment\":\"疫', '{\"code\":200,\"msg\":\"操作成功\",\"data\":null}', 0, '', '2024-01-18 15:41:58');
INSERT INTO `sys_oper_log` (`oper_id`, `title`, `business_type`, `method`, `request_method`, `operator_type`, `oper_name`, `dept_name`, `oper_url`, `oper_ip`, `oper_location`, `oper_param`, `json_result`, `status`, `error_msg`, `oper_time`) VALUES (1747887121229987842, '代码生成', 8, 'com.ym.generator.controller.GenController.batchGenCode()', 'GET', 1, 'admin', '研发部门', '/tool/gen/batchGenCode', '0:0:0:0:0:0:0:1', '内网IP', '{\"tables\":\"ym_appointment,ym_vaccination_record,ym_vaccine\"}', '', 0, '', '2024-01-18 15:42:19');
INSERT INTO `sys_oper_log` (`oper_id`, `title`, `business_type`, `method`, `request_method`, `operator_type`, `oper_name`, `dept_name`, `oper_url`, `oper_ip`, `oper_location`, `oper_param`, `json_result`, `status`, `error_msg`, `oper_time`) VALUES (1747890321718820866, '代码生成', 2, 'com.ym.generator.controller.GenController.editSave()', 'PUT', 1, 'admin', '研发部门', '/tool/gen', '0:0:0:0:0:0:0:1', '内网IP', '{\"createBy\":null,\"createTime\":null,\"updateBy\":\"admin\",\"updateTime\":\"2024-01-18 15:55:01\",\"params\":{\"treeCode\":null,\"treeName\":null,\"treeParentCode\":null,\"parentMenuId\":\"5\"},\"tableId\":\"1747565696392728577\",\"tableName\":\"ym_manufacturer\",\"tableComment\":\"疫苗厂家表\",\"subTableName\":null,\"subTableFkName\":null,\"className\":\"YmManufacturer\",\"tplCategory\":\"crud\",\"packageName\":\"com.ym.vaccine\",\"moduleName\":\"vaccine\",\"businessName\":\"manufacturer\",\"functionName\":\"疫苗厂家\",\"functionAuthor\":\"ym\",\"genType\":\"0\",\"genPath\":\"/\",\"pkColumn\":null,\"subTable\":null,\"columns\":[{\"createBy\":\"admin\",\"createTime\":\"2024-01-17 18:25:05\",\"updateBy\":\"admin\",\"updateTime\":\"2024-01-18 15:55:01\",\"columnId\":\"1747565696740855809\",\"tableId\":\"1747565696392728577\",\"columnName\":\"manufacturer_id\",\"columnComment\":\"\",\"columnType\":\"bigint\",\"javaType\":\"Long\",\"javaField\":\"manufacturerId\",\"isPk\":\"1\",\"isIncrement\":\"1\",\"isRequired\":\"1\",\"isInsert\":null,\"isEdit\":\"1\",\"isList\":\"1\",\"isQuery\":null,\"queryType\":\"EQ\",\"htmlType\":\"input\",\"dictType\":\"\",\"sort\":1,\"capJavaField\":\"ManufacturerId\",\"pk\":true,\"edit\":true,\"list\":true,\"insert\":false,\"usableColumn\":false,\"superColumn\":false,\"increment\":true,\"query\":false,\"required\":true},{\"createBy\":\"admin\",\"createTime\":\"2024-01-17 18:25:05\",\"updateBy\":\"admin\",\"updateTime\":\"2024-01-18 15:55:01\",\"columnId\":\"1747565696749244418\",\"tableId\":\"1747565696392728577\",\"columnName\":\"facturer_name\",\"columnComment\":\"\",\"columnType\":\"varchar(255)\",\"javaType\":\"String\",\"javaField\":\"facturerName\",\"isPk\":\"0\",\"isIncrement\":\"0\",\"isRequired\":\"1\",\"isInsert\":\"1\",\"isEdit\":\"1\",\"isList\":\"1\",\"isQuery\":\"1\",\"queryType\":\"LIKE\",\"htmlType\":\"input\",\"dictType\":\"\",\"sort\":2,\"capJavaField\":\"FacturerName\",\"pk\":false,\"edit\":true,\"list\":true,\"insert\":true,\"usableColumn\":false,\"superColumn\":false,\"increment\":false,\"query\":true,\"required\":true},{\"createBy\":\"admin\",\"createTime\":\"2024-01-17 18:25:05\",\"updateBy\":\"admin\",\"updateTime\":\"2024-01-18 15:55:01\",\"columnId\":\"1747565696753438721\",\"tableId\":\"1747565696392728577\",\"columnName\":\"address\",\"c', '{\"code\":200,\"msg\":\"操作成功\",\"data\":null}', 0, '', '2024-01-18 15:55:02');
INSERT INTO `sys_oper_log` (`oper_id`, `title`, `business_type`, `method`, `request_method`, `operator_type`, `oper_name`, `dept_name`, `oper_url`, `oper_ip`, `oper_location`, `oper_param`, `json_result`, `status`, `error_msg`, `oper_time`) VALUES (1747890401058275329, '代码生成', 2, 'com.ym.generator.controller.GenController.editSave()', 'PUT', 1, 'admin', '研发部门', '/tool/gen', '0:0:0:0:0:0:0:1', '内网IP', '{\"createBy\":null,\"createTime\":null,\"updateBy\":\"admin\",\"updateTime\":\"2024-01-18 15:55:20\",\"params\":{\"treeCode\":null,\"treeName\":null,\"treeParentCode\":null,\"parentMenuId\":\"5\"},\"tableId\":\"1747565697063817217\",\"tableName\":\"ym_vaccine_type\",\"tableComment\":\"疫苗类型表\",\"subTableName\":null,\"subTableFkName\":null,\"className\":\"YmVaccineType\",\"tplCategory\":\"crud\",\"packageName\":\"com.ym.vaccine\",\"moduleName\":\"vaccine\",\"businessName\":\"vaccineType\",\"functionName\":\"疫苗类型\",\"functionAuthor\":\"ym\",\"genType\":\"0\",\"genPath\":\"/\",\"pkColumn\":null,\"subTable\":null,\"columns\":[{\"createBy\":\"admin\",\"createTime\":\"2024-01-17 18:25:05\",\"updateBy\":\"admin\",\"updateTime\":\"2024-01-18 15:55:20\",\"columnId\":\"1747565697386778625\",\"tableId\":\"1747565697063817217\",\"columnName\":\"type_id\",\"columnComment\":\"类型id\",\"columnType\":\"int\",\"javaType\":\"Long\",\"javaField\":\"typeId\",\"isPk\":\"1\",\"isIncrement\":\"1\",\"isRequired\":\"1\",\"isInsert\":null,\"isEdit\":\"1\",\"isList\":\"1\",\"isQuery\":null,\"queryType\":\"EQ\",\"htmlType\":\"input\",\"dictType\":\"\",\"sort\":1,\"capJavaField\":\"TypeId\",\"pk\":true,\"edit\":true,\"list\":true,\"insert\":false,\"usableColumn\":false,\"superColumn\":false,\"increment\":true,\"query\":false,\"required\":true},{\"createBy\":\"admin\",\"createTime\":\"2024-01-17 18:25:05\",\"updateBy\":\"admin\",\"updateTime\":\"2024-01-18 15:55:20\",\"columnId\":\"1747565697390972929\",\"tableId\":\"1747565697063817217\",\"columnName\":\"type_name\",\"columnComment\":\"疫苗类型名称\",\"columnType\":\"varchar(255)\",\"javaType\":\"String\",\"javaField\":\"typeName\",\"isPk\":\"0\",\"isIncrement\":\"0\",\"isRequired\":\"1\",\"isInsert\":\"1\",\"isEdit\":\"1\",\"isList\":\"1\",\"isQuery\":\"1\",\"queryType\":\"LIKE\",\"htmlType\":\"input\",\"dictType\":\"\",\"sort\":2,\"capJavaField\":\"TypeName\",\"pk\":false,\"edit\":true,\"list\":true,\"insert\":true,\"usableColumn\":false,\"superColumn\":false,\"increment\":false,\"query\":true,\"required\":true}],\"options\":\"{\\\"treeCode\\\":null,\\\"treeName\\\":null,\\\"treeParentCode\\\":null,\\\"parentMenuId\\\":\\\"5\\\"}\",\"remark\":null,\"treeCode\":null,\"treeParentCode\":null,\"treeName\":null,\"menuIds\":null,\"parentMenuId\":\"5\",\"parentMenuName\":null,\"sub\":fa', '{\"code\":200,\"msg\":\"操作成功\",\"data\":null}', 0, '', '2024-01-18 15:55:21');
INSERT INTO `sys_oper_log` (`oper_id`, `title`, `business_type`, `method`, `request_method`, `operator_type`, `oper_name`, `dept_name`, `oper_url`, `oper_ip`, `oper_location`, `oper_param`, `json_result`, `status`, `error_msg`, `oper_time`) VALUES (1747890499934797825, '代码生成', 2, 'com.ym.generator.controller.GenController.editSave()', 'PUT', 1, 'admin', '研发部门', '/tool/gen', '0:0:0:0:0:0:0:1', '内网IP', '{\"createBy\":null,\"createTime\":null,\"updateBy\":\"admin\",\"updateTime\":\"2024-01-18 15:55:43\",\"params\":{\"treeCode\":null,\"treeName\":null,\"treeParentCode\":null,\"parentMenuId\":\"\"},\"tableId\":\"1747886335351635969\",\"tableName\":\"ym_appointment\",\"tableComment\":\"预约表\",\"subTableName\":null,\"subTableFkName\":null,\"className\":\"YmAppointment\",\"tplCategory\":\"crud\",\"packageName\":\"com.ym.vaccine\",\"moduleName\":\"vaccine\",\"businessName\":\"appointment\",\"functionName\":\"疫苗预约\",\"functionAuthor\":\"ym\",\"genType\":\"0\",\"genPath\":\"/\",\"pkColumn\":null,\"subTable\":null,\"columns\":[{\"createBy\":\"admin\",\"createTime\":\"2024-01-18 15:39:11\",\"updateBy\":\"admin\",\"updateTime\":\"2024-01-18 15:55:43\",\"columnId\":\"1747886335720734722\",\"tableId\":\"1747886335351635969\",\"columnName\":\"appointment_ID\",\"columnComment\":\"\",\"columnType\":\"int\",\"javaType\":\"Long\",\"javaField\":\"appointmentId\",\"isPk\":\"1\",\"isIncrement\":\"1\",\"isRequired\":\"1\",\"isInsert\":null,\"isEdit\":\"1\",\"isList\":\"1\",\"isQuery\":null,\"queryType\":\"EQ\",\"htmlType\":\"input\",\"dictType\":\"\",\"sort\":1,\"capJavaField\":\"AppointmentId\",\"pk\":true,\"edit\":true,\"list\":true,\"insert\":false,\"usableColumn\":false,\"superColumn\":false,\"increment\":true,\"query\":false,\"required\":true},{\"createBy\":\"admin\",\"createTime\":\"2024-01-18 15:39:11\",\"updateBy\":\"admin\",\"updateTime\":\"2024-01-18 15:55:43\",\"columnId\":\"1747886335729123330\",\"tableId\":\"1747886335351635969\",\"columnName\":\"user_id\",\"columnComment\":\"\",\"columnType\":\"bigint\",\"javaType\":\"Long\",\"javaField\":\"userId\",\"isPk\":\"0\",\"isIncrement\":\"0\",\"isRequired\":\"1\",\"isInsert\":\"1\",\"isEdit\":\"1\",\"isList\":\"1\",\"isQuery\":\"1\",\"queryType\":\"EQ\",\"htmlType\":\"input\",\"dictType\":\"\",\"sort\":2,\"capJavaField\":\"UserId\",\"pk\":false,\"edit\":true,\"list\":true,\"insert\":true,\"usableColumn\":false,\"superColumn\":false,\"increment\":false,\"query\":true,\"required\":true},{\"createBy\":\"admin\",\"createTime\":\"2024-01-18 15:39:11\",\"updateBy\":\"admin\",\"updateTime\":\"2024-01-18 15:55:43\",\"columnId\":\"1747886335737511938\",\"tableId\":\"1747886335351635969\",\"columnName\":\"vaccine_id\",\"columnComment\":\"\",\"columnType\":\"bigint', '{\"code\":200,\"msg\":\"操作成功\",\"data\":null}', 0, '', '2024-01-18 15:55:44');
INSERT INTO `sys_oper_log` (`oper_id`, `title`, `business_type`, `method`, `request_method`, `operator_type`, `oper_name`, `dept_name`, `oper_url`, `oper_ip`, `oper_location`, `oper_param`, `json_result`, `status`, `error_msg`, `oper_time`) VALUES (1747890604133892098, '代码生成', 2, 'com.ym.generator.controller.GenController.editSave()', 'PUT', 1, 'admin', '研发部门', '/tool/gen', '0:0:0:0:0:0:0:1', '内网IP', '{\"createBy\":null,\"createTime\":null,\"updateBy\":\"admin\",\"updateTime\":\"2024-01-18 15:56:08\",\"params\":{\"treeCode\":null,\"treeName\":null,\"treeParentCode\":null,\"parentMenuId\":\"\"},\"tableId\":\"1747886336198885378\",\"tableName\":\"ym_vaccination_record\",\"tableComment\":\"接种记录表\",\"subTableName\":null,\"subTableFkName\":null,\"className\":\"YmVaccinationRecord\",\"tplCategory\":\"crud\",\"packageName\":\"com.ym.vaccine\",\"moduleName\":\"vaccine\",\"businessName\":\"vaccinationRecord\",\"functionName\":\"接种记录\",\"functionAuthor\":\"ym\",\"genType\":\"0\",\"genPath\":\"/\",\"pkColumn\":null,\"subTable\":null,\"columns\":[{\"createBy\":\"admin\",\"createTime\":\"2024-01-18 15:39:11\",\"updateBy\":\"admin\",\"updateTime\":\"2024-01-18 15:56:08\",\"columnId\":\"1747886336404406274\",\"tableId\":\"1747886336198885378\",\"columnName\":\"record_id\",\"columnComment\":\"记录id\",\"columnType\":\"int\",\"javaType\":\"Long\",\"javaField\":\"recordId\",\"isPk\":\"1\",\"isIncrement\":\"1\",\"isRequired\":\"1\",\"isInsert\":null,\"isEdit\":\"1\",\"isList\":\"1\",\"isQuery\":null,\"queryType\":\"EQ\",\"htmlType\":\"input\",\"dictType\":\"\",\"sort\":1,\"capJavaField\":\"RecordId\",\"pk\":true,\"edit\":true,\"list\":true,\"insert\":false,\"usableColumn\":false,\"superColumn\":false,\"increment\":true,\"query\":false,\"required\":true},{\"createBy\":\"admin\",\"createTime\":\"2024-01-18 15:39:11\",\"updateBy\":\"admin\",\"updateTime\":\"2024-01-18 15:56:08\",\"columnId\":\"1747886336412794881\",\"tableId\":\"1747886336198885378\",\"columnName\":\"user_id\",\"columnComment\":\"用户id\",\"columnType\":\"bigint\",\"javaType\":\"Long\",\"javaField\":\"userId\",\"isPk\":\"0\",\"isIncrement\":\"0\",\"isRequired\":\"1\",\"isInsert\":\"1\",\"isEdit\":\"1\",\"isList\":\"1\",\"isQuery\":\"1\",\"queryType\":\"EQ\",\"htmlType\":\"input\",\"dictType\":\"\",\"sort\":2,\"capJavaField\":\"UserId\",\"pk\":false,\"edit\":true,\"list\":true,\"insert\":true,\"usableColumn\":false,\"superColumn\":false,\"increment\":false,\"query\":true,\"required\":true},{\"createBy\":\"admin\",\"createTime\":\"2024-01-18 15:39:11\",\"updateBy\":\"admin\",\"updateTime\":\"2024-01-18 15:56:08\",\"columnId\":\"1747886336416989185\",\"tableId\":\"1747886336198885378\",\"columnName\":\"vaccine_id\",\"columnComment\":\"疫苗id\",\"c', '{\"code\":200,\"msg\":\"操作成功\",\"data\":null}', 0, '', '2024-01-18 15:56:09');
INSERT INTO `sys_oper_log` (`oper_id`, `title`, `business_type`, `method`, `request_method`, `operator_type`, `oper_name`, `dept_name`, `oper_url`, `oper_ip`, `oper_location`, `oper_param`, `json_result`, `status`, `error_msg`, `oper_time`) VALUES (1747890691757096961, '代码生成', 2, 'com.ym.generator.controller.GenController.editSave()', 'PUT', 1, 'admin', '研发部门', '/tool/gen', '0:0:0:0:0:0:0:1', '内网IP', '{\"createBy\":null,\"createTime\":null,\"updateBy\":\"admin\",\"updateTime\":\"2024-01-18 15:56:29\",\"params\":{\"treeCode\":null,\"treeName\":null,\"treeParentCode\":null,\"parentMenuId\":\"5\"},\"tableId\":\"1747886336819642369\",\"tableName\":\"ym_vaccine\",\"tableComment\":\"疫苗信息表\",\"subTableName\":null,\"subTableFkName\":null,\"className\":\"YmVaccine\",\"tplCategory\":\"crud\",\"packageName\":\"com.ym.vaccine\",\"moduleName\":\"vaccine\",\"businessName\":\"vaccine\",\"functionName\":\"存储疫苗信息\",\"functionAuthor\":\"ym\",\"genType\":\"0\",\"genPath\":\"/\",\"pkColumn\":null,\"subTable\":null,\"columns\":[{\"createBy\":\"admin\",\"createTime\":\"2024-01-18 15:39:12\",\"updateBy\":\"admin\",\"updateTime\":\"2024-01-18 15:56:29\",\"columnId\":\"1747886337134215170\",\"tableId\":\"1747886336819642369\",\"columnName\":\"vaccine_id\",\"columnComment\":\"疫苗id\",\"columnType\":\"bigint\",\"javaType\":\"Long\",\"javaField\":\"vaccineId\",\"isPk\":\"1\",\"isIncrement\":\"0\",\"isRequired\":\"1\",\"isInsert\":null,\"isEdit\":\"1\",\"isList\":\"1\",\"isQuery\":null,\"queryType\":\"EQ\",\"htmlType\":\"input\",\"dictType\":\"\",\"sort\":1,\"capJavaField\":\"VaccineId\",\"pk\":true,\"edit\":true,\"list\":true,\"insert\":false,\"usableColumn\":false,\"superColumn\":false,\"increment\":false,\"query\":false,\"required\":true},{\"createBy\":\"admin\",\"createTime\":\"2024-01-18 15:39:12\",\"updateBy\":\"admin\",\"updateTime\":\"2024-01-18 15:56:29\",\"columnId\":\"1747886337138409473\",\"tableId\":\"1747886336819642369\",\"columnName\":\"vaccine_name\",\"columnComment\":\"疫苗名称\",\"columnType\":\"varchar(255)\",\"javaType\":\"String\",\"javaField\":\"vaccineName\",\"isPk\":\"0\",\"isIncrement\":\"0\",\"isRequired\":\"1\",\"isInsert\":\"1\",\"isEdit\":\"1\",\"isList\":\"1\",\"isQuery\":\"1\",\"queryType\":\"LIKE\",\"htmlType\":\"input\",\"dictType\":\"\",\"sort\":2,\"capJavaField\":\"VaccineName\",\"pk\":false,\"edit\":true,\"list\":true,\"insert\":true,\"usableColumn\":false,\"superColumn\":false,\"increment\":false,\"query\":true,\"required\":true},{\"createBy\":\"admin\",\"createTime\":\"2024-01-18 15:39:12\",\"updateBy\":\"admin\",\"updateTime\":\"2024-01-18 15:56:29\",\"columnId\":\"1747886337142603778\",\"tableId\":\"1747886336819642369\",\"columnName\":\"type_id\",\"columnComment\":\"疫苗类型id\"', '{\"code\":200,\"msg\":\"操作成功\",\"data\":null}', 0, '', '2024-01-18 15:56:30');
INSERT INTO `sys_oper_log` (`oper_id`, `title`, `business_type`, `method`, `request_method`, `operator_type`, `oper_name`, `dept_name`, `oper_url`, `oper_ip`, `oper_location`, `oper_param`, `json_result`, `status`, `error_msg`, `oper_time`) VALUES (1747890704709107714, '代码生成', 8, 'com.ym.generator.controller.GenController.batchGenCode()', 'GET', 1, 'admin', '研发部门', '/tool/gen/batchGenCode', '0:0:0:0:0:0:0:1', '内网IP', '{\"tables\":\"ym_manufacturer,ym_vaccine_type,ym_appointment,ym_vaccination_record,ym_vaccine\"}', '', 0, '', '2024-01-18 15:56:33');
INSERT INTO `sys_oper_log` (`oper_id`, `title`, `business_type`, `method`, `request_method`, `operator_type`, `oper_name`, `dept_name`, `oper_url`, `oper_ip`, `oper_location`, `oper_param`, `json_result`, `status`, `error_msg`, `oper_time`) VALUES (1747892330874322945, '疫苗，存储疫苗信息', 5, 'com.ym.vaccine.controller.YmVaccineController.export()', 'POST', 1, 'admin', '研发部门', '/vaccine/vaccine/export', '0:0:0:0:0:0:0:1', '内网IP', '{\"vaccineId\":null,\"vaccineName\":null,\"typeId\":null,\"manufacturerId\":null,\"description\":null}', '', 0, '', '2024-01-18 16:03:01');
INSERT INTO `sys_oper_log` (`oper_id`, `title`, `business_type`, `method`, `request_method`, `operator_type`, `oper_name`, `dept_name`, `oper_url`, `oper_ip`, `oper_location`, `oper_param`, `json_result`, `status`, `error_msg`, `oper_time`) VALUES (1747904815538946050, '角色管理', 1, 'com.ym.web.controller.system.SysRoleController.add()', 'POST', 1, 'admin', '研发部门', '/system/role', '0:0:0:0:0:0:0:1', '内网IP', '{\"createBy\":\"admin\",\"createTime\":\"2024-01-18 16:52:36\",\"updateBy\":\"admin\",\"updateTime\":\"2024-01-18 16:52:36\",\"roleId\":\"1747904814486175745\",\"roleName\":\"医生\",\"roleKey\":\"doctor\",\"roleSort\":2,\"dataScope\":null,\"menuCheckStrictly\":true,\"deptCheckStrictly\":true,\"status\":\"0\",\"delFlag\":null,\"remark\":null,\"flag\":false,\"menuIds\":[5,121,1606,1607,1608,1609,1610,122,1611,1612,1613,1614,1615,123,1616,1617,1618,1619,1620,124,6,1621,1622,1623,1624,1625,7,1626,1627,1628,1629,1630],\"deptIds\":[],\"admin\":false}', '{\"code\":200,\"msg\":\"操作成功\",\"data\":null}', 0, '', '2024-01-18 16:52:37');
INSERT INTO `sys_oper_log` (`oper_id`, `title`, `business_type`, `method`, `request_method`, `operator_type`, `oper_name`, `dept_name`, `oper_url`, `oper_ip`, `oper_location`, `oper_param`, `json_result`, `status`, `error_msg`, `oper_time`) VALUES (1747904867523149825, '角色管理', 2, 'com.ym.web.controller.system.SysRoleController.edit()', 'PUT', 1, 'admin', '研发部门', '/system/role', '0:0:0:0:0:0:0:1', '内网IP', '{\"createBy\":\"admin\",\"createTime\":\"2024-01-18 16:52:37\",\"updateBy\":\"admin\",\"updateTime\":\"2024-01-18 16:52:49\",\"roleId\":\"1747904814486175745\",\"roleName\":\"医生\",\"roleKey\":\"doctor\",\"roleSort\":3,\"dataScope\":\"1\",\"menuCheckStrictly\":true,\"deptCheckStrictly\":true,\"status\":\"0\",\"delFlag\":\"0\",\"remark\":null,\"flag\":false,\"menuIds\":[5,121,1606,1607,1608,1609,1610,122,1611,1612,1613,1614,1615,123,1616,1617,1618,1619,1620,124,6,1621,1622,1623,1624,1625,7,1626,1627,1628,1629,1630],\"deptIds\":null,\"admin\":false}', '{\"code\":200,\"msg\":\"操作成功\",\"data\":null}', 0, '', '2024-01-18 16:52:50');
INSERT INTO `sys_oper_log` (`oper_id`, `title`, `business_type`, `method`, `request_method`, `operator_type`, `oper_name`, `dept_name`, `oper_url`, `oper_ip`, `oper_location`, `oper_param`, `json_result`, `status`, `error_msg`, `oper_time`) VALUES (1747905182704123906, '角色管理', 1, 'com.ym.web.controller.system.SysRoleController.add()', 'POST', 1, 'admin', '研发部门', '/system/role', '0:0:0:0:0:0:0:1', '内网IP', '{\"createBy\":\"admin\",\"createTime\":\"2024-01-18 16:54:04\",\"updateBy\":\"admin\",\"updateTime\":\"2024-01-18 16:54:04\",\"roleId\":\"1747905182179835906\",\"roleName\":\"接种者\",\"roleKey\":\"person\",\"roleSort\":4,\"dataScope\":null,\"menuCheckStrictly\":true,\"deptCheckStrictly\":true,\"status\":\"0\",\"delFlag\":null,\"remark\":null,\"flag\":false,\"menuIds\":[5,121,122,6,7,1606,1611,1621,1622,1623,1626,1627,1628],\"deptIds\":[],\"admin\":false}', '{\"code\":200,\"msg\":\"操作成功\",\"data\":null}', 0, '', '2024-01-18 16:54:05');
INSERT INTO `sys_oper_log` (`oper_id`, `title`, `business_type`, `method`, `request_method`, `operator_type`, `oper_name`, `dept_name`, `oper_url`, `oper_ip`, `oper_location`, `oper_param`, `json_result`, `status`, `error_msg`, `oper_time`) VALUES (1747905646388625410, '菜单管理', 3, 'com.ym.web.controller.system.SysMenuController.remove()', 'DELETE', 1, 'admin', '研发部门', '/system/menu/4', '0:0:0:0:0:0:0:1', '内网IP', '{}', '{\"code\":601,\"msg\":\"菜单已分配,不允许删除\",\"data\":null}', 0, '', '2024-01-18 16:55:55');
INSERT INTO `sys_oper_log` (`oper_id`, `title`, `business_type`, `method`, `request_method`, `operator_type`, `oper_name`, `dept_name`, `oper_url`, `oper_ip`, `oper_location`, `oper_param`, `json_result`, `status`, `error_msg`, `oper_time`) VALUES (1747905794225258498, '角色管理', 2, 'com.ym.web.controller.system.SysRoleController.edit()', 'PUT', 1, 'admin', '研发部门', '/system/role', '0:0:0:0:0:0:0:1', '内网IP', '{\"createBy\":\"admin\",\"createTime\":\"2024-01-17 17:51:52\",\"updateBy\":\"admin\",\"updateTime\":\"2024-01-18 16:56:30\",\"roleId\":2,\"roleName\":\"普通角色\",\"roleKey\":\"common\",\"roleSort\":2,\"dataScope\":\"2\",\"menuCheckStrictly\":true,\"deptCheckStrictly\":true,\"status\":\"0\",\"delFlag\":\"0\",\"remark\":\"普通角色\",\"flag\":false,\"menuIds\":[1,100,1001,1002,1003,1004,1005,1006,1007,101,1008,1009,1010,1011,1012,102,1013,1014,1015,1016,103,1017,1018,1019,1020,104,1021,1022,1023,1024,1025,105,1026,1027,1028,1029,1030,106,1031,1032,1033,1034,1035,107,1036,1037,1038,1039,108,500,1040,1041,1042,501,1043,1044,1045,1050,2,109,1046,1047,1048,113,112,3,114,115,1055,1056,1058,1057,1059,1060],\"deptIds\":null,\"admin\":false}', '{\"code\":200,\"msg\":\"操作成功\",\"data\":null}', 0, '', '2024-01-18 16:56:31');
INSERT INTO `sys_oper_log` (`oper_id`, `title`, `business_type`, `method`, `request_method`, `operator_type`, `oper_name`, `dept_name`, `oper_url`, `oper_ip`, `oper_location`, `oper_param`, `json_result`, `status`, `error_msg`, `oper_time`) VALUES (1747905837283983361, '菜单管理', 3, 'com.ym.web.controller.system.SysMenuController.remove()', 'DELETE', 1, 'admin', '研发部门', '/system/menu/4', '0:0:0:0:0:0:0:1', '内网IP', '{}', '{\"code\":200,\"msg\":\"操作成功\",\"data\":null}', 0, '', '2024-01-18 16:56:41');
INSERT INTO `sys_oper_log` (`oper_id`, `title`, `business_type`, `method`, `request_method`, `operator_type`, `oper_name`, `dept_name`, `oper_url`, `oper_ip`, `oper_location`, `oper_param`, `json_result`, `status`, `error_msg`, `oper_time`) VALUES (1747906048005816322, '用户头像', 2, 'com.ym.web.controller.system.SysProfileController.avatar()', 'POST', 1, 'admin', '研发部门', '/system/user/profile/avatar', '0:0:0:0:0:0:0:1', '内网IP', '', '', 1, '文件存储服务类型无法找到!', '2024-01-18 16:57:31');
INSERT INTO `sys_oper_log` (`oper_id`, `title`, `business_type`, `method`, `request_method`, `operator_type`, `oper_name`, `dept_name`, `oper_url`, `oper_ip`, `oper_location`, `oper_param`, `json_result`, `status`, `error_msg`, `oper_time`) VALUES (1750391425400664066, '对象存储配置', 2, 'com.ym.web.controller.system.SysOssConfigController.edit()', 'PUT', 1, 'admin', '研发部门', '/system/oss/config', '0:0:0:0:0:0:0:1', '内网IP', '{\"createBy\":null,\"createTime\":null,\"updateBy\":null,\"updateTime\":null,\"ossConfigId\":1,\"configKey\":\"minio\",\"accessKey\":\"CS6IJBFTeDPmeFErdUPf\",\"secretKey\":\"NOa5XcDdYilpZ5C4pVKA5LZ3abh5F6CLu4KolCBs\",\"bucketName\":\"ym2024\",\"prefix\":\"\",\"endpoint\":\"43.142.255.148:33639\",\"domain\":\"\",\"isHttps\":\"N\",\"status\":\"0\",\"region\":\"\",\"ext1\":\"\",\"remark\":null,\"accessPolicy\":\"1\"}', '{\"code\":200,\"msg\":\"操作成功\",\"data\":null}', 0, '', '2024-01-25 13:33:31');
INSERT INTO `sys_oper_log` (`oper_id`, `title`, `business_type`, `method`, `request_method`, `operator_type`, `oper_name`, `dept_name`, `oper_url`, `oper_ip`, `oper_location`, `oper_param`, `json_result`, `status`, `error_msg`, `oper_time`) VALUES (1750391516681302017, 'OSS对象存储', 1, 'com.ym.web.controller.system.SysOssController.upload()', 'POST', 1, 'admin', '研发部门', '/system/oss/upload', '0:0:0:0:0:0:0:1', '内网IP', '', '', 1, '创建Bucket失败, 请核对配置信息:[S3 API Requests must be made to API port. (Service: Amazon S3; Status Code: 400; Error Code: InvalidArgument; Request ID: 0; S3 Extended Request ID: null; Proxy: null)]', '2024-01-25 13:33:53');
INSERT INTO `sys_oper_log` (`oper_id`, `title`, `business_type`, `method`, `request_method`, `operator_type`, `oper_name`, `dept_name`, `oper_url`, `oper_ip`, `oper_location`, `oper_param`, `json_result`, `status`, `error_msg`, `oper_time`) VALUES (1750391618992959490, 'OSS对象存储', 1, 'com.ym.web.controller.system.SysOssController.upload()', 'POST', 1, 'admin', '研发部门', '/system/oss/upload', '0:0:0:0:0:0:0:1', '内网IP', '', '', 1, '创建Bucket失败, 请核对配置信息:[S3 API Requests must be made to API port. (Service: Amazon S3; Status Code: 400; Error Code: InvalidArgument; Request ID: 0; S3 Extended Request ID: null; Proxy: null)]', '2024-01-25 13:34:17');
INSERT INTO `sys_oper_log` (`oper_id`, `title`, `business_type`, `method`, `request_method`, `operator_type`, `oper_name`, `dept_name`, `oper_url`, `oper_ip`, `oper_location`, `oper_param`, `json_result`, `status`, `error_msg`, `oper_time`) VALUES (1750391927572099074, '对象存储配置', 2, 'com.ym.web.controller.system.SysOssConfigController.edit()', 'PUT', 1, 'admin', '研发部门', '/system/oss/config', '0:0:0:0:0:0:0:1', '内网IP', '{\"createBy\":null,\"createTime\":null,\"updateBy\":null,\"updateTime\":null,\"ossConfigId\":1,\"configKey\":\"minio\",\"accessKey\":\"YRRJT6VjatVIp3L5koPx\",\"secretKey\":\"HORzK29cuHgOPOYaHk7w1cqkNcaUW4JvlAv6ucX9\",\"bucketName\":\"ym2024\",\"prefix\":\"\",\"endpoint\":\"43.142.255.148:33639\",\"domain\":\"\",\"isHttps\":\"N\",\"status\":\"0\",\"region\":\"\",\"ext1\":\"\",\"remark\":\"\",\"accessPolicy\":\"1\"}', '{\"code\":200,\"msg\":\"操作成功\",\"data\":null}', 0, '', '2024-01-25 13:35:31');
INSERT INTO `sys_oper_log` (`oper_id`, `title`, `business_type`, `method`, `request_method`, `operator_type`, `oper_name`, `dept_name`, `oper_url`, `oper_ip`, `oper_location`, `oper_param`, `json_result`, `status`, `error_msg`, `oper_time`) VALUES (1750391975143895041, 'OSS对象存储', 1, 'com.ym.web.controller.system.SysOssController.upload()', 'POST', 1, 'admin', '研发部门', '/system/oss/upload', '0:0:0:0:0:0:0:1', '内网IP', '', '', 1, '创建Bucket失败, 请核对配置信息:[S3 API Requests must be made to API port. (Service: Amazon S3; Status Code: 400; Error Code: InvalidArgument; Request ID: 0; S3 Extended Request ID: null; Proxy: null)]', '2024-01-25 13:35:42');
INSERT INTO `sys_oper_log` (`oper_id`, `title`, `business_type`, `method`, `request_method`, `operator_type`, `oper_name`, `dept_name`, `oper_url`, `oper_ip`, `oper_location`, `oper_param`, `json_result`, `status`, `error_msg`, `oper_time`) VALUES (1750392052809822210, 'OSS对象存储', 1, 'com.ym.web.controller.system.SysOssController.upload()', 'POST', 1, 'admin', '研发部门', '/system/oss/upload', '0:0:0:0:0:0:0:1', '内网IP', '', '', 1, '创建Bucket失败, 请核对配置信息:[S3 API Requests must be made to API port. (Service: Amazon S3; Status Code: 400; Error Code: InvalidArgument; Request ID: 0; S3 Extended Request ID: null; Proxy: null)]', '2024-01-25 13:36:01');
INSERT INTO `sys_oper_log` (`oper_id`, `title`, `business_type`, `method`, `request_method`, `operator_type`, `oper_name`, `dept_name`, `oper_url`, `oper_ip`, `oper_location`, `oper_param`, `json_result`, `status`, `error_msg`, `oper_time`) VALUES (1750392235824082946, 'OSS对象存储', 1, 'com.ym.web.controller.system.SysOssController.upload()', 'POST', 1, 'admin', '研发部门', '/system/oss/upload', '0:0:0:0:0:0:0:1', '内网IP', '', '', 1, '创建Bucket失败, 请核对配置信息:[S3 API Requests must be made to API port. (Service: Amazon S3; Status Code: 400; Error Code: InvalidArgument; Request ID: 0; S3 Extended Request ID: null; Proxy: null)]', '2024-01-25 13:36:44');
INSERT INTO `sys_oper_log` (`oper_id`, `title`, `business_type`, `method`, `request_method`, `operator_type`, `oper_name`, `dept_name`, `oper_url`, `oper_ip`, `oper_location`, `oper_param`, `json_result`, `status`, `error_msg`, `oper_time`) VALUES (1750393075146256386, 'OSS对象存储', 1, 'com.ym.web.controller.system.SysOssController.upload()', 'POST', 1, 'admin', '研发部门', '/system/oss/upload', '0:0:0:0:0:0:0:1', '内网IP', '', '', 1, '创建Bucket失败, 请核对配置信息:[S3 API Requests must be made to API port. (Service: Amazon S3; Status Code: 400; Error Code: InvalidArgument; Request ID: 0; S3 Extended Request ID: null; Proxy: null)]', '2024-01-25 13:40:05');
INSERT INTO `sys_oper_log` (`oper_id`, `title`, `business_type`, `method`, `request_method`, `operator_type`, `oper_name`, `dept_name`, `oper_url`, `oper_ip`, `oper_location`, `oper_param`, `json_result`, `status`, `error_msg`, `oper_time`) VALUES (1750393372832788481, '对象存储配置', 2, 'com.ym.web.controller.system.SysOssConfigController.edit()', 'PUT', 1, 'admin', '研发部门', '/system/oss/config', '0:0:0:0:0:0:0:1', '内网IP', '{\"createBy\":null,\"createTime\":null,\"updateBy\":null,\"updateTime\":null,\"ossConfigId\":1,\"configKey\":\"minio\",\"accessKey\":\"YRRJT6VjatVIp3L5koPx\",\"secretKey\":\"HORzK29cuHgOPOYaHk7w1cqkNcaUW4JvlAv6ucX9\",\"bucketName\":\"ym2024\",\"prefix\":\"\",\"endpoint\":\"43.142.255.148:9000\",\"domain\":\"\",\"isHttps\":\"N\",\"status\":\"0\",\"region\":\"\",\"ext1\":\"\",\"remark\":\"\",\"accessPolicy\":\"1\"}', '{\"code\":200,\"msg\":\"操作成功\",\"data\":null}', 0, '', '2024-01-25 13:41:15');
INSERT INTO `sys_oper_log` (`oper_id`, `title`, `business_type`, `method`, `request_method`, `operator_type`, `oper_name`, `dept_name`, `oper_url`, `oper_ip`, `oper_location`, `oper_param`, `json_result`, `status`, `error_msg`, `oper_time`) VALUES (1750393410040459265, 'OSS对象存储', 1, 'com.ym.web.controller.system.SysOssController.upload()', 'POST', 1, 'admin', '研发部门', '/system/oss/upload', '0:0:0:0:0:0:0:1', '内网IP', '', '', 1, '文件存储服务类型无法找到!', '2024-01-25 13:41:24');
INSERT INTO `sys_oper_log` (`oper_id`, `title`, `business_type`, `method`, `request_method`, `operator_type`, `oper_name`, `dept_name`, `oper_url`, `oper_ip`, `oper_location`, `oper_param`, `json_result`, `status`, `error_msg`, `oper_time`) VALUES (1750393436728815617, 'OSS对象存储', 1, 'com.ym.web.controller.system.SysOssController.upload()', 'POST', 1, 'admin', '研发部门', '/system/oss/upload', '0:0:0:0:0:0:0:1', '内网IP', '', '', 1, '文件存储服务类型无法找到!', '2024-01-25 13:41:31');
INSERT INTO `sys_oper_log` (`oper_id`, `title`, `business_type`, `method`, `request_method`, `operator_type`, `oper_name`, `dept_name`, `oper_url`, `oper_ip`, `oper_location`, `oper_param`, `json_result`, `status`, `error_msg`, `oper_time`) VALUES (1750393478877376514, '对象存储配置', 2, 'com.ym.web.controller.system.SysOssConfigController.edit()', 'PUT', 1, 'admin', '研发部门', '/system/oss/config', '0:0:0:0:0:0:0:1', '内网IP', '{\"createBy\":null,\"createTime\":null,\"updateBy\":null,\"updateTime\":null,\"ossConfigId\":1,\"configKey\":\"minio\",\"accessKey\":\"YRRJT6VjatVIp3L5koPx\",\"secretKey\":\"HORzK29cuHgOPOYaHk7w1cqkNcaUW4JvlAv6ucX9\",\"bucketName\":\"ym2024\",\"prefix\":\"\",\"endpoint\":\"43.142.255.148:9001\",\"domain\":\"\",\"isHttps\":\"N\",\"status\":\"0\",\"region\":\"\",\"ext1\":\"\",\"remark\":\"\",\"accessPolicy\":\"1\"}', '{\"code\":200,\"msg\":\"操作成功\",\"data\":null}', 0, '', '2024-01-25 13:41:41');
INSERT INTO `sys_oper_log` (`oper_id`, `title`, `business_type`, `method`, `request_method`, `operator_type`, `oper_name`, `dept_name`, `oper_url`, `oper_ip`, `oper_location`, `oper_param`, `json_result`, `status`, `error_msg`, `oper_time`) VALUES (1750393507826462722, 'OSS对象存储', 1, 'com.ym.web.controller.system.SysOssController.upload()', 'POST', 1, 'admin', '研发部门', '/system/oss/upload', '0:0:0:0:0:0:0:1', '内网IP', '', '', 1, '文件存储服务类型无法找到!', '2024-01-25 13:41:48');
INSERT INTO `sys_oper_log` (`oper_id`, `title`, `business_type`, `method`, `request_method`, `operator_type`, `oper_name`, `dept_name`, `oper_url`, `oper_ip`, `oper_location`, `oper_param`, `json_result`, `status`, `error_msg`, `oper_time`) VALUES (1750393682397589505, 'OSS对象存储', 1, 'com.ym.web.controller.system.SysOssController.upload()', 'POST', 1, 'admin', '研发部门', '/system/oss/upload', '0:0:0:0:0:0:0:1', '内网IP', '', '', 1, '文件存储服务类型无法找到!', '2024-01-25 13:42:29');
INSERT INTO `sys_oper_log` (`oper_id`, `title`, `business_type`, `method`, `request_method`, `operator_type`, `oper_name`, `dept_name`, `oper_url`, `oper_ip`, `oper_location`, `oper_param`, `json_result`, `status`, `error_msg`, `oper_time`) VALUES (1750393775645356033, '对象存储配置', 2, 'com.ym.web.controller.system.SysOssConfigController.edit()', 'PUT', 1, 'admin', '研发部门', '/system/oss/config', '0:0:0:0:0:0:0:1', '内网IP', '{\"createBy\":null,\"createTime\":null,\"updateBy\":null,\"updateTime\":null,\"ossConfigId\":1,\"configKey\":\"minio\",\"accessKey\":\"YRRJT6VjatVIp3L5koPx\",\"secretKey\":\"HORzK29cuHgOPOYaHk7w1cqkNcaUW4JvlAv6ucX9\",\"bucketName\":\"ym2024\",\"prefix\":\"\",\"endpoint\":\"43.142.255.148:9000\",\"domain\":\"\",\"isHttps\":\"N\",\"status\":\"0\",\"region\":\"\",\"ext1\":\"\",\"remark\":\"\",\"accessPolicy\":\"1\"}', '{\"code\":200,\"msg\":\"操作成功\",\"data\":null}', 0, '', '2024-01-25 13:42:52');
INSERT INTO `sys_oper_log` (`oper_id`, `title`, `business_type`, `method`, `request_method`, `operator_type`, `oper_name`, `dept_name`, `oper_url`, `oper_ip`, `oper_location`, `oper_param`, `json_result`, `status`, `error_msg`, `oper_time`) VALUES (1750393804808351746, 'OSS对象存储', 1, 'com.ym.web.controller.system.SysOssController.upload()', 'POST', 1, 'admin', '研发部门', '/system/oss/upload', '0:0:0:0:0:0:0:1', '内网IP', '', '', 1, '文件存储服务类型无法找到!', '2024-01-25 13:42:58');
INSERT INTO `sys_oper_log` (`oper_id`, `title`, `business_type`, `method`, `request_method`, `operator_type`, `oper_name`, `dept_name`, `oper_url`, `oper_ip`, `oper_location`, `oper_param`, `json_result`, `status`, `error_msg`, `oper_time`) VALUES (1750393840082448385, 'OSS对象存储', 1, 'com.ym.web.controller.system.SysOssController.upload()', 'POST', 1, 'admin', '研发部门', '/system/oss/upload', '0:0:0:0:0:0:0:1', '内网IP', '', '', 1, '文件存储服务类型无法找到!', '2024-01-25 13:43:07');
INSERT INTO `sys_oper_log` (`oper_id`, `title`, `business_type`, `method`, `request_method`, `operator_type`, `oper_name`, `dept_name`, `oper_url`, `oper_ip`, `oper_location`, `oper_param`, `json_result`, `status`, `error_msg`, `oper_time`) VALUES (1750395399646310402, 'OSS对象存储', 1, 'com.ym.web.controller.system.SysOssController.upload()', 'POST', 1, 'admin', '研发部门', '/system/oss/upload', '0:0:0:0:0:0:0:1', '内网IP', '', '', 1, '文件存储服务类型无法找到!', '2024-01-25 13:49:19');
INSERT INTO `sys_oper_log` (`oper_id`, `title`, `business_type`, `method`, `request_method`, `operator_type`, `oper_name`, `dept_name`, `oper_url`, `oper_ip`, `oper_location`, `oper_param`, `json_result`, `status`, `error_msg`, `oper_time`) VALUES (1750395452750393345, 'OSS对象存储', 1, 'com.ym.web.controller.system.SysOssController.upload()', 'POST', 1, 'admin', '研发部门', '/system/oss/upload', '0:0:0:0:0:0:0:1', '内网IP', '', '', 1, '文件存储服务类型无法找到!', '2024-01-25 13:49:31');
INSERT INTO `sys_oper_log` (`oper_id`, `title`, `business_type`, `method`, `request_method`, `operator_type`, `oper_name`, `dept_name`, `oper_url`, `oper_ip`, `oper_location`, `oper_param`, `json_result`, `status`, `error_msg`, `oper_time`) VALUES (1750396539456811010, '对象存储配置', 2, 'com.ym.web.controller.system.SysOssConfigController.edit()', 'PUT', 1, 'admin', '研发部门', '/system/oss/config', '0:0:0:0:0:0:0:1', '内网IP', '{\"createBy\":null,\"createTime\":null,\"updateBy\":null,\"updateTime\":null,\"ossConfigId\":1,\"configKey\":\"minio\",\"accessKey\":\"YRRJT6VjatVIp3L5koPx\",\"secretKey\":\"HORzK29cuHgOPOYaHk7w1cqkNcaUW4JvlAv6ucX9\",\"bucketName\":\"ym2024\",\"prefix\":\"\",\"endpoint\":\"43.142.255.148:33639\",\"domain\":\"\",\"isHttps\":\"N\",\"status\":\"0\",\"region\":\"\",\"ext1\":\"\",\"remark\":\"\",\"accessPolicy\":\"1\"}', '{\"code\":200,\"msg\":\"操作成功\",\"data\":null}', 0, '', '2024-01-25 13:53:50');
INSERT INTO `sys_oper_log` (`oper_id`, `title`, `business_type`, `method`, `request_method`, `operator_type`, `oper_name`, `dept_name`, `oper_url`, `oper_ip`, `oper_location`, `oper_param`, `json_result`, `status`, `error_msg`, `oper_time`) VALUES (1750396566828838913, 'OSS对象存储', 1, 'com.ym.web.controller.system.SysOssController.upload()', 'POST', 1, 'admin', '研发部门', '/system/oss/upload', '0:0:0:0:0:0:0:1', '内网IP', '', '', 1, '文件存储服务类型无法找到!', '2024-01-25 13:53:57');
INSERT INTO `sys_oper_log` (`oper_id`, `title`, `business_type`, `method`, `request_method`, `operator_type`, `oper_name`, `dept_name`, `oper_url`, `oper_ip`, `oper_location`, `oper_param`, `json_result`, `status`, `error_msg`, `oper_time`) VALUES (1750397242216640514, '对象存储配置', 2, 'com.ym.web.controller.system.SysOssConfigController.edit()', 'PUT', 1, 'admin', '研发部门', '/system/oss/config', '0:0:0:0:0:0:0:1', '内网IP', '{\"createBy\":null,\"createTime\":null,\"updateBy\":null,\"updateTime\":null,\"ossConfigId\":1,\"configKey\":\"minio\",\"accessKey\":\"YRRJT6VjatVIp3L5koPx\",\"secretKey\":\"HORzK29cuHgOPOYaHk7w1cqkNcaUW4JvlAv6ucX9\",\"bucketName\":\"ym2024\",\"prefix\":\"\",\"endpoint\":\"http://43.142.255.148:33639\",\"domain\":\"\",\"isHttps\":\"N\",\"status\":\"0\",\"region\":\"\",\"ext1\":\"\",\"remark\":\"\",\"accessPolicy\":\"1\"}', '{\"code\":200,\"msg\":\"操作成功\",\"data\":null}', 0, '', '2024-01-25 13:56:38');
INSERT INTO `sys_oper_log` (`oper_id`, `title`, `business_type`, `method`, `request_method`, `operator_type`, `oper_name`, `dept_name`, `oper_url`, `oper_ip`, `oper_location`, `oper_param`, `json_result`, `status`, `error_msg`, `oper_time`) VALUES (1750397288563699714, 'OSS对象存储', 1, 'com.ym.web.controller.system.SysOssController.upload()', 'POST', 1, 'admin', '研发部门', '/system/oss/upload', '0:0:0:0:0:0:0:1', '内网IP', '', '', 1, '文件存储服务类型无法找到!', '2024-01-25 13:56:49');
INSERT INTO `sys_oper_log` (`oper_id`, `title`, `business_type`, `method`, `request_method`, `operator_type`, `oper_name`, `dept_name`, `oper_url`, `oper_ip`, `oper_location`, `oper_param`, `json_result`, `status`, `error_msg`, `oper_time`) VALUES (1750397522396147714, '对象存储配置', 2, 'com.ym.web.controller.system.SysOssConfigController.edit()', 'PUT', 1, 'admin', '研发部门', '/system/oss/config', '0:0:0:0:0:0:0:1', '内网IP', '{\"createBy\":null,\"createTime\":null,\"updateBy\":null,\"updateTime\":null,\"ossConfigId\":1,\"configKey\":\"minio\",\"accessKey\":\"zSuMCn1uIFHQ1Y8Qvgre\",\"secretKey\":\"IqWgmFaAI6VN8P4mzrdZKvWtyUgm6vkIRY0Othcz\",\"bucketName\":\"ym2024\",\"prefix\":\"\",\"endpoint\":\"http://43.142.255.148:33639\",\"domain\":\"\",\"isHttps\":\"N\",\"status\":\"0\",\"region\":\"\",\"ext1\":\"\",\"remark\":\"\",\"accessPolicy\":\"1\"}', '{\"code\":200,\"msg\":\"操作成功\",\"data\":null}', 0, '', '2024-01-25 13:57:45');
INSERT INTO `sys_oper_log` (`oper_id`, `title`, `business_type`, `method`, `request_method`, `operator_type`, `oper_name`, `dept_name`, `oper_url`, `oper_ip`, `oper_location`, `oper_param`, `json_result`, `status`, `error_msg`, `oper_time`) VALUES (1750397699391582209, '对象存储配置', 2, 'com.ym.web.controller.system.SysOssConfigController.edit()', 'PUT', 1, 'admin', '研发部门', '/system/oss/config', '0:0:0:0:0:0:0:1', '内网IP', '{\"createBy\":null,\"createTime\":null,\"updateBy\":null,\"updateTime\":null,\"ossConfigId\":1,\"configKey\":\"minio\",\"accessKey\":\"zSuMCn1uIFHQ1Y8Qvgre\",\"secretKey\":\"IqWgmFaAI6VN8P4mzrdZKvWtyUgm6vkIRY0Othcz\",\"bucketName\":\"ym2024\",\"prefix\":\"\",\"endpoint\":\"43.142.255.148:33639\",\"domain\":\"\",\"isHttps\":\"N\",\"status\":\"0\",\"region\":\"\",\"ext1\":\"\",\"remark\":\"\",\"accessPolicy\":\"1\"}', '{\"code\":200,\"msg\":\"操作成功\",\"data\":null}', 0, '', '2024-01-25 13:58:27');
INSERT INTO `sys_oper_log` (`oper_id`, `title`, `business_type`, `method`, `request_method`, `operator_type`, `oper_name`, `dept_name`, `oper_url`, `oper_ip`, `oper_location`, `oper_param`, `json_result`, `status`, `error_msg`, `oper_time`) VALUES (1750397729674457089, 'OSS对象存储', 1, 'com.ym.web.controller.system.SysOssController.upload()', 'POST', 1, 'admin', '研发部门', '/system/oss/upload', '0:0:0:0:0:0:0:1', '内网IP', '', '', 1, '文件存储服务类型无法找到!', '2024-01-25 13:58:34');
INSERT INTO `sys_oper_log` (`oper_id`, `title`, `business_type`, `method`, `request_method`, `operator_type`, `oper_name`, `dept_name`, `oper_url`, `oper_ip`, `oper_location`, `oper_param`, `json_result`, `status`, `error_msg`, `oper_time`) VALUES (1750398572964442114, '对象存储配置', 2, 'com.ym.web.controller.system.SysOssConfigController.edit()', 'PUT', 1, 'admin', '研发部门', '/system/oss/config', '0:0:0:0:0:0:0:1', '内网IP', '{\"createBy\":null,\"createTime\":null,\"updateBy\":null,\"updateTime\":null,\"ossConfigId\":1,\"configKey\":\"minio\",\"accessKey\":\"zSuMCn1uIFHQ1Y8Qvgre\",\"secretKey\":\"IqWgmFaAI6VN8P4mzrdZKvWtyUgm6vkIRY0Othcz\",\"bucketName\":\"ym-24\",\"prefix\":\"\",\"endpoint\":\"43.142.255.148:33639\",\"domain\":\"\",\"isHttps\":\"N\",\"status\":\"0\",\"region\":\"\",\"ext1\":\"\",\"remark\":\"\",\"accessPolicy\":\"1\"}', '{\"code\":200,\"msg\":\"操作成功\",\"data\":null}', 0, '', '2024-01-25 14:01:55');
INSERT INTO `sys_oper_log` (`oper_id`, `title`, `business_type`, `method`, `request_method`, `operator_type`, `oper_name`, `dept_name`, `oper_url`, `oper_ip`, `oper_location`, `oper_param`, `json_result`, `status`, `error_msg`, `oper_time`) VALUES (1750398599443083266, 'OSS对象存储', 1, 'com.ym.web.controller.system.SysOssController.upload()', 'POST', 1, 'admin', '研发部门', '/system/oss/upload', '0:0:0:0:0:0:0:1', '内网IP', '', '', 1, '文件存储服务类型无法找到!', '2024-01-25 14:02:02');
INSERT INTO `sys_oper_log` (`oper_id`, `title`, `business_type`, `method`, `request_method`, `operator_type`, `oper_name`, `dept_name`, `oper_url`, `oper_ip`, `oper_location`, `oper_param`, `json_result`, `status`, `error_msg`, `oper_time`) VALUES (1750399659167543298, '对象存储配置', 2, 'com.ym.web.controller.system.SysOssConfigController.edit()', 'PUT', 1, 'admin', '研发部门', '/system/oss/config', '0:0:0:0:0:0:0:1', '内网IP', '{\"createBy\":null,\"createTime\":null,\"updateBy\":null,\"updateTime\":null,\"ossConfigId\":1,\"configKey\":\"minio\",\"accessKey\":\"zSuMCn1uIFHQ1Y8Qvgre\",\"secretKey\":\"IqWgmFaAI6VN8P4mzrdZKvWtyUgm6vkIRY0Othcz\",\"bucketName\":\"ym-24\",\"prefix\":\"\",\"endpoint\":\"43.142.255.148:9000\",\"domain\":\"\",\"isHttps\":\"N\",\"status\":\"0\",\"region\":\"\",\"ext1\":\"\",\"remark\":\"\",\"accessPolicy\":\"1\"}', '{\"code\":200,\"msg\":\"操作成功\",\"data\":null}', 0, '', '2024-01-25 14:06:14');
INSERT INTO `sys_oper_log` (`oper_id`, `title`, `business_type`, `method`, `request_method`, `operator_type`, `oper_name`, `dept_name`, `oper_url`, `oper_ip`, `oper_location`, `oper_param`, `json_result`, `status`, `error_msg`, `oper_time`) VALUES (1750399684895404034, 'OSS对象存储', 1, 'com.ym.web.controller.system.SysOssController.upload()', 'POST', 1, 'admin', '研发部门', '/system/oss/upload', '0:0:0:0:0:0:0:1', '内网IP', '', '', 1, '文件存储服务类型无法找到!', '2024-01-25 14:06:20');
INSERT INTO `sys_oper_log` (`oper_id`, `title`, `business_type`, `method`, `request_method`, `operator_type`, `oper_name`, `dept_name`, `oper_url`, `oper_ip`, `oper_location`, `oper_param`, `json_result`, `status`, `error_msg`, `oper_time`) VALUES (1750400884139192322, '对象存储配置', 2, 'com.ym.web.controller.system.SysOssConfigController.edit()', 'PUT', 1, 'admin', '研发部门', '/system/oss/config', '0:0:0:0:0:0:0:1', '内网IP', '{\"createBy\":null,\"createTime\":null,\"updateBy\":null,\"updateTime\":null,\"ossConfigId\":1,\"configKey\":\"minio\",\"accessKey\":\"zSuMCn1uIFHQ1Y8Qvgre\",\"secretKey\":\"IqWgmFaAI6VN8P4mzrdZKvWtyUgm6vkIRY0Othcz\",\"bucketName\":\"ym-24\",\"prefix\":\"\",\"endpoint\":\"43.142.255.148:33639\",\"domain\":\"\",\"isHttps\":\"N\",\"status\":\"0\",\"region\":\"\",\"ext1\":\"\",\"remark\":\"\",\"accessPolicy\":\"1\"}', '{\"code\":200,\"msg\":\"操作成功\",\"data\":null}', 0, '', '2024-01-25 14:11:06');
INSERT INTO `sys_oper_log` (`oper_id`, `title`, `business_type`, `method`, `request_method`, `operator_type`, `oper_name`, `dept_name`, `oper_url`, `oper_ip`, `oper_location`, `oper_param`, `json_result`, `status`, `error_msg`, `oper_time`) VALUES (1750400995116281857, 'OSS对象存储', 1, 'com.ym.web.controller.system.SysOssController.upload()', 'POST', 1, 'admin', '研发部门', '/system/oss/upload', '0:0:0:0:0:0:0:1', '内网IP', '', '', 1, '文件存储服务类型无法找到!', '2024-01-25 14:11:33');
INSERT INTO `sys_oper_log` (`oper_id`, `title`, `business_type`, `method`, `request_method`, `operator_type`, `oper_name`, `dept_name`, `oper_url`, `oper_ip`, `oper_location`, `oper_param`, `json_result`, `status`, `error_msg`, `oper_time`) VALUES (1750401174817042434, '对象存储配置', 2, 'com.ym.web.controller.system.SysOssConfigController.edit()', 'PUT', 1, 'admin', '研发部门', '/system/oss/config', '0:0:0:0:0:0:0:1', '内网IP', '{\"createBy\":null,\"createTime\":null,\"updateBy\":null,\"updateTime\":null,\"ossConfigId\":1,\"configKey\":\"minio\",\"accessKey\":\"zSuMCn1uIFHQ1Y8Qvgre\",\"secretKey\":\"IqWgmFaAI6VN8P4mzrdZKvWtyUgm6vkIRY0Othcz\",\"bucketName\":\"ym2024\",\"prefix\":\"\",\"endpoint\":\"43.142.255.148:9000\",\"domain\":\"\",\"isHttps\":\"N\",\"status\":\"0\",\"region\":\"\",\"ext1\":\"\",\"remark\":\"\",\"accessPolicy\":\"1\"}', '{\"code\":200,\"msg\":\"操作成功\",\"data\":null}', 0, '', '2024-01-25 14:12:16');
INSERT INTO `sys_oper_log` (`oper_id`, `title`, `business_type`, `method`, `request_method`, `operator_type`, `oper_name`, `dept_name`, `oper_url`, `oper_ip`, `oper_location`, `oper_param`, `json_result`, `status`, `error_msg`, `oper_time`) VALUES (1750401205292855297, 'OSS对象存储', 1, 'com.ym.web.controller.system.SysOssController.upload()', 'POST', 1, 'admin', '研发部门', '/system/oss/upload', '0:0:0:0:0:0:0:1', '内网IP', '', '', 1, '文件存储服务类型无法找到!', '2024-01-25 14:12:23');
INSERT INTO `sys_oper_log` (`oper_id`, `title`, `business_type`, `method`, `request_method`, `operator_type`, `oper_name`, `dept_name`, `oper_url`, `oper_ip`, `oper_location`, `oper_param`, `json_result`, `status`, `error_msg`, `oper_time`) VALUES (1750402125942583298, 'OSS对象存储', 1, 'com.ym.web.controller.system.SysOssController.upload()', 'POST', 1, 'admin', '研发部门', '/system/oss/upload', '0:0:0:0:0:0:0:1', '内网IP', '', '', 1, '文件存储服务类型无法找到!', '2024-01-25 14:16:02');
INSERT INTO `sys_oper_log` (`oper_id`, `title`, `business_type`, `method`, `request_method`, `operator_type`, `oper_name`, `dept_name`, `oper_url`, `oper_ip`, `oper_location`, `oper_param`, `json_result`, `status`, `error_msg`, `oper_time`) VALUES (1750402213234438145, '对象存储状态修改', 2, 'com.ym.web.controller.system.SysOssConfigController.changeStatus()', 'PUT', 1, 'admin', '研发部门', '/system/oss/config/changeStatus', '0:0:0:0:0:0:0:1', '内网IP', '{\"createBy\":null,\"createTime\":null,\"updateBy\":null,\"updateTime\":null,\"ossConfigId\":1,\"configKey\":\"minio\",\"accessKey\":null,\"secretKey\":null,\"bucketName\":null,\"prefix\":null,\"endpoint\":null,\"domain\":null,\"isHttps\":null,\"status\":\"0\",\"region\":null,\"ext1\":null,\"remark\":null,\"accessPolicy\":null}', '{\"code\":200,\"msg\":\"操作成功\",\"data\":null}', 0, '', '2024-01-25 14:16:23');
INSERT INTO `sys_oper_log` (`oper_id`, `title`, `business_type`, `method`, `request_method`, `operator_type`, `oper_name`, `dept_name`, `oper_url`, `oper_ip`, `oper_location`, `oper_param`, `json_result`, `status`, `error_msg`, `oper_time`) VALUES (1750402246415577089, 'OSS对象存储', 1, 'com.ym.web.controller.system.SysOssController.upload()', 'POST', 1, 'admin', '研发部门', '/system/oss/upload', '0:0:0:0:0:0:0:1', '内网IP', '', '{\"code\":200,\"msg\":\"操作成功\",\"data\":{\"ossId\":\"1750402245975175169\",\"url\":\"http://43.142.255.148:9000/ym2024/2024/01/25/8e36f518c69e407f8d51467a33dd410e.png\",\"fileName\":\"概览图.png\"}}', 0, '', '2024-01-25 14:16:31');
INSERT INTO `sys_oper_log` (`oper_id`, `title`, `business_type`, `method`, `request_method`, `operator_type`, `oper_name`, `dept_name`, `oper_url`, `oper_ip`, `oper_location`, `oper_param`, `json_result`, `status`, `error_msg`, `oper_time`) VALUES (1750402981509296129, '参数管理', 2, 'com.ym.web.controller.system.SysConfigController.updateByKey()', 'PUT', 1, 'admin', '研发部门', '/system/config/updateByKey', '0:0:0:0:0:0:0:1', '内网IP', '{\"createBy\":null,\"createTime\":null,\"updateBy\":\"admin\",\"updateTime\":\"2024-01-25 14:19:26\",\"configId\":null,\"configName\":null,\"configKey\":\"sys.oss.previewListResource\",\"configValue\":\"false\",\"configType\":null,\"remark\":null}', '{\"code\":200,\"msg\":\"操作成功\",\"data\":null}', 0, '', '2024-01-25 14:19:26');
INSERT INTO `sys_oper_log` (`oper_id`, `title`, `business_type`, `method`, `request_method`, `operator_type`, `oper_name`, `dept_name`, `oper_url`, `oper_ip`, `oper_location`, `oper_param`, `json_result`, `status`, `error_msg`, `oper_time`) VALUES (1750402995597963265, '参数管理', 2, 'com.ym.web.controller.system.SysConfigController.updateByKey()', 'PUT', 1, 'admin', '研发部门', '/system/config/updateByKey', '0:0:0:0:0:0:0:1', '内网IP', '{\"createBy\":null,\"createTime\":null,\"updateBy\":\"admin\",\"updateTime\":\"2024-01-25 14:19:29\",\"configId\":null,\"configName\":null,\"configKey\":\"sys.oss.previewListResource\",\"configValue\":\"true\",\"configType\":null,\"remark\":null}', '{\"code\":200,\"msg\":\"操作成功\",\"data\":null}', 0, '', '2024-01-25 14:19:30');
INSERT INTO `sys_oper_log` (`oper_id`, `title`, `business_type`, `method`, `request_method`, `operator_type`, `oper_name`, `dept_name`, `oper_url`, `oper_ip`, `oper_location`, `oper_param`, `json_result`, `status`, `error_msg`, `oper_time`) VALUES (1750404460265639937, 'OSS对象存储', 1, 'com.ym.web.controller.system.SysOssController.upload()', 'POST', 1, 'admin', '研发部门', '/system/oss/upload', '0:0:0:0:0:0:0:1', '内网IP', '', '{\"code\":200,\"msg\":\"操作成功\",\"data\":{\"ossId\":\"1750404459695214594\",\"url\":\"http://43.142.255.148:9000/ym2024/2024/01/25/4708bc310b994a22baa66f1da9750d68.jpg\",\"fileName\":\"login-background.jpg\"}}', 0, '', '2024-01-25 14:25:19');
INSERT INTO `sys_oper_log` (`oper_id`, `title`, `business_type`, `method`, `request_method`, `operator_type`, `oper_name`, `dept_name`, `oper_url`, `oper_ip`, `oper_location`, `oper_param`, `json_result`, `status`, `error_msg`, `oper_time`) VALUES (1750404574241656834, '用户头像', 2, 'com.ym.web.controller.system.SysProfileController.avatar()', 'POST', 1, 'admin', '研发部门', '/system/user/profile/avatar', '0:0:0:0:0:0:0:1', '内网IP', '', '{\"code\":200,\"msg\":\"操作成功\",\"data\":{\"imgUrl\":\"http://43.142.255.148:9000/ym2024/2024/01/25/376fdcb664db4dccb054e538a418db8f.png\"}}', 0, '', '2024-01-25 14:25:46');
INSERT INTO `sys_oper_log` (`oper_id`, `title`, `business_type`, `method`, `request_method`, `operator_type`, `oper_name`, `dept_name`, `oper_url`, `oper_ip`, `oper_location`, `oper_param`, `json_result`, `status`, `error_msg`, `oper_time`) VALUES (1750404704185389057, 'OSS对象存储', 1, 'com.ym.web.controller.system.SysOssController.upload()', 'POST', 1, 'admin', '研发部门', '/system/oss/upload', '0:0:0:0:0:0:0:1', '内网IP', '', '', 1, '文件存储服务类型无法找到!', '2024-01-25 14:26:17');
INSERT INTO `sys_oper_log` (`oper_id`, `title`, `business_type`, `method`, `request_method`, `operator_type`, `oper_name`, `dept_name`, `oper_url`, `oper_ip`, `oper_location`, `oper_param`, `json_result`, `status`, `error_msg`, `oper_time`) VALUES (1750404774750359554, '用户头像', 2, 'com.ym.web.controller.system.SysProfileController.avatar()', 'POST', 1, 'admin', '研发部门', '/system/user/profile/avatar', '0:0:0:0:0:0:0:1', '内网IP', '', '', 1, '文件存储服务类型无法找到!', '2024-01-25 14:26:34');
INSERT INTO `sys_oper_log` (`oper_id`, `title`, `business_type`, `method`, `request_method`, `operator_type`, `oper_name`, `dept_name`, `oper_url`, `oper_ip`, `oper_location`, `oper_param`, `json_result`, `status`, `error_msg`, `oper_time`) VALUES (1750404782656622593, '用户头像', 2, 'com.ym.web.controller.system.SysProfileController.avatar()', 'POST', 1, 'admin', '研发部门', '/system/user/profile/avatar', '0:0:0:0:0:0:0:1', '内网IP', '', '', 1, '文件存储服务类型无法找到!', '2024-01-25 14:26:36');
INSERT INTO `sys_oper_log` (`oper_id`, `title`, `business_type`, `method`, `request_method`, `operator_type`, `oper_name`, `dept_name`, `oper_url`, `oper_ip`, `oper_location`, `oper_param`, `json_result`, `status`, `error_msg`, `oper_time`) VALUES (1750404788092440578, '用户头像', 2, 'com.ym.web.controller.system.SysProfileController.avatar()', 'POST', 1, 'admin', '研发部门', '/system/user/profile/avatar', '0:0:0:0:0:0:0:1', '内网IP', '', '', 1, '文件存储服务类型无法找到!', '2024-01-25 14:26:37');
INSERT INTO `sys_oper_log` (`oper_id`, `title`, `business_type`, `method`, `request_method`, `operator_type`, `oper_name`, `dept_name`, `oper_url`, `oper_ip`, `oper_location`, `oper_param`, `json_result`, `status`, `error_msg`, `oper_time`) VALUES (1750404792471293954, '用户头像', 2, 'com.ym.web.controller.system.SysProfileController.avatar()', 'POST', 1, 'admin', '研发部门', '/system/user/profile/avatar', '0:0:0:0:0:0:0:1', '内网IP', '', '', 1, '文件存储服务类型无法找到!', '2024-01-25 14:26:38');
INSERT INTO `sys_oper_log` (`oper_id`, `title`, `business_type`, `method`, `request_method`, `operator_type`, `oper_name`, `dept_name`, `oper_url`, `oper_ip`, `oper_location`, `oper_param`, `json_result`, `status`, `error_msg`, `oper_time`) VALUES (1750404801728122881, '用户头像', 2, 'com.ym.web.controller.system.SysProfileController.avatar()', 'POST', 1, 'admin', '研发部门', '/system/user/profile/avatar', '0:0:0:0:0:0:0:1', '内网IP', '', '', 1, '文件存储服务类型无法找到!', '2024-01-25 14:26:40');
INSERT INTO `sys_oper_log` (`oper_id`, `title`, `business_type`, `method`, `request_method`, `operator_type`, `oper_name`, `dept_name`, `oper_url`, `oper_ip`, `oper_location`, `oper_param`, `json_result`, `status`, `error_msg`, `oper_time`) VALUES (1750404996805201922, '对象存储配置', 2, 'com.ym.web.controller.system.SysOssConfigController.edit()', 'PUT', 1, 'admin', '研发部门', '/system/oss/config', '0:0:0:0:0:0:0:1', '内网IP', '{\"createBy\":null,\"createTime\":null,\"updateBy\":null,\"updateTime\":null,\"ossConfigId\":5,\"configKey\":\"image\",\"accessKey\":\"zSuMCn1uIFHQ1Y8Qvgre\",\"secretKey\":\"ym123\",\"bucketName\":\"ym\",\"prefix\":\"image\",\"endpoint\":\"127.0.0.1:9000\",\"domain\":\"\",\"isHttps\":\"N\",\"status\":\"1\",\"region\":\"\",\"ext1\":\"\",\"remark\":null,\"accessPolicy\":\"1\"}', '{\"code\":200,\"msg\":\"操作成功\",\"data\":null}', 0, '', '2024-01-25 14:27:27');
INSERT INTO `sys_oper_log` (`oper_id`, `title`, `business_type`, `method`, `request_method`, `operator_type`, `oper_name`, `dept_name`, `oper_url`, `oper_ip`, `oper_location`, `oper_param`, `json_result`, `status`, `error_msg`, `oper_time`) VALUES (1750405322262220802, '对象存储配置', 2, 'com.ym.web.controller.system.SysOssConfigController.edit()', 'PUT', 1, 'admin', '研发部门', '/system/oss/config', '0:0:0:0:0:0:0:1', '内网IP', '{\"createBy\":null,\"createTime\":null,\"updateBy\":null,\"updateTime\":null,\"ossConfigId\":5,\"configKey\":\"image\",\"accessKey\":\"zSuMCn1uIFHQ1Y8Qvgre\",\"secretKey\":\"IqWgmFaAI6VN8P4mzrdZKvWtyUgm6vkIRY0Othcz\",\"bucketName\":\"ym2024\",\"prefix\":\"image\",\"endpoint\":\"43.142.255.148:9000\",\"domain\":\"\",\"isHttps\":\"N\",\"status\":\"1\",\"region\":\"\",\"ext1\":\"\",\"remark\":\"\",\"accessPolicy\":\"1\"}', '{\"code\":200,\"msg\":\"操作成功\",\"data\":null}', 0, '', '2024-01-25 14:28:44');
INSERT INTO `sys_oper_log` (`oper_id`, `title`, `business_type`, `method`, `request_method`, `operator_type`, `oper_name`, `dept_name`, `oper_url`, `oper_ip`, `oper_location`, `oper_param`, `json_result`, `status`, `error_msg`, `oper_time`) VALUES (1750405341958672386, '对象存储状态修改', 2, 'com.ym.web.controller.system.SysOssConfigController.changeStatus()', 'PUT', 1, 'admin', '研发部门', '/system/oss/config/changeStatus', '0:0:0:0:0:0:0:1', '内网IP', '{\"createBy\":null,\"createTime\":null,\"updateBy\":null,\"updateTime\":null,\"ossConfigId\":5,\"configKey\":\"image\",\"accessKey\":null,\"secretKey\":null,\"bucketName\":null,\"prefix\":null,\"endpoint\":null,\"domain\":null,\"isHttps\":null,\"status\":\"0\",\"region\":null,\"ext1\":null,\"remark\":null,\"accessPolicy\":null}', '{\"code\":200,\"msg\":\"操作成功\",\"data\":null}', 0, '', '2024-01-25 14:28:49');
INSERT INTO `sys_oper_log` (`oper_id`, `title`, `business_type`, `method`, `request_method`, `operator_type`, `oper_name`, `dept_name`, `oper_url`, `oper_ip`, `oper_location`, `oper_param`, `json_result`, `status`, `error_msg`, `oper_time`) VALUES (1750409967449726978, 'OSS对象存储', 1, 'com.ym.web.controller.system.SysOssController.upload()', 'POST', 1, 'admin', '研发部门', '/system/oss/upload', '0:0:0:0:0:0:0:1', '内网IP', '', '{\"code\":200,\"msg\":\"操作成功\",\"data\":{\"ossId\":\"1750409966921244673\",\"url\":\"http://43.142.255.148:9000/ym2024/image/2024/01/25/01f24cb1e44e4ee5b95ecd984b2359c9.png\",\"fileName\":\"app_icon.png\"}}', 0, '', '2024-01-25 14:47:12');
INSERT INTO `sys_oper_log` (`oper_id`, `title`, `business_type`, `method`, `request_method`, `operator_type`, `oper_name`, `dept_name`, `oper_url`, `oper_ip`, `oper_location`, `oper_param`, `json_result`, `status`, `error_msg`, `oper_time`) VALUES (1750711194943283202, '疫苗厂家，存储疫苗厂家信息', 1, 'com.ym.vaccine.controller.YmManufacturerController.add()', 'POST', 1, 'admin', '研发部门', '/vaccine/manufacturer', '0:0:0:0:0:0:0:1', '内网IP', '{\"manufacturerId\":\"1750711194540630017\",\"facturerName\":\"3\",\"address\":\"3\",\"description\":\"1\"}', '{\"code\":200,\"msg\":\"操作成功\",\"data\":null}', 0, '', '2024-01-26 10:44:10');
INSERT INTO `sys_oper_log` (`oper_id`, `title`, `business_type`, `method`, `request_method`, `operator_type`, `oper_name`, `dept_name`, `oper_url`, `oper_ip`, `oper_location`, `oper_param`, `json_result`, `status`, `error_msg`, `oper_time`) VALUES (1750711217223426049, '疫苗厂家，存储疫苗厂家信息', 3, 'com.ym.vaccine.controller.YmManufacturerController.remove()', 'DELETE', 1, 'admin', '研发部门', '/vaccine/manufacturer/1750711194540630017', '0:0:0:0:0:0:0:1', '内网IP', '{}', '{\"code\":200,\"msg\":\"操作成功\",\"data\":null}', 0, '', '2024-01-26 10:44:15');
INSERT INTO `sys_oper_log` (`oper_id`, `title`, `business_type`, `method`, `request_method`, `operator_type`, `oper_name`, `dept_name`, `oper_url`, `oper_ip`, `oper_location`, `oper_param`, `json_result`, `status`, `error_msg`, `oper_time`) VALUES (1750711391656140802, '疫苗厂家，存储疫苗厂家信息', 5, 'com.ym.vaccine.controller.YmManufacturerController.export()', 'POST', 1, 'admin', '研发部门', '/vaccine/manufacturer/export', '0:0:0:0:0:0:0:1', '内网IP', '{\"manufacturerId\":null,\"facturerName\":null,\"address\":null,\"description\":null}', '', 0, '', '2024-01-26 10:44:57');
INSERT INTO `sys_oper_log` (`oper_id`, `title`, `business_type`, `method`, `request_method`, `operator_type`, `oper_name`, `dept_name`, `oper_url`, `oper_ip`, `oper_location`, `oper_param`, `json_result`, `status`, `error_msg`, `oper_time`) VALUES (1750718293983158273, '疫苗厂家，存储疫苗厂家信息', 1, 'com.ym.vaccine.controller.YmManufacturerController.add()', 'POST', 1, 'admin', '研发部门', '/vaccine/manufacturer', '0:0:0:0:0:0:0:1', '内网IP', '{\"manufacturerId\":\"1750718293668585474\",\"facturerName\":\"武汉生物1\",\"address\":\"湖北省武汉市东湖新技术开发区生物产业基地\",\"description\":\"武汉生物是中国最大的生物制品生产企业之一，产品涵盖多种疫苗。\"}', '{\"code\":200,\"msg\":\"操作成功\",\"data\":null}', 0, '', '2024-01-26 11:12:23');
INSERT INTO `sys_oper_log` (`oper_id`, `title`, `business_type`, `method`, `request_method`, `operator_type`, `oper_name`, `dept_name`, `oper_url`, `oper_ip`, `oper_location`, `oper_param`, `json_result`, `status`, `error_msg`, `oper_time`) VALUES (1750718310739402754, '疫苗厂家，存储疫苗厂家信息', 3, 'com.ym.vaccine.controller.YmManufacturerController.remove()', 'DELETE', 1, 'admin', '研发部门', '/vaccine/manufacturer/1750718293668585474', '0:0:0:0:0:0:0:1', '内网IP', '{}', '{\"code\":200,\"msg\":\"操作成功\",\"data\":null}', 0, '', '2024-01-26 11:12:27');
INSERT INTO `sys_oper_log` (`oper_id`, `title`, `business_type`, `method`, `request_method`, `operator_type`, `oper_name`, `dept_name`, `oper_url`, `oper_ip`, `oper_location`, `oper_param`, `json_result`, `status`, `error_msg`, `oper_time`) VALUES (1750750099780464642, '疫苗厂家，存储疫苗厂家信息', 1, 'com.ym.vaccine.controller.YmManufacturerController.add()', 'POST', 1, 'admin', '研发部门', '/vaccine/manufacturer', '0:0:0:0:0:0:0:1', '内网IP', '{\"manufacturerId\":\"1750750099369422849\",\"facturerName\":\"manufacturerForm\",\"address\":\"manufacturerForm\",\"description\":\"manufacturerFormmanufacturerFormv\"}', '{\"code\":200,\"msg\":\"操作成功\",\"data\":null}', 0, '', '2024-01-26 13:18:46');
INSERT INTO `sys_oper_log` (`oper_id`, `title`, `business_type`, `method`, `request_method`, `operator_type`, `oper_name`, `dept_name`, `oper_url`, `oper_ip`, `oper_location`, `oper_param`, `json_result`, `status`, `error_msg`, `oper_time`) VALUES (1750750170605481986, '疫苗厂家，存储疫苗厂家信息', 2, 'com.ym.vaccine.controller.YmManufacturerController.edit()', 'PUT', 1, 'admin', '研发部门', '/vaccine/manufacturer', '0:0:0:0:0:0:0:1', '内网IP', '{\"manufacturerId\":\"1750750099369422849\",\"facturerName\":\"manufacturerForm111\",\"address\":\"manufacturerForm111\",\"description\":\"manufacturerFormmanufacturerFormv111\"}', '{\"code\":200,\"msg\":\"操作成功\",\"data\":null}', 0, '', '2024-01-26 13:19:03');
INSERT INTO `sys_oper_log` (`oper_id`, `title`, `business_type`, `method`, `request_method`, `operator_type`, `oper_name`, `dept_name`, `oper_url`, `oper_ip`, `oper_location`, `oper_param`, `json_result`, `status`, `error_msg`, `oper_time`) VALUES (1750750193858703362, '疫苗厂家，存储疫苗厂家信息', 3, 'com.ym.vaccine.controller.YmManufacturerController.remove()', 'DELETE', 1, 'admin', '研发部门', '/vaccine/manufacturer/1750750099369422849', '0:0:0:0:0:0:0:1', '内网IP', '{}', '{\"code\":200,\"msg\":\"操作成功\",\"data\":null}', 0, '', '2024-01-26 13:19:08');
INSERT INTO `sys_oper_log` (`oper_id`, `title`, `business_type`, `method`, `request_method`, `operator_type`, `oper_name`, `dept_name`, `oper_url`, `oper_ip`, `oper_location`, `oper_param`, `json_result`, `status`, `error_msg`, `oper_time`) VALUES (1751219231441338369, '疫苗类型，存储疫苗的类型信息', 2, 'com.ym.vaccine.controller.YmVaccineTypeController.edit()', 'PUT', 1, 'admin', '研发部门', '/vaccine/vaccineType', '0:0:0:0:0:0:0:1', '内网IP', '{\"typeId\":1,\"typeName\":\"灭活疫苗1\"}', '{\"code\":200,\"msg\":\"操作成功\",\"data\":null}', 0, '', '2024-01-27 20:22:56');
INSERT INTO `sys_oper_log` (`oper_id`, `title`, `business_type`, `method`, `request_method`, `operator_type`, `oper_name`, `dept_name`, `oper_url`, `oper_ip`, `oper_location`, `oper_param`, `json_result`, `status`, `error_msg`, `oper_time`) VALUES (1751219256045125634, '疫苗类型，存储疫苗的类型信息', 2, 'com.ym.vaccine.controller.YmVaccineTypeController.edit()', 'PUT', 1, 'admin', '研发部门', '/vaccine/vaccineType', '0:0:0:0:0:0:0:1', '内网IP', '{\"typeId\":1,\"typeName\":\"灭活疫苗\"}', '{\"code\":200,\"msg\":\"操作成功\",\"data\":null}', 0, '', '2024-01-27 20:23:01');
INSERT INTO `sys_oper_log` (`oper_id`, `title`, `business_type`, `method`, `request_method`, `operator_type`, `oper_name`, `dept_name`, `oper_url`, `oper_ip`, `oper_location`, `oper_param`, `json_result`, `status`, `error_msg`, `oper_time`) VALUES (1751220181342142465, '疫苗类型，存储疫苗的类型信息', 1, 'com.ym.vaccine.controller.YmVaccineTypeController.add()', 'POST', 1, 'admin', '研发部门', '/vaccine/vaccineType', '0:0:0:0:0:0:0:1', '内网IP', '{\"typeId\":null,\"typeName\":\"测试数据\"}', '', 1, '\n### Error updating database.  Cause: com.mysql.cj.jdbc.exceptions.MysqlDataTruncation: Data truncation: Out of range value for column \'type_id\' at row 1\n### The error may exist in com/ym/vaccine/mapper/YmVaccineTypeMapper.java (best guess)\n### The error may involve com.ym.vaccine.mapper.YmVaccineTypeMapper.insert-Inline\n### The error occurred while setting parameters\n### SQL: INSERT INTO ym_vaccine_type  ( type_id, type_name )  VALUES (  ?, ?  )\n### Cause: com.mysql.cj.jdbc.exceptions.MysqlDataTruncation: Data truncation: Out of range value for column \'type_id\' at row 1\n; Data truncation: Out of range value for column \'type_id\' at row 1; nested exception is com.mysql.cj.jdbc.exceptions.MysqlDataTruncation: Data truncation: Out of range value for column \'type_id\' at row 1', '2024-01-27 20:26:42');
INSERT INTO `sys_oper_log` (`oper_id`, `title`, `business_type`, `method`, `request_method`, `operator_type`, `oper_name`, `dept_name`, `oper_url`, `oper_ip`, `oper_location`, `oper_param`, `json_result`, `status`, `error_msg`, `oper_time`) VALUES (1751220206340194305, '疫苗类型，存储疫苗的类型信息', 1, 'com.ym.vaccine.controller.YmVaccineTypeController.add()', 'POST', 1, 'admin', '研发部门', '/vaccine/vaccineType', '0:0:0:0:0:0:0:1', '内网IP', '{\"typeId\":null,\"typeName\":\"测试数据\"}', '', 1, '\n### Error updating database.  Cause: com.mysql.cj.jdbc.exceptions.MysqlDataTruncation: Data truncation: Out of range value for column \'type_id\' at row 1\n### The error may exist in com/ym/vaccine/mapper/YmVaccineTypeMapper.java (best guess)\n### The error may involve com.ym.vaccine.mapper.YmVaccineTypeMapper.insert-Inline\n### The error occurred while setting parameters\n### SQL: INSERT INTO ym_vaccine_type  ( type_id, type_name )  VALUES (  ?, ?  )\n### Cause: com.mysql.cj.jdbc.exceptions.MysqlDataTruncation: Data truncation: Out of range value for column \'type_id\' at row 1\n; Data truncation: Out of range value for column \'type_id\' at row 1; nested exception is com.mysql.cj.jdbc.exceptions.MysqlDataTruncation: Data truncation: Out of range value for column \'type_id\' at row 1', '2024-01-27 20:26:48');
INSERT INTO `sys_oper_log` (`oper_id`, `title`, `business_type`, `method`, `request_method`, `operator_type`, `oper_name`, `dept_name`, `oper_url`, `oper_ip`, `oper_location`, `oper_param`, `json_result`, `status`, `error_msg`, `oper_time`) VALUES (1751221383928791041, '疫苗类型，存储疫苗的类型信息', 1, 'com.ym.vaccine.controller.YmVaccineTypeController.add()', 'POST', 1, 'admin', '研发部门', '/vaccine/vaccineType', '0:0:0:0:0:0:0:1', '内网IP', '{\"typeId\":null,\"typeName\":\"ce\"}', '', 1, '\n### Error updating database.  Cause: com.mysql.cj.jdbc.exceptions.MysqlDataTruncation: Data truncation: Out of range value for column \'type_id\' at row 1\n### The error may exist in com/ym/vaccine/mapper/YmVaccineTypeMapper.java (best guess)\n### The error may involve com.ym.vaccine.mapper.YmVaccineTypeMapper.insert-Inline\n### The error occurred while setting parameters\n### SQL: INSERT INTO ym_vaccine_type  ( type_id, type_name )  VALUES (  ?, ?  )\n### Cause: com.mysql.cj.jdbc.exceptions.MysqlDataTruncation: Data truncation: Out of range value for column \'type_id\' at row 1\n; Data truncation: Out of range value for column \'type_id\' at row 1; nested exception is com.mysql.cj.jdbc.exceptions.MysqlDataTruncation: Data truncation: Out of range value for column \'type_id\' at row 1', '2024-01-27 20:31:29');
INSERT INTO `sys_oper_log` (`oper_id`, `title`, `business_type`, `method`, `request_method`, `operator_type`, `oper_name`, `dept_name`, `oper_url`, `oper_ip`, `oper_location`, `oper_param`, `json_result`, `status`, `error_msg`, `oper_time`) VALUES (1751221628397993985, '疫苗类型，存储疫苗的类型信息', 1, 'com.ym.vaccine.controller.YmVaccineTypeController.add()', 'POST', 1, 'admin', '研发部门', '/vaccine/vaccineType', '0:0:0:0:0:0:0:1', '内网IP', '{\"typeId\":null,\"typeName\":\"ce\"}', '', 1, '\n### Error updating database.  Cause: com.mysql.cj.jdbc.exceptions.MysqlDataTruncation: Data truncation: Out of range value for column \'type_id\' at row 1\n### The error may exist in com/ym/vaccine/mapper/YmVaccineTypeMapper.java (best guess)\n### The error may involve com.ym.vaccine.mapper.YmVaccineTypeMapper.insert-Inline\n### The error occurred while setting parameters\n### SQL: INSERT INTO ym_vaccine_type  ( type_id, type_name )  VALUES (  ?, ?  )\n### Cause: com.mysql.cj.jdbc.exceptions.MysqlDataTruncation: Data truncation: Out of range value for column \'type_id\' at row 1\n; Data truncation: Out of range value for column \'type_id\' at row 1; nested exception is com.mysql.cj.jdbc.exceptions.MysqlDataTruncation: Data truncation: Out of range value for column \'type_id\' at row 1', '2024-01-27 20:32:27');
INSERT INTO `sys_oper_log` (`oper_id`, `title`, `business_type`, `method`, `request_method`, `operator_type`, `oper_name`, `dept_name`, `oper_url`, `oper_ip`, `oper_location`, `oper_param`, `json_result`, `status`, `error_msg`, `oper_time`) VALUES (1751814363374997506, '代码生成', 6, 'com.ym.generator.controller.GenController.importTableSave()', 'POST', 1, 'admin', '研发部门', '/tool/gen/importTable', '0:0:0:0:0:0:0:1', '内网IP', '\"ym_vaccine\"', '{\"code\":200,\"msg\":\"操作成功\",\"data\":null}', 0, '', '2024-01-29 11:47:46');
INSERT INTO `sys_oper_log` (`oper_id`, `title`, `business_type`, `method`, `request_method`, `operator_type`, `oper_name`, `dept_name`, `oper_url`, `oper_ip`, `oper_location`, `oper_param`, `json_result`, `status`, `error_msg`, `oper_time`) VALUES (1751815724044963842, '代码生成', 2, 'com.ym.generator.controller.GenController.editSave()', 'PUT', 1, 'admin', '研发部门', '/tool/gen', '0:0:0:0:0:0:0:1', '内网IP', '{\"createBy\":null,\"createTime\":null,\"updateBy\":\"admin\",\"updateTime\":\"2024-01-29 11:53:09\",\"params\":{\"treeCode\":null,\"treeName\":null,\"treeParentCode\":null,\"parentMenuId\":5},\"tableId\":\"1751814362167037954\",\"tableName\":\"ym_vaccine\",\"tableComment\":\"疫苗信息表\",\"subTableName\":null,\"subTableFkName\":null,\"className\":\"Vaccine\",\"tplCategory\":\"crud\",\"packageName\":\"com.ym.system\",\"moduleName\":\"vaccine\",\"businessName\":\"vaccine\",\"functionName\":\"疫苗信息\",\"functionAuthor\":\"ym\",\"genType\":\"0\",\"genPath\":\"/\",\"pkColumn\":null,\"subTable\":null,\"columns\":[{\"createBy\":\"admin\",\"createTime\":\"2024-01-29 11:47:46\",\"updateBy\":\"admin\",\"updateTime\":\"2024-01-29 11:53:10\",\"columnId\":\"1751814362599051265\",\"tableId\":\"1751814362167037954\",\"columnName\":\"id\",\"columnComment\":\"疫苗id\",\"columnType\":\"int\",\"javaType\":\"Long\",\"javaField\":\"id\",\"isPk\":\"1\",\"isIncrement\":\"1\",\"isRequired\":\"1\",\"isInsert\":null,\"isEdit\":\"1\",\"isList\":\"1\",\"isQuery\":null,\"queryType\":\"EQ\",\"htmlType\":\"input\",\"dictType\":\"\",\"sort\":1,\"list\":true,\"pk\":true,\"edit\":true,\"increment\":true,\"query\":false,\"insert\":false,\"usableColumn\":false,\"superColumn\":false,\"capJavaField\":\"Id\",\"required\":true},{\"createBy\":\"admin\",\"createTime\":\"2024-01-29 11:47:46\",\"updateBy\":\"admin\",\"updateTime\":\"2024-01-29 11:53:10\",\"columnId\":\"1751814362607439873\",\"tableId\":\"1751814362167037954\",\"columnName\":\"name\",\"columnComment\":\"疫苗名称\",\"columnType\":\"varchar(255)\",\"javaType\":\"String\",\"javaField\":\"name\",\"isPk\":\"0\",\"isIncrement\":\"0\",\"isRequired\":\"1\",\"isInsert\":\"1\",\"isEdit\":\"1\",\"isList\":\"1\",\"isQuery\":\"1\",\"queryType\":\"LIKE\",\"htmlType\":\"input\",\"dictType\":\"\",\"sort\":2,\"list\":true,\"pk\":false,\"edit\":true,\"increment\":false,\"query\":true,\"insert\":true,\"usableColumn\":false,\"superColumn\":false,\"capJavaField\":\"Name\",\"required\":true},{\"createBy\":\"admin\",\"createTime\":\"2024-01-29 11:47:46\",\"updateBy\":\"admin\",\"updateTime\":\"2024-01-29 11:53:10\",\"columnId\":\"1751814362615828481\",\"tableId\":\"1751814362167037954\",\"columnName\":\"price\",\"columnComment\":\"疫苗价格\",\"columnType\":\"float\",\"javaType\":\"Long\",\"javaField\":\"price\"', '{\"code\":200,\"msg\":\"操作成功\",\"data\":null}', 0, '', '2024-01-29 11:53:10');
INSERT INTO `sys_oper_log` (`oper_id`, `title`, `business_type`, `method`, `request_method`, `operator_type`, `oper_name`, `dept_name`, `oper_url`, `oper_ip`, `oper_location`, `oper_param`, `json_result`, `status`, `error_msg`, `oper_time`) VALUES (1751815804076478465, '代码生成', 6, 'com.ym.generator.controller.GenController.importTableSave()', 'POST', 1, 'admin', '研发部门', '/tool/gen/importTable', '0:0:0:0:0:0:0:1', '内网IP', '\"ym_user\"', '{\"code\":200,\"msg\":\"操作成功\",\"data\":null}', 0, '', '2024-01-29 11:53:30');
INSERT INTO `sys_oper_log` (`oper_id`, `title`, `business_type`, `method`, `request_method`, `operator_type`, `oper_name`, `dept_name`, `oper_url`, `oper_ip`, `oper_location`, `oper_param`, `json_result`, `status`, `error_msg`, `oper_time`) VALUES (1751815817724743681, '代码生成', 8, 'com.ym.generator.controller.GenController.batchGenCode()', 'GET', 1, 'admin', '研发部门', '/tool/gen/batchGenCode', '0:0:0:0:0:0:0:1', '内网IP', '{\"tables\":\"ym_vaccine\"}', '', 0, '', '2024-01-29 11:53:33');
INSERT INTO `sys_oper_log` (`oper_id`, `title`, `business_type`, `method`, `request_method`, `operator_type`, `oper_name`, `dept_name`, `oper_url`, `oper_ip`, `oper_location`, `oper_param`, `json_result`, `status`, `error_msg`, `oper_time`) VALUES (1751822928957456385, '代码生成', 2, 'com.ym.generator.controller.GenController.editSave()', 'PUT', 1, 'admin', '研发部门', '/tool/gen', '0:0:0:0:0:0:0:1', '内网IP', '{\"createBy\":null,\"createTime\":null,\"updateBy\":\"admin\",\"updateTime\":\"2024-01-29 12:21:47\",\"params\":{\"treeCode\":null,\"treeName\":null,\"treeParentCode\":null,\"parentMenuId\":5},\"tableId\":\"1751815803032096770\",\"tableName\":\"ym_user\",\"tableComment\":\"疫苗预约系统用户表\",\"subTableName\":null,\"subTableFkName\":null,\"className\":\"YmUser\",\"tplCategory\":\"crud\",\"packageName\":\"com.ym.vaccine\",\"moduleName\":\"vaccine\",\"businessName\":\"ym_user\",\"functionName\":\"疫苗预约用户\",\"functionAuthor\":\"ym\",\"genType\":\"0\",\"genPath\":\"/\",\"pkColumn\":null,\"subTable\":null,\"columns\":[{\"createBy\":\"admin\",\"createTime\":\"2024-01-29 11:53:29\",\"updateBy\":\"admin\",\"updateTime\":\"2024-01-29 12:21:47\",\"columnId\":\"1751815803426361346\",\"tableId\":\"1751815803032096770\",\"columnName\":\"id\",\"columnComment\":\"疫苗用户id\",\"columnType\":\"int\",\"javaType\":\"Long\",\"javaField\":\"id\",\"isPk\":\"1\",\"isIncrement\":\"1\",\"isRequired\":\"1\",\"isInsert\":null,\"isEdit\":\"1\",\"isList\":\"1\",\"isQuery\":null,\"queryType\":\"EQ\",\"htmlType\":\"input\",\"dictType\":\"\",\"sort\":1,\"capJavaField\":\"Id\",\"increment\":true,\"query\":false,\"insert\":false,\"usableColumn\":false,\"superColumn\":false,\"pk\":true,\"edit\":true,\"list\":true,\"required\":true},{\"createBy\":\"admin\",\"createTime\":\"2024-01-29 11:53:29\",\"updateBy\":\"admin\",\"updateTime\":\"2024-01-29 12:21:47\",\"columnId\":\"1751815803430555649\",\"tableId\":\"1751815803032096770\",\"columnName\":\"username\",\"columnComment\":\"疫苗用户名\",\"columnType\":\"varchar(255)\",\"javaType\":\"String\",\"javaField\":\"username\",\"isPk\":\"0\",\"isIncrement\":\"0\",\"isRequired\":\"1\",\"isInsert\":\"1\",\"isEdit\":\"1\",\"isList\":\"1\",\"isQuery\":\"1\",\"queryType\":\"LIKE\",\"htmlType\":\"input\",\"dictType\":\"\",\"sort\":2,\"capJavaField\":\"Username\",\"increment\":false,\"query\":true,\"insert\":true,\"usableColumn\":false,\"superColumn\":false,\"pk\":false,\"edit\":true,\"list\":true,\"required\":true},{\"createBy\":\"admin\",\"createTime\":\"2024-01-29 11:53:29\",\"updateBy\":\"admin\",\"updateTime\":\"2024-01-29 12:21:47\",\"columnId\":\"1751815803434749953\",\"tableId\":\"1751815803032096770\",\"columnName\":\"password\",\"columnComment\":\"疫苗用户密码\",\"columnType\":\"varchar(255)\",\"javaTy', '{\"code\":200,\"msg\":\"操作成功\",\"data\":null}', 0, '', '2024-01-29 12:21:48');
INSERT INTO `sys_oper_log` (`oper_id`, `title`, `business_type`, `method`, `request_method`, `operator_type`, `oper_name`, `dept_name`, `oper_url`, `oper_ip`, `oper_location`, `oper_param`, `json_result`, `status`, `error_msg`, `oper_time`) VALUES (1751822947500474369, '代码生成', 8, 'com.ym.generator.controller.GenController.batchGenCode()', 'GET', 1, 'admin', '研发部门', '/tool/gen/batchGenCode', '0:0:0:0:0:0:0:1', '内网IP', '{\"tables\":\"ym_user\"}', '', 0, '', '2024-01-29 12:21:53');
INSERT INTO `sys_oper_log` (`oper_id`, `title`, `business_type`, `method`, `request_method`, `operator_type`, `oper_name`, `dept_name`, `oper_url`, `oper_ip`, `oper_location`, `oper_param`, `json_result`, `status`, `error_msg`, `oper_time`) VALUES (1751833821829189633, '代码生成', 6, 'com.ym.generator.controller.GenController.importTableSave()', 'POST', 1, 'admin', '研发部门', '/tool/gen/importTable', '0:0:0:0:0:0:0:1', '内网IP', '\"district,ym_worker,ym_sign,ym_pre_check,ym_plan,ym_pay,ym_observe,ym_inoculate_site,ym_inoculate,ym_appoint\"', '{\"code\":200,\"msg\":\"操作成功\",\"data\":null}', 0, '', '2024-01-29 13:05:05');
INSERT INTO `sys_oper_log` (`oper_id`, `title`, `business_type`, `method`, `request_method`, `operator_type`, `oper_name`, `dept_name`, `oper_url`, `oper_ip`, `oper_location`, `oper_param`, `json_result`, `status`, `error_msg`, `oper_time`) VALUES (1751833915114704898, '代码生成', 3, 'com.ym.generator.controller.GenController.remove()', 'DELETE', 1, 'admin', '研发部门', '/tool/gen/1751814362167037954,1751815803032096770', '0:0:0:0:0:0:0:1', '内网IP', '{}', '{\"code\":200,\"msg\":\"操作成功\",\"data\":null}', 0, '', '2024-01-29 13:05:28');
INSERT INTO `sys_oper_log` (`oper_id`, `title`, `business_type`, `method`, `request_method`, `operator_type`, `oper_name`, `dept_name`, `oper_url`, `oper_ip`, `oper_location`, `oper_param`, `json_result`, `status`, `error_msg`, `oper_time`) VALUES (1751835274996142081, '代码生成', 2, 'com.ym.generator.controller.GenController.editSave()', 'PUT', 1, 'admin', '研发部门', '/tool/gen', '0:0:0:0:0:0:0:1', '内网IP', '{\"createBy\":null,\"createTime\":null,\"updateBy\":\"admin\",\"updateTime\":\"2024-01-29 13:10:51\",\"params\":{\"treeCode\":null,\"treeName\":null,\"treeParentCode\":null,\"parentMenuId\":1},\"tableId\":\"1751833812203261954\",\"tableName\":\"district\",\"tableComment\":\"疫苗系统省市区号信息表\",\"subTableName\":null,\"subTableFkName\":null,\"className\":\"District\",\"tplCategory\":\"crud\",\"packageName\":\"com.ym.vaccine\",\"moduleName\":\"vaccine\",\"businessName\":\"district\",\"functionName\":\"省市区号\",\"functionAuthor\":\"ym\",\"genType\":\"0\",\"genPath\":\"/\",\"pkColumn\":null,\"subTable\":null,\"columns\":[{\"createBy\":\"admin\",\"createTime\":\"2024-01-29 13:05:03\",\"updateBy\":\"admin\",\"updateTime\":\"2024-01-29 13:10:51\",\"columnId\":\"1751833812714967042\",\"tableId\":\"1751833812203261954\",\"columnName\":\"id\",\"columnComment\":\"\",\"columnType\":\"int\",\"javaType\":\"Long\",\"javaField\":\"id\",\"isPk\":\"1\",\"isIncrement\":\"1\",\"isRequired\":\"1\",\"isInsert\":null,\"isEdit\":\"1\",\"isList\":\"1\",\"isQuery\":null,\"queryType\":\"EQ\",\"htmlType\":\"input\",\"dictType\":\"\",\"sort\":1,\"capJavaField\":\"Id\",\"pk\":true,\"edit\":true,\"list\":true,\"increment\":true,\"query\":false,\"insert\":false,\"usableColumn\":false,\"superColumn\":false,\"required\":true},{\"createBy\":\"admin\",\"createTime\":\"2024-01-29 13:05:03\",\"updateBy\":\"admin\",\"updateTime\":\"2024-01-29 13:10:51\",\"columnId\":\"1751833812727549954\",\"tableId\":\"1751833812203261954\",\"columnName\":\"parent\",\"columnComment\":\"\",\"columnType\":\"varchar(255)\",\"javaType\":\"String\",\"javaField\":\"parent\",\"isPk\":\"0\",\"isIncrement\":\"0\",\"isRequired\":\"1\",\"isInsert\":\"1\",\"isEdit\":\"1\",\"isList\":\"1\",\"isQuery\":\"1\",\"queryType\":\"EQ\",\"htmlType\":\"input\",\"dictType\":\"\",\"sort\":2,\"capJavaField\":\"Parent\",\"pk\":false,\"edit\":true,\"list\":true,\"increment\":false,\"query\":true,\"insert\":true,\"usableColumn\":false,\"superColumn\":false,\"required\":true},{\"createBy\":\"admin\",\"createTime\":\"2024-01-29 13:05:03\",\"updateBy\":\"admin\",\"updateTime\":\"2024-01-29 13:10:51\",\"columnId\":\"1751833812731744258\",\"tableId\":\"1751833812203261954\",\"columnName\":\"code\",\"columnComment\":\"\",\"columnType\":\"varchar(255)\",\"javaType\":\"String\",\"javaField\":', '{\"code\":200,\"msg\":\"操作成功\",\"data\":null}', 0, '', '2024-01-29 13:10:52');
INSERT INTO `sys_oper_log` (`oper_id`, `title`, `business_type`, `method`, `request_method`, `operator_type`, `oper_name`, `dept_name`, `oper_url`, `oper_ip`, `oper_location`, `oper_param`, `json_result`, `status`, `error_msg`, `oper_time`) VALUES (1751836400571174913, '代码生成', 2, 'com.ym.generator.controller.GenController.editSave()', 'PUT', 1, 'admin', '研发部门', '/tool/gen', '0:0:0:0:0:0:0:1', '内网IP', '{\"createBy\":null,\"createTime\":null,\"updateBy\":\"admin\",\"updateTime\":\"2024-01-29 13:15:19\",\"params\":{\"treeCode\":null,\"treeName\":null,\"treeParentCode\":null,\"parentMenuId\":6},\"tableId\":\"1751833813188923393\",\"tableName\":\"ym_appoint\",\"tableComment\":\"疫苗预约信息表\",\"subTableName\":null,\"subTableFkName\":null,\"className\":\"YmAppoint\",\"tplCategory\":\"crud\",\"packageName\":\"com.ym.vaccine\",\"moduleName\":\"vaccine\",\"businessName\":\"appoint\",\"functionName\":\"预约\",\"functionAuthor\":\"ym\",\"genType\":\"0\",\"genPath\":\"/\",\"pkColumn\":null,\"subTable\":null,\"columns\":[{\"createBy\":\"admin\",\"createTime\":\"2024-01-29 13:05:03\",\"updateBy\":\"admin\",\"updateTime\":\"2024-01-29 13:15:19\",\"columnId\":\"1751833813507690498\",\"tableId\":\"1751833813188923393\",\"columnName\":\"id\",\"columnComment\":\"\",\"columnType\":\"int\",\"javaType\":\"Long\",\"javaField\":\"id\",\"isPk\":\"1\",\"isIncrement\":\"1\",\"isRequired\":\"1\",\"isInsert\":null,\"isEdit\":\"1\",\"isList\":\"1\",\"isQuery\":null,\"queryType\":\"EQ\",\"htmlType\":\"input\",\"dictType\":\"\",\"sort\":1,\"capJavaField\":\"Id\",\"pk\":true,\"edit\":true,\"list\":true,\"increment\":true,\"query\":false,\"insert\":false,\"usableColumn\":false,\"superColumn\":false,\"required\":true},{\"createBy\":\"admin\",\"createTime\":\"2024-01-29 13:05:03\",\"updateBy\":\"admin\",\"updateTime\":\"2024-01-29 13:15:19\",\"columnId\":\"1751833813516079106\",\"tableId\":\"1751833813188923393\",\"columnName\":\"user_id\",\"columnComment\":\"预约用户id\",\"columnType\":\"int\",\"javaType\":\"Long\",\"javaField\":\"userId\",\"isPk\":\"0\",\"isIncrement\":\"0\",\"isRequired\":\"1\",\"isInsert\":\"1\",\"isEdit\":\"1\",\"isList\":\"1\",\"isQuery\":\"1\",\"queryType\":\"EQ\",\"htmlType\":\"input\",\"dictType\":\"\",\"sort\":2,\"capJavaField\":\"UserId\",\"pk\":false,\"edit\":true,\"list\":true,\"increment\":false,\"query\":true,\"insert\":true,\"usableColumn\":false,\"superColumn\":false,\"required\":true},{\"createBy\":\"admin\",\"createTime\":\"2024-01-29 13:05:03\",\"updateBy\":\"admin\",\"updateTime\":\"2024-01-29 13:15:19\",\"columnId\":\"1751833813520273410\",\"tableId\":\"1751833813188923393\",\"columnName\":\"appoint_date\",\"columnComment\":\"预约日期\",\"columnType\":\"date\",\"javaType\":\"Date\",\"javaField\":\"appoi', '{\"code\":200,\"msg\":\"操作成功\",\"data\":null}', 0, '', '2024-01-29 13:15:20');
INSERT INTO `sys_oper_log` (`oper_id`, `title`, `business_type`, `method`, `request_method`, `operator_type`, `oper_name`, `dept_name`, `oper_url`, `oper_ip`, `oper_location`, `oper_param`, `json_result`, `status`, `error_msg`, `oper_time`) VALUES (1751840970496069634, '代码生成', 2, 'com.ym.generator.controller.GenController.editSave()', 'PUT', 1, 'admin', '研发部门', '/tool/gen', '0:0:0:0:0:0:0:1', '内网IP', '{\"createBy\":null,\"createTime\":null,\"updateBy\":\"admin\",\"updateTime\":\"2024-01-29 13:33:29\",\"params\":{\"treeCode\":null,\"treeName\":null,\"treeParentCode\":null,\"parentMenuId\":7},\"tableId\":\"1751833814124253186\",\"tableName\":\"ym_inoculate\",\"tableComment\":\"疫苗接种信息表\",\"subTableName\":null,\"subTableFkName\":null,\"className\":\"YmInoculate\",\"tplCategory\":\"crud\",\"packageName\":\"com.ym.vaccine\",\"moduleName\":\"vaccine\",\"businessName\":\"inoculate\",\"functionName\":\"疫苗接种记录\",\"functionAuthor\":\"ym\",\"genType\":\"0\",\"genPath\":\"/\",\"pkColumn\":null,\"subTable\":null,\"columns\":[{\"createBy\":\"admin\",\"createTime\":\"2024-01-29 13:05:04\",\"updateBy\":\"admin\",\"updateTime\":\"2024-01-29 13:33:29\",\"columnId\":\"1751833814422048769\",\"tableId\":\"1751833814124253186\",\"columnName\":\"id\",\"columnComment\":\"\",\"columnType\":\"int\",\"javaType\":\"Long\",\"javaField\":\"id\",\"isPk\":\"1\",\"isIncrement\":\"1\",\"isRequired\":\"1\",\"isInsert\":null,\"isEdit\":\"1\",\"isList\":\"1\",\"isQuery\":null,\"queryType\":\"EQ\",\"htmlType\":\"input\",\"dictType\":\"\",\"sort\":1,\"capJavaField\":\"Id\",\"pk\":true,\"edit\":true,\"list\":true,\"increment\":true,\"query\":false,\"insert\":false,\"usableColumn\":false,\"superColumn\":false,\"required\":true},{\"createBy\":\"admin\",\"createTime\":\"2024-01-29 13:05:04\",\"updateBy\":\"admin\",\"updateTime\":\"2024-01-29 13:33:29\",\"columnId\":\"1751833814430437377\",\"tableId\":\"1751833814124253186\",\"columnName\":\"part\",\"columnComment\":\"\",\"columnType\":\"varchar(255)\",\"javaType\":\"String\",\"javaField\":\"part\",\"isPk\":\"0\",\"isIncrement\":\"0\",\"isRequired\":\"1\",\"isInsert\":\"1\",\"isEdit\":\"1\",\"isList\":\"1\",\"isQuery\":\"1\",\"queryType\":\"EQ\",\"htmlType\":\"input\",\"dictType\":\"\",\"sort\":2,\"capJavaField\":\"Part\",\"pk\":false,\"edit\":true,\"list\":true,\"increment\":false,\"query\":true,\"insert\":true,\"usableColumn\":false,\"superColumn\":false,\"required\":true},{\"createBy\":\"admin\",\"createTime\":\"2024-01-29 13:05:04\",\"updateBy\":\"admin\",\"updateTime\":\"2024-01-29 13:33:29\",\"columnId\":\"1751833814438825985\",\"tableId\":\"1751833814124253186\",\"columnName\":\"vaccine_batch_code\",\"columnComment\":\"\",\"columnType\":\"varchar(255)\",\"javaType\":\"String', '{\"code\":200,\"msg\":\"操作成功\",\"data\":null}', 0, '', '2024-01-29 13:33:30');
INSERT INTO `sys_oper_log` (`oper_id`, `title`, `business_type`, `method`, `request_method`, `operator_type`, `oper_name`, `dept_name`, `oper_url`, `oper_ip`, `oper_location`, `oper_param`, `json_result`, `status`, `error_msg`, `oper_time`) VALUES (1751842285959827457, '代码生成', 2, 'com.ym.generator.controller.GenController.editSave()', 'PUT', 1, 'admin', '研发部门', '/tool/gen', '0:0:0:0:0:0:0:1', '内网IP', '{\"createBy\":null,\"createTime\":null,\"updateBy\":\"admin\",\"updateTime\":\"2024-01-29 13:38:42\",\"params\":{\"treeCode\":null,\"treeName\":null,\"treeParentCode\":null,\"parentMenuId\":5},\"tableId\":\"1751833815227355137\",\"tableName\":\"ym_inoculate_site\",\"tableComment\":\"疫苗接种站点信息表\",\"subTableName\":null,\"subTableFkName\":null,\"className\":\"YmInoculateSite\",\"tplCategory\":\"crud\",\"packageName\":\"com.ym.vaccine\",\"moduleName\":\"vaccine\",\"businessName\":\"inoculateSite\",\"functionName\":\"疫苗接种站点管理\",\"functionAuthor\":\"ym\",\"genType\":\"0\",\"genPath\":\"/\",\"pkColumn\":null,\"subTable\":null,\"columns\":[{\"createBy\":\"admin\",\"createTime\":\"2024-01-29 13:05:04\",\"updateBy\":\"admin\",\"updateTime\":\"2024-01-29 13:38:42\",\"columnId\":\"1751833815520956418\",\"tableId\":\"1751833815227355137\",\"columnName\":\"id\",\"columnComment\":\"\",\"columnType\":\"int\",\"javaType\":\"Long\",\"javaField\":\"id\",\"isPk\":\"1\",\"isIncrement\":\"1\",\"isRequired\":\"1\",\"isInsert\":null,\"isEdit\":\"1\",\"isList\":\"1\",\"isQuery\":null,\"queryType\":\"EQ\",\"htmlType\":\"input\",\"dictType\":\"\",\"sort\":1,\"capJavaField\":\"Id\",\"pk\":true,\"edit\":true,\"list\":true,\"increment\":true,\"query\":false,\"insert\":false,\"usableColumn\":false,\"superColumn\":false,\"required\":true},{\"createBy\":\"admin\",\"createTime\":\"2024-01-29 13:05:04\",\"updateBy\":\"admin\",\"updateTime\":\"2024-01-29 13:38:42\",\"columnId\":\"1751833815525150721\",\"tableId\":\"1751833815227355137\",\"columnName\":\"name\",\"columnComment\":\"\",\"columnType\":\"varchar(255)\",\"javaType\":\"String\",\"javaField\":\"name\",\"isPk\":\"0\",\"isIncrement\":\"0\",\"isRequired\":\"1\",\"isInsert\":\"1\",\"isEdit\":\"1\",\"isList\":\"1\",\"isQuery\":\"1\",\"queryType\":\"LIKE\",\"htmlType\":\"input\",\"dictType\":\"\",\"sort\":2,\"capJavaField\":\"Name\",\"pk\":false,\"edit\":true,\"list\":true,\"increment\":false,\"query\":true,\"insert\":true,\"usableColumn\":false,\"superColumn\":false,\"required\":true},{\"createBy\":\"admin\",\"createTime\":\"2024-01-29 13:05:04\",\"updateBy\":\"admin\",\"updateTime\":\"2024-01-29 13:38:42\",\"columnId\":\"1751833815529345025\",\"tableId\":\"1751833815227355137\",\"columnName\":\"province_code\",\"columnComment\":\"\",\"columnType\":\"varchar(255)\",\"jav', '{\"code\":200,\"msg\":\"操作成功\",\"data\":null}', 0, '', '2024-01-29 13:38:43');
INSERT INTO `sys_oper_log` (`oper_id`, `title`, `business_type`, `method`, `request_method`, `operator_type`, `oper_name`, `dept_name`, `oper_url`, `oper_ip`, `oper_location`, `oper_param`, `json_result`, `status`, `error_msg`, `oper_time`) VALUES (1751902673028026369, '代码生成', 2, 'com.ym.generator.controller.GenController.editSave()', 'PUT', 1, 'admin', '研发部门', '/tool/gen', '0:0:0:0:0:0:0:1', '内网IP', '{\"createBy\":null,\"createTime\":null,\"updateBy\":\"admin\",\"updateTime\":\"2024-01-29 17:38:39\",\"params\":{\"treeCode\":null,\"treeName\":null,\"treeParentCode\":null,\"parentMenuId\":6},\"tableId\":\"1751833818075287553\",\"tableName\":\"ym_plan\",\"tableComment\":\"疫苗预约计划管理\",\"subTableName\":null,\"subTableFkName\":null,\"className\":\"YmPlan\",\"tplCategory\":\"crud\",\"packageName\":\"com.ym.vacinne\",\"moduleName\":\"vaccine\",\"businessName\":\"plan\",\"functionName\":\"预约计划管理\",\"functionAuthor\":\"ym\",\"genType\":\"0\",\"genPath\":\"/\",\"pkColumn\":null,\"subTable\":null,\"columns\":[{\"createBy\":\"admin\",\"createTime\":\"2024-01-29 13:05:04\",\"updateBy\":\"admin\",\"updateTime\":\"2024-01-29 17:38:39\",\"columnId\":\"1751833818373083137\",\"tableId\":\"1751833818075287553\",\"columnName\":\"id\",\"columnComment\":\"\",\"columnType\":\"int\",\"javaType\":\"Long\",\"javaField\":\"id\",\"isPk\":\"1\",\"isIncrement\":\"1\",\"isRequired\":\"1\",\"isInsert\":null,\"isEdit\":\"1\",\"isList\":\"1\",\"isQuery\":null,\"queryType\":\"EQ\",\"htmlType\":\"input\",\"dictType\":\"\",\"sort\":1,\"insert\":false,\"usableColumn\":false,\"superColumn\":false,\"increment\":true,\"query\":false,\"pk\":true,\"edit\":true,\"list\":true,\"capJavaField\":\"Id\",\"required\":true},{\"createBy\":\"admin\",\"createTime\":\"2024-01-29 13:05:04\",\"updateBy\":\"admin\",\"updateTime\":\"2024-01-29 17:38:40\",\"columnId\":\"1751833818377277441\",\"tableId\":\"1751833818075287553\",\"columnName\":\"start_date\",\"columnComment\":\"\",\"columnType\":\"date\",\"javaType\":\"Date\",\"javaField\":\"startDate\",\"isPk\":\"0\",\"isIncrement\":\"0\",\"isRequired\":\"1\",\"isInsert\":\"1\",\"isEdit\":\"1\",\"isList\":\"1\",\"isQuery\":\"1\",\"queryType\":\"EQ\",\"htmlType\":\"datetime\",\"dictType\":\"\",\"sort\":2,\"insert\":true,\"usableColumn\":false,\"superColumn\":false,\"increment\":false,\"query\":true,\"pk\":false,\"edit\":true,\"list\":true,\"capJavaField\":\"StartDate\",\"required\":true},{\"createBy\":\"admin\",\"createTime\":\"2024-01-29 13:05:04\",\"updateBy\":\"admin\",\"updateTime\":\"2024-01-29 17:38:40\",\"columnId\":\"1751833818381471746\",\"tableId\":\"1751833818075287553\",\"columnName\":\"end_date\",\"columnComment\":\"\",\"columnType\":\"date\",\"javaType\":\"Date\",\"javaField\":\"endDate\",\"', '{\"code\":200,\"msg\":\"操作成功\",\"data\":null}', 0, '', '2024-01-29 17:38:41');
INSERT INTO `sys_oper_log` (`oper_id`, `title`, `business_type`, `method`, `request_method`, `operator_type`, `oper_name`, `dept_name`, `oper_url`, `oper_ip`, `oper_location`, `oper_param`, `json_result`, `status`, `error_msg`, `oper_time`) VALUES (1751902696969113601, '代码生成', 8, 'com.ym.generator.controller.GenController.batchGenCode()', 'GET', 1, 'admin', '研发部门', '/tool/gen/batchGenCode', '0:0:0:0:0:0:0:1', '内网IP', '{\"tables\":\"ym_plan\"}', '', 0, '', '2024-01-29 17:38:46');
INSERT INTO `sys_oper_log` (`oper_id`, `title`, `business_type`, `method`, `request_method`, `operator_type`, `oper_name`, `dept_name`, `oper_url`, `oper_ip`, `oper_location`, `oper_param`, `json_result`, `status`, `error_msg`, `oper_time`) VALUES (1751906707239632898, '代码生成', 3, 'com.ym.generator.controller.GenController.remove()', 'DELETE', 1, 'admin', '研发部门', '/tool/gen/1751833818075287553', '0:0:0:0:0:0:0:1', '内网IP', '{}', '{\"code\":200,\"msg\":\"操作成功\",\"data\":null}', 0, '', '2024-01-29 17:54:43');
INSERT INTO `sys_oper_log` (`oper_id`, `title`, `business_type`, `method`, `request_method`, `operator_type`, `oper_name`, `dept_name`, `oper_url`, `oper_ip`, `oper_location`, `oper_param`, `json_result`, `status`, `error_msg`, `oper_time`) VALUES (1751907752917368834, '代码生成', 2, 'com.ym.generator.controller.GenController.editSave()', 'PUT', 1, 'admin', '研发部门', '/tool/gen', '0:0:0:0:0:0:0:1', '内网IP', '{\"createBy\":null,\"createTime\":null,\"updateBy\":\"admin\",\"updateTime\":\"2024-01-29 17:58:51\",\"params\":{\"treeCode\":null,\"treeName\":null,\"treeParentCode\":null,\"parentMenuId\":8},\"tableId\":\"1751833817026711553\",\"tableName\":\"ym_pay\",\"tableComment\":\"支付信息表\",\"subTableName\":null,\"subTableFkName\":null,\"className\":\"YmPay\",\"tplCategory\":\"crud\",\"packageName\":\"com.ym.vaccine\",\"moduleName\":\"vaccine\",\"businessName\":\"pay\",\"functionName\":\"支付功能\",\"functionAuthor\":\"ym\",\"genType\":\"0\",\"genPath\":\"/\",\"pkColumn\":null,\"subTable\":null,\"columns\":[{\"createBy\":\"admin\",\"createTime\":\"2024-01-29 13:05:04\",\"updateBy\":\"admin\",\"updateTime\":\"2024-01-29 17:58:51\",\"columnId\":\"1751833817328701442\",\"tableId\":\"1751833817026711553\",\"columnName\":\"id\",\"columnComment\":\"\",\"columnType\":\"int\",\"javaType\":\"Long\",\"javaField\":\"id\",\"isPk\":\"1\",\"isIncrement\":\"1\",\"isRequired\":\"1\",\"isInsert\":null,\"isEdit\":\"1\",\"isList\":\"1\",\"isQuery\":null,\"queryType\":\"EQ\",\"htmlType\":\"input\",\"dictType\":\"\",\"sort\":1,\"insert\":false,\"usableColumn\":false,\"superColumn\":false,\"increment\":true,\"query\":false,\"list\":true,\"pk\":true,\"edit\":true,\"capJavaField\":\"Id\",\"required\":true},{\"createBy\":\"admin\",\"createTime\":\"2024-01-29 13:05:04\",\"updateBy\":\"admin\",\"updateTime\":\"2024-01-29 17:58:51\",\"columnId\":\"1751833817332895746\",\"tableId\":\"1751833817026711553\",\"columnName\":\"cost\",\"columnComment\":\"支付费用\",\"columnType\":\"float\",\"javaType\":\"Long\",\"javaField\":\"cost\",\"isPk\":\"0\",\"isIncrement\":\"0\",\"isRequired\":\"1\",\"isInsert\":\"1\",\"isEdit\":\"1\",\"isList\":\"1\",\"isQuery\":\"1\",\"queryType\":\"EQ\",\"htmlType\":\"input\",\"dictType\":\"\",\"sort\":2,\"insert\":true,\"usableColumn\":false,\"superColumn\":false,\"increment\":false,\"query\":true,\"list\":true,\"pk\":false,\"edit\":true,\"capJavaField\":\"Cost\",\"required\":true},{\"createBy\":\"admin\",\"createTime\":\"2024-01-29 13:05:04\",\"updateBy\":\"admin\",\"updateTime\":\"2024-01-29 17:58:51\",\"columnId\":\"1751833817332895747\",\"tableId\":\"1751833817026711553\",\"columnName\":\"create_time\",\"columnComment\":\"支付时间\",\"columnType\":\"datetime\",\"javaType\":\"Date\",\"javaField\":\"createTime\",\"isPk\":\"0', '{\"code\":200,\"msg\":\"操作成功\",\"data\":null}', 0, '', '2024-01-29 17:58:52');
INSERT INTO `sys_oper_log` (`oper_id`, `title`, `business_type`, `method`, `request_method`, `operator_type`, `oper_name`, `dept_name`, `oper_url`, `oper_ip`, `oper_location`, `oper_param`, `json_result`, `status`, `error_msg`, `oper_time`) VALUES (1751911155705872385, '代码生成', 2, 'com.ym.generator.controller.GenController.editSave()', 'PUT', 1, 'admin', '研发部门', '/tool/gen', '0:0:0:0:0:0:0:1', '内网IP', '{\"createBy\":null,\"createTime\":null,\"updateBy\":\"admin\",\"updateTime\":\"2024-01-29 18:12:22\",\"params\":{\"treeCode\":null,\"treeName\":null,\"treeParentCode\":null,\"parentMenuId\":8},\"tableId\":\"1751833818813485058\",\"tableName\":\"ym_pre_check\",\"tableComment\":\"接种预检信息表\",\"subTableName\":null,\"subTableFkName\":null,\"className\":\"YmPreCheck\",\"tplCategory\":\"crud\",\"packageName\":\"com.ym.vaccine\",\"moduleName\":\"vaccine\",\"businessName\":\"preCheck\",\"functionName\":\"预检信息查询\",\"functionAuthor\":\"ym\",\"genType\":\"0\",\"genPath\":\"/\",\"pkColumn\":null,\"subTable\":null,\"columns\":[{\"createBy\":\"admin\",\"createTime\":\"2024-01-29 13:05:05\",\"updateBy\":\"admin\",\"updateTime\":\"2024-01-29 18:12:22\",\"columnId\":\"1751833819111280642\",\"tableId\":\"1751833818813485058\",\"columnName\":\"id\",\"columnComment\":\"\",\"columnType\":\"int\",\"javaType\":\"Long\",\"javaField\":\"id\",\"isPk\":\"1\",\"isIncrement\":\"1\",\"isRequired\":\"1\",\"isInsert\":null,\"isEdit\":\"1\",\"isList\":\"1\",\"isQuery\":null,\"queryType\":\"EQ\",\"htmlType\":\"input\",\"dictType\":\"\",\"sort\":1,\"insert\":false,\"usableColumn\":false,\"superColumn\":false,\"increment\":true,\"query\":false,\"list\":true,\"pk\":true,\"edit\":true,\"capJavaField\":\"Id\",\"required\":true},{\"createBy\":\"admin\",\"createTime\":\"2024-01-29 13:05:05\",\"updateBy\":\"admin\",\"updateTime\":\"2024-01-29 18:12:22\",\"columnId\":\"1751833819115474946\",\"tableId\":\"1751833818813485058\",\"columnName\":\"is_medicine\",\"columnComment\":\"\",\"columnType\":\"int\",\"javaType\":\"Long\",\"javaField\":\"isMedicine\",\"isPk\":\"0\",\"isIncrement\":\"0\",\"isRequired\":\"1\",\"isInsert\":\"1\",\"isEdit\":\"1\",\"isList\":\"1\",\"isQuery\":\"1\",\"queryType\":\"EQ\",\"htmlType\":\"input\",\"dictType\":\"\",\"sort\":2,\"insert\":true,\"usableColumn\":false,\"superColumn\":false,\"increment\":false,\"query\":true,\"list\":true,\"pk\":false,\"edit\":true,\"capJavaField\":\"IsMedicine\",\"required\":true},{\"createBy\":\"admin\",\"createTime\":\"2024-01-29 13:05:05\",\"updateBy\":\"admin\",\"updateTime\":\"2024-01-29 18:12:22\",\"columnId\":\"1751833819119669249\",\"tableId\":\"1751833818813485058\",\"columnName\":\"medicine\",\"columnComment\":\"\",\"columnType\":\"varchar(255)\",\"javaType\":\"String\",\"j', '{\"code\":200,\"msg\":\"操作成功\",\"data\":null}', 0, '', '2024-01-29 18:12:23');
INSERT INTO `sys_oper_log` (`oper_id`, `title`, `business_type`, `method`, `request_method`, `operator_type`, `oper_name`, `dept_name`, `oper_url`, `oper_ip`, `oper_location`, `oper_param`, `json_result`, `status`, `error_msg`, `oper_time`) VALUES (1751911392424001537, '代码生成', 2, 'com.ym.generator.controller.GenController.editSave()', 'PUT', 1, 'admin', '研发部门', '/tool/gen', '0:0:0:0:0:0:0:1', '内网IP', '{\"createBy\":null,\"createTime\":null,\"updateBy\":\"admin\",\"updateTime\":\"2024-01-29 18:13:19\",\"params\":{\"treeCode\":null,\"treeName\":null,\"treeParentCode\":null,\"parentMenuId\":8},\"tableId\":\"1751833819899809794\",\"tableName\":\"ym_sign\",\"tableComment\":\"签到信息表\",\"subTableName\":null,\"subTableFkName\":null,\"className\":\"YmSign\",\"tplCategory\":\"crud\",\"packageName\":\"com.ym.vaccine\",\"moduleName\":\"vaccine\",\"businessName\":\"sign\",\"functionName\":\"接种签到\",\"functionAuthor\":\"ym\",\"genType\":\"0\",\"genPath\":\"/\",\"pkColumn\":null,\"subTable\":null,\"columns\":[{\"createBy\":\"admin\",\"createTime\":\"2024-01-29 13:05:05\",\"updateBy\":\"admin\",\"updateTime\":\"2024-01-29 18:13:19\",\"columnId\":\"1751833820193411073\",\"tableId\":\"1751833819899809794\",\"columnName\":\"id\",\"columnComment\":\"\",\"columnType\":\"int\",\"javaType\":\"Long\",\"javaField\":\"id\",\"isPk\":\"1\",\"isIncrement\":\"1\",\"isRequired\":\"1\",\"isInsert\":null,\"isEdit\":\"1\",\"isList\":\"1\",\"isQuery\":null,\"queryType\":\"EQ\",\"htmlType\":\"input\",\"dictType\":\"\",\"sort\":1,\"insert\":false,\"usableColumn\":false,\"superColumn\":false,\"increment\":true,\"query\":false,\"list\":true,\"pk\":true,\"edit\":true,\"capJavaField\":\"Id\",\"required\":true},{\"createBy\":\"admin\",\"createTime\":\"2024-01-29 13:05:05\",\"updateBy\":\"admin\",\"updateTime\":\"2024-01-29 18:13:19\",\"columnId\":\"1751833820197605377\",\"tableId\":\"1751833819899809794\",\"columnName\":\"worker_id\",\"columnComment\":\"\",\"columnType\":\"int\",\"javaType\":\"Long\",\"javaField\":\"workerId\",\"isPk\":\"0\",\"isIncrement\":\"0\",\"isRequired\":\"1\",\"isInsert\":\"1\",\"isEdit\":\"1\",\"isList\":\"1\",\"isQuery\":\"1\",\"queryType\":\"EQ\",\"htmlType\":\"input\",\"dictType\":\"\",\"sort\":2,\"insert\":true,\"usableColumn\":false,\"superColumn\":false,\"increment\":false,\"query\":true,\"list\":true,\"pk\":false,\"edit\":true,\"capJavaField\":\"WorkerId\",\"required\":true},{\"createBy\":\"admin\",\"createTime\":\"2024-01-29 13:05:05\",\"updateBy\":\"admin\",\"updateTime\":\"2024-01-29 18:13:19\",\"columnId\":\"1751833820201799681\",\"tableId\":\"1751833819899809794\",\"columnName\":\"appoint_id\",\"columnComment\":\"\",\"columnType\":\"int\",\"javaType\":\"Long\",\"javaField\":\"appointId\",\"isPk\":\"0\"', '{\"code\":200,\"msg\":\"操作成功\",\"data\":null}', 0, '', '2024-01-29 18:13:20');
INSERT INTO `sys_oper_log` (`oper_id`, `title`, `business_type`, `method`, `request_method`, `operator_type`, `oper_name`, `dept_name`, `oper_url`, `oper_ip`, `oper_location`, `oper_param`, `json_result`, `status`, `error_msg`, `oper_time`) VALUES (1751911647932612610, '代码生成', 2, 'com.ym.generator.controller.GenController.editSave()', 'PUT', 1, 'admin', '研发部门', '/tool/gen', '0:0:0:0:0:0:0:1', '内网IP', '{\"createBy\":null,\"createTime\":null,\"updateBy\":\"admin\",\"updateTime\":\"2024-01-29 18:14:20\",\"params\":{\"treeCode\":null,\"treeName\":null,\"treeParentCode\":null,\"parentMenuId\":7},\"tableId\":\"1751833820768030721\",\"tableName\":\"ym_worker\",\"tableComment\":\"医护人员信息表\",\"subTableName\":null,\"subTableFkName\":null,\"className\":\"YmWorker\",\"tplCategory\":\"crud\",\"packageName\":\"com.ym.vaccine\",\"moduleName\":\"vaccine\",\"businessName\":\"worker\",\"functionName\":\"医护人员信息\",\"functionAuthor\":\"ym\",\"genType\":\"0\",\"genPath\":\"/\",\"pkColumn\":null,\"subTable\":null,\"columns\":[{\"createBy\":\"admin\",\"createTime\":\"2024-01-29 13:05:05\",\"updateBy\":\"admin\",\"updateTime\":\"2024-01-29 18:14:20\",\"columnId\":\"1751833821057437698\",\"tableId\":\"1751833820768030721\",\"columnName\":\"id\",\"columnComment\":\"\",\"columnType\":\"int\",\"javaType\":\"Long\",\"javaField\":\"id\",\"isPk\":\"1\",\"isIncrement\":\"1\",\"isRequired\":\"1\",\"isInsert\":null,\"isEdit\":\"1\",\"isList\":\"1\",\"isQuery\":null,\"queryType\":\"EQ\",\"htmlType\":\"input\",\"dictType\":\"\",\"sort\":1,\"insert\":false,\"usableColumn\":false,\"superColumn\":false,\"increment\":true,\"query\":false,\"list\":true,\"pk\":true,\"edit\":true,\"capJavaField\":\"Id\",\"required\":true},{\"createBy\":\"admin\",\"createTime\":\"2024-01-29 13:05:05\",\"updateBy\":\"admin\",\"updateTime\":\"2024-01-29 18:14:20\",\"columnId\":\"1751833821065826306\",\"tableId\":\"1751833820768030721\",\"columnName\":\"username\",\"columnComment\":\"\",\"columnType\":\"varchar(255)\",\"javaType\":\"String\",\"javaField\":\"username\",\"isPk\":\"0\",\"isIncrement\":\"0\",\"isRequired\":\"1\",\"isInsert\":\"1\",\"isEdit\":\"1\",\"isList\":\"1\",\"isQuery\":\"1\",\"queryType\":\"LIKE\",\"htmlType\":\"input\",\"dictType\":\"\",\"sort\":2,\"insert\":true,\"usableColumn\":false,\"superColumn\":false,\"increment\":false,\"query\":true,\"list\":true,\"pk\":false,\"edit\":true,\"capJavaField\":\"Username\",\"required\":true},{\"createBy\":\"admin\",\"createTime\":\"2024-01-29 13:05:05\",\"updateBy\":\"admin\",\"updateTime\":\"2024-01-29 18:14:20\",\"columnId\":\"1751833821070020609\",\"tableId\":\"1751833820768030721\",\"columnName\":\"password\",\"columnComment\":\"\",\"columnType\":\"varchar(255)\",\"javaType\":\"String\",\"ja', '{\"code\":200,\"msg\":\"操作成功\",\"data\":null}', 0, '', '2024-01-29 18:14:20');
INSERT INTO `sys_oper_log` (`oper_id`, `title`, `business_type`, `method`, `request_method`, `operator_type`, `oper_name`, `dept_name`, `oper_url`, `oper_ip`, `oper_location`, `oper_param`, `json_result`, `status`, `error_msg`, `oper_time`) VALUES (1751911798705258498, '代码生成', 2, 'com.ym.generator.controller.GenController.editSave()', 'PUT', 1, 'admin', '研发部门', '/tool/gen', '0:0:0:0:0:0:0:1', '内网IP', '{\"createBy\":null,\"createTime\":null,\"updateBy\":\"admin\",\"updateTime\":\"2024-01-29 18:14:55\",\"params\":{\"treeCode\":null,\"treeName\":null,\"treeParentCode\":null,\"parentMenuId\":8},\"tableId\":\"1751833813188923393\",\"tableName\":\"ym_appoint\",\"tableComment\":\"疫苗预约信息表\",\"subTableName\":null,\"subTableFkName\":null,\"className\":\"YmAppoint\",\"tplCategory\":\"crud\",\"packageName\":\"com.ym.vaccine\",\"moduleName\":\"vaccine\",\"businessName\":\"appoint\",\"functionName\":\"预约\",\"functionAuthor\":\"ym\",\"genType\":\"0\",\"genPath\":\"/\",\"pkColumn\":null,\"subTable\":null,\"columns\":[{\"createBy\":\"admin\",\"createTime\":\"2024-01-29 13:05:03\",\"updateBy\":\"admin\",\"updateTime\":\"2024-01-29 18:14:55\",\"columnId\":\"1751833813507690498\",\"tableId\":\"1751833813188923393\",\"columnName\":\"id\",\"columnComment\":\"\",\"columnType\":\"int\",\"javaType\":\"Long\",\"javaField\":\"id\",\"isPk\":\"1\",\"isIncrement\":\"1\",\"isRequired\":\"1\",\"isInsert\":null,\"isEdit\":\"1\",\"isList\":\"1\",\"isQuery\":null,\"queryType\":\"EQ\",\"htmlType\":\"input\",\"dictType\":\"\",\"sort\":1,\"insert\":false,\"usableColumn\":false,\"superColumn\":false,\"increment\":true,\"query\":false,\"list\":true,\"pk\":true,\"edit\":true,\"capJavaField\":\"Id\",\"required\":true},{\"createBy\":\"admin\",\"createTime\":\"2024-01-29 13:05:03\",\"updateBy\":\"admin\",\"updateTime\":\"2024-01-29 18:14:56\",\"columnId\":\"1751833813516079106\",\"tableId\":\"1751833813188923393\",\"columnName\":\"user_id\",\"columnComment\":\"预约用户id\",\"columnType\":\"int\",\"javaType\":\"Long\",\"javaField\":\"userId\",\"isPk\":\"0\",\"isIncrement\":\"0\",\"isRequired\":\"1\",\"isInsert\":\"1\",\"isEdit\":\"1\",\"isList\":\"1\",\"isQuery\":\"1\",\"queryType\":\"EQ\",\"htmlType\":\"input\",\"dictType\":\"\",\"sort\":2,\"insert\":true,\"usableColumn\":false,\"superColumn\":false,\"increment\":false,\"query\":true,\"list\":true,\"pk\":false,\"edit\":true,\"capJavaField\":\"UserId\",\"required\":true},{\"createBy\":\"admin\",\"createTime\":\"2024-01-29 13:05:03\",\"updateBy\":\"admin\",\"updateTime\":\"2024-01-29 18:14:56\",\"columnId\":\"1751833813520273410\",\"tableId\":\"1751833813188923393\",\"columnName\":\"appoint_date\",\"columnComment\":\"预约日期\",\"columnType\":\"date\",\"javaType\":\"Date\",\"javaField\":\"appoi', '{\"code\":200,\"msg\":\"操作成功\",\"data\":null}', 0, '', '2024-01-29 18:14:56');
INSERT INTO `sys_oper_log` (`oper_id`, `title`, `business_type`, `method`, `request_method`, `operator_type`, `oper_name`, `dept_name`, `oper_url`, `oper_ip`, `oper_location`, `oper_param`, `json_result`, `status`, `error_msg`, `oper_time`) VALUES (1751911891382599681, '代码生成', 2, 'com.ym.generator.controller.GenController.editSave()', 'PUT', 1, 'admin', '研发部门', '/tool/gen', '0:0:0:0:0:0:0:1', '内网IP', '{\"createBy\":null,\"createTime\":null,\"updateBy\":\"admin\",\"updateTime\":\"2024-01-29 18:15:18\",\"params\":{\"treeCode\":null,\"treeName\":null,\"treeParentCode\":null,\"parentMenuId\":8},\"tableId\":\"1751833814124253186\",\"tableName\":\"ym_inoculate\",\"tableComment\":\"疫苗接种信息表\",\"subTableName\":null,\"subTableFkName\":null,\"className\":\"YmInoculate\",\"tplCategory\":\"crud\",\"packageName\":\"com.ym.vaccine\",\"moduleName\":\"vaccine\",\"businessName\":\"inoculate\",\"functionName\":\"疫苗接种记录\",\"functionAuthor\":\"ym\",\"genType\":\"0\",\"genPath\":\"/\",\"pkColumn\":null,\"subTable\":null,\"columns\":[{\"createBy\":\"admin\",\"createTime\":\"2024-01-29 13:05:04\",\"updateBy\":\"admin\",\"updateTime\":\"2024-01-29 18:15:18\",\"columnId\":\"1751833814422048769\",\"tableId\":\"1751833814124253186\",\"columnName\":\"id\",\"columnComment\":\"\",\"columnType\":\"int\",\"javaType\":\"Long\",\"javaField\":\"id\",\"isPk\":\"1\",\"isIncrement\":\"1\",\"isRequired\":\"1\",\"isInsert\":null,\"isEdit\":\"1\",\"isList\":\"1\",\"isQuery\":null,\"queryType\":\"EQ\",\"htmlType\":\"input\",\"dictType\":\"\",\"sort\":1,\"insert\":false,\"usableColumn\":false,\"superColumn\":false,\"increment\":true,\"query\":false,\"list\":true,\"pk\":true,\"edit\":true,\"capJavaField\":\"Id\",\"required\":true},{\"createBy\":\"admin\",\"createTime\":\"2024-01-29 13:05:04\",\"updateBy\":\"admin\",\"updateTime\":\"2024-01-29 18:15:18\",\"columnId\":\"1751833814430437377\",\"tableId\":\"1751833814124253186\",\"columnName\":\"part\",\"columnComment\":\"\",\"columnType\":\"varchar(255)\",\"javaType\":\"String\",\"javaField\":\"part\",\"isPk\":\"0\",\"isIncrement\":\"0\",\"isRequired\":\"1\",\"isInsert\":\"1\",\"isEdit\":\"1\",\"isList\":\"1\",\"isQuery\":\"1\",\"queryType\":\"EQ\",\"htmlType\":\"input\",\"dictType\":\"\",\"sort\":2,\"insert\":true,\"usableColumn\":false,\"superColumn\":false,\"increment\":false,\"query\":true,\"list\":true,\"pk\":false,\"edit\":true,\"capJavaField\":\"Part\",\"required\":true},{\"createBy\":\"admin\",\"createTime\":\"2024-01-29 13:05:04\",\"updateBy\":\"admin\",\"updateTime\":\"2024-01-29 18:15:18\",\"columnId\":\"1751833814438825985\",\"tableId\":\"1751833814124253186\",\"columnName\":\"vaccine_batch_code\",\"columnComment\":\"\",\"columnType\":\"varchar(255)\",\"javaType\":\"String', '{\"code\":200,\"msg\":\"操作成功\",\"data\":null}', 0, '', '2024-01-29 18:15:19');
INSERT INTO `sys_oper_log` (`oper_id`, `title`, `business_type`, `method`, `request_method`, `operator_type`, `oper_name`, `dept_name`, `oper_url`, `oper_ip`, `oper_location`, `oper_param`, `json_result`, `status`, `error_msg`, `oper_time`) VALUES (1751912000740687873, '代码生成', 2, 'com.ym.generator.controller.GenController.editSave()', 'PUT', 1, 'admin', '研发部门', '/tool/gen', '0:0:0:0:0:0:0:1', '内网IP', '{\"createBy\":null,\"createTime\":null,\"updateBy\":\"admin\",\"updateTime\":\"2024-01-29 18:15:44\",\"params\":{\"treeCode\":null,\"treeName\":null,\"treeParentCode\":null,\"parentMenuId\":8},\"tableId\":\"1751833815965552642\",\"tableName\":\"ym_observe\",\"tableComment\":\"留观信息表\",\"subTableName\":null,\"subTableFkName\":null,\"className\":\"YmObserve\",\"tplCategory\":\"crud\",\"packageName\":\"com.ym.vaccine\",\"moduleName\":\"vaccine\",\"businessName\":\"observe\",\"functionName\":\"留观查询\",\"functionAuthor\":\"ym\",\"genType\":\"0\",\"genPath\":\"/\",\"pkColumn\":null,\"subTable\":null,\"columns\":[{\"createBy\":\"admin\",\"createTime\":\"2024-01-29 13:05:04\",\"updateBy\":\"admin\",\"updateTime\":\"2024-01-29 18:15:44\",\"columnId\":\"1751833816267542529\",\"tableId\":\"1751833815965552642\",\"columnName\":\"id\",\"columnComment\":\"\",\"columnType\":\"int\",\"javaType\":\"Long\",\"javaField\":\"id\",\"isPk\":\"1\",\"isIncrement\":\"1\",\"isRequired\":\"1\",\"isInsert\":null,\"isEdit\":\"1\",\"isList\":\"1\",\"isQuery\":null,\"queryType\":\"EQ\",\"htmlType\":\"input\",\"dictType\":\"\",\"sort\":1,\"insert\":false,\"usableColumn\":false,\"superColumn\":false,\"increment\":true,\"query\":false,\"list\":true,\"pk\":true,\"edit\":true,\"capJavaField\":\"Id\",\"required\":true},{\"createBy\":\"admin\",\"createTime\":\"2024-01-29 13:05:04\",\"updateBy\":\"admin\",\"updateTime\":\"2024-01-29 18:15:44\",\"columnId\":\"1751833816271736833\",\"tableId\":\"1751833815965552642\",\"columnName\":\"worker_id\",\"columnComment\":\"\",\"columnType\":\"int\",\"javaType\":\"Long\",\"javaField\":\"workerId\",\"isPk\":\"0\",\"isIncrement\":\"0\",\"isRequired\":\"1\",\"isInsert\":\"1\",\"isEdit\":\"1\",\"isList\":\"1\",\"isQuery\":\"1\",\"queryType\":\"EQ\",\"htmlType\":\"input\",\"dictType\":\"\",\"sort\":2,\"insert\":true,\"usableColumn\":false,\"superColumn\":false,\"increment\":false,\"query\":true,\"list\":true,\"pk\":false,\"edit\":true,\"capJavaField\":\"WorkerId\",\"required\":true},{\"createBy\":\"admin\",\"createTime\":\"2024-01-29 13:05:04\",\"updateBy\":\"admin\",\"updateTime\":\"2024-01-29 18:15:44\",\"columnId\":\"1751833816275931138\",\"tableId\":\"1751833815965552642\",\"columnName\":\"create_time\",\"columnComment\":\"\",\"columnType\":\"datetime\",\"javaType\":\"Date\",\"javaField\":\"create', '{\"code\":200,\"msg\":\"操作成功\",\"data\":null}', 0, '', '2024-01-29 18:15:45');
INSERT INTO `sys_oper_log` (`oper_id`, `title`, `business_type`, `method`, `request_method`, `operator_type`, `oper_name`, `dept_name`, `oper_url`, `oper_ip`, `oper_location`, `oper_param`, `json_result`, `status`, `error_msg`, `oper_time`) VALUES (1751912063122571265, '代码生成', 8, 'com.ym.generator.controller.GenController.batchGenCode()', 'GET', 1, 'admin', '研发部门', '/tool/gen/batchGenCode', '0:0:0:0:0:0:0:1', '内网IP', '{\"tables\":\"district,ym_appoint,ym_inoculate,ym_inoculate_site,ym_observe,ym_pay,ym_pre_check,ym_sign,ym_worker\"}', '', 0, '', '2024-01-29 18:15:59');
INSERT INTO `sys_oper_log` (`oper_id`, `title`, `business_type`, `method`, `request_method`, `operator_type`, `oper_name`, `dept_name`, `oper_url`, `oper_ip`, `oper_location`, `oper_param`, `json_result`, `status`, `error_msg`, `oper_time`) VALUES (1751912237593034754, '代码生成', 8, 'com.ym.generator.controller.GenController.batchGenCode()', 'GET', 1, 'admin', '研发部门', '/tool/gen/batchGenCode', '0:0:0:0:0:0:0:1', '内网IP', '{\"tables\":\"district,ym_appoint,ym_inoculate,ym_inoculate_site,ym_observe,ym_pay,ym_pre_check,ym_sign,ym_worker\"}', '', 0, '', '2024-01-29 18:16:41');
INSERT INTO `sys_oper_log` (`oper_id`, `title`, `business_type`, `method`, `request_method`, `operator_type`, `oper_name`, `dept_name`, `oper_url`, `oper_ip`, `oper_location`, `oper_param`, `json_result`, `status`, `error_msg`, `oper_time`) VALUES (1751912310943023106, '代码生成', 8, 'com.ym.generator.controller.GenController.batchGenCode()', 'GET', 1, 'admin', '研发部门', '/tool/gen/batchGenCode', '0:0:0:0:0:0:0:1', '内网IP', '{\"tables\":\"district,ym_appoint,ym_inoculate,ym_inoculate_site,ym_observe,ym_pay,ym_pre_check,ym_sign,ym_worker\"}', '', 0, '', '2024-01-29 18:16:59');
INSERT INTO `sys_oper_log` (`oper_id`, `title`, `business_type`, `method`, `request_method`, `operator_type`, `oper_name`, `dept_name`, `oper_url`, `oper_ip`, `oper_location`, `oper_param`, `json_result`, `status`, `error_msg`, `oper_time`) VALUES (1751955514480488450, '疫苗信息', 1, 'com.ym.vaccine.controller.VaccineController.add()', 'POST', 1, 'admin', '研发部门', '/vaccine/vaccine', '0:0:0:0:0:0:0:1', '内网IP', '{\"id\":null,\"name\":\"ce\",\"price\":1000,\"manufacturer\":\"测试\",\"category\":\"二测试\",\"detail\":\"123\",\"imgUrl\":\"#\"}', '', 1, '\n### Error updating database.  Cause: com.mysql.cj.jdbc.exceptions.MysqlDataTruncation: Data truncation: Out of range value for column \'id\' at row 1\n### The error may exist in com/ym/vaccine/mapper/VaccineMapper.java (best guess)\n### The error may involve com.ym.vaccine.mapper.VaccineMapper.insert-Inline\n### The error occurred while setting parameters\n### SQL: INSERT INTO ym_vaccine  ( id, name, price, manufacturer, category, detail, img_url )  VALUES (  ?, ?, ?, ?, ?, ?, ?  )\n### Cause: com.mysql.cj.jdbc.exceptions.MysqlDataTruncation: Data truncation: Out of range value for column \'id\' at row 1\n; Data truncation: Out of range value for column \'id\' at row 1; nested exception is com.mysql.cj.jdbc.exceptions.MysqlDataTruncation: Data truncation: Out of range value for column \'id\' at row 1', '2024-01-29 21:08:39');
INSERT INTO `sys_oper_log` (`oper_id`, `title`, `business_type`, `method`, `request_method`, `operator_type`, `oper_name`, `dept_name`, `oper_url`, `oper_ip`, `oper_location`, `oper_param`, `json_result`, `status`, `error_msg`, `oper_time`) VALUES (1759462343708024834, '代码生成', 6, 'com.ym.generator.controller.GenController.importTableSave()', 'POST', 1, 'admin', '研发部门', '/tool/gen/importTable', '127.0.0.1', '内网IP', '\"ym_orders,ym_appoint,ym_inoculate_site,ym_inoculate,ym_vaccine\"', '{\"code\":200,\"msg\":\"操作成功\",\"data\":null}', 0, '', '2024-02-19 14:18:07');
INSERT INTO `sys_oper_log` (`oper_id`, `title`, `business_type`, `method`, `request_method`, `operator_type`, `oper_name`, `dept_name`, `oper_url`, `oper_ip`, `oper_location`, `oper_param`, `json_result`, `status`, `error_msg`, `oper_time`) VALUES (1759462815399452673, '代码生成', 2, 'com.ym.generator.controller.GenController.editSave()', 'PUT', 1, 'admin', '研发部门', '/tool/gen', '127.0.0.1', '内网IP', '{\"createBy\":null,\"createTime\":null,\"updateBy\":\"admin\",\"updateTime\":\"2024-02-19 14:19:58\",\"params\":{\"treeCode\":null,\"treeName\":null,\"treeParentCode\":null,\"parentMenuId\":6},\"tableId\":\"1759462338100240386\",\"tableName\":\"ym_appoint\",\"tableComment\":\"疫苗预约\",\"subTableName\":null,\"subTableFkName\":null,\"className\":\"YmAppoint\",\"tplCategory\":\"crud\",\"packageName\":\"com.ym.vaccine\",\"moduleName\":\"vaccine\",\"businessName\":\"appoint\",\"functionName\":\"疫苗预约\",\"functionAuthor\":\"ym\",\"genType\":\"0\",\"genPath\":\"/\",\"pkColumn\":null,\"subTable\":null,\"columns\":[{\"createBy\":\"admin\",\"createTime\":\"2024-02-19 14:18:05\",\"updateBy\":\"admin\",\"updateTime\":\"2024-02-19 14:19:58\",\"columnId\":\"1759462338595168258\",\"tableId\":\"1759462338100240386\",\"columnName\":\"id\",\"columnComment\":\"\",\"columnType\":\"int\",\"javaType\":\"Long\",\"javaField\":\"id\",\"isPk\":\"1\",\"isIncrement\":\"1\",\"isRequired\":\"1\",\"isInsert\":null,\"isEdit\":\"1\",\"isList\":\"1\",\"isQuery\":null,\"queryType\":\"EQ\",\"htmlType\":\"input\",\"dictType\":\"\",\"sort\":1,\"capJavaField\":\"Id\",\"list\":true,\"pk\":true,\"edit\":true,\"insert\":false,\"usableColumn\":false,\"superColumn\":false,\"increment\":true,\"query\":false,\"required\":true},{\"createBy\":\"admin\",\"createTime\":\"2024-02-19 14:18:05\",\"updateBy\":\"admin\",\"updateTime\":\"2024-02-19 14:19:58\",\"columnId\":\"1759462338603556865\",\"tableId\":\"1759462338100240386\",\"columnName\":\"user_id\",\"columnComment\":\"预约用户信息\",\"columnType\":\"int\",\"javaType\":\"Long\",\"javaField\":\"userId\",\"isPk\":\"0\",\"isIncrement\":\"0\",\"isRequired\":\"1\",\"isInsert\":\"1\",\"isEdit\":\"1\",\"isList\":\"1\",\"isQuery\":\"1\",\"queryType\":\"EQ\",\"htmlType\":\"input\",\"dictType\":\"\",\"sort\":2,\"capJavaField\":\"UserId\",\"list\":true,\"pk\":false,\"edit\":true,\"insert\":true,\"usableColumn\":false,\"superColumn\":false,\"increment\":false,\"query\":true,\"required\":true},{\"createBy\":\"admin\",\"createTime\":\"2024-02-19 14:18:05\",\"updateBy\":\"admin\",\"updateTime\":\"2024-02-19 14:19:58\",\"columnId\":\"1759462338611945474\",\"tableId\":\"1759462338100240386\",\"columnName\":\"appoint_date\",\"columnComment\":\"预约日期\",\"columnType\":\"date\",\"javaType\":\"Date\",\"javaField\":\"appoin', '{\"code\":200,\"msg\":\"操作成功\",\"data\":null}', 0, '', '2024-02-19 14:19:59');
INSERT INTO `sys_oper_log` (`oper_id`, `title`, `business_type`, `method`, `request_method`, `operator_type`, `oper_name`, `dept_name`, `oper_url`, `oper_ip`, `oper_location`, `oper_param`, `json_result`, `status`, `error_msg`, `oper_time`) VALUES (1759463278110875650, '代码生成', 2, 'com.ym.generator.controller.GenController.editSave()', 'PUT', 1, 'admin', '研发部门', '/tool/gen', '127.0.0.1', '内网IP', '{\"createBy\":null,\"createTime\":null,\"updateBy\":\"admin\",\"updateTime\":\"2024-02-19 14:21:48\",\"params\":{\"treeCode\":null,\"treeName\":null,\"treeParentCode\":null,\"parentMenuId\":128},\"tableId\":\"1759462339362725890\",\"tableName\":\"ym_inoculate\",\"tableComment\":\"疫苗接种记录\",\"subTableName\":null,\"subTableFkName\":null,\"className\":\"YmInoculate\",\"tplCategory\":\"crud\",\"packageName\":\"com.ym.vaccine\",\"moduleName\":\"vaccine\",\"businessName\":\"inoculate\",\"functionName\":\"疫苗接种记录\",\"functionAuthor\":\"ym\",\"genType\":\"0\",\"genPath\":\"/\",\"pkColumn\":null,\"subTable\":null,\"columns\":[{\"createBy\":\"admin\",\"createTime\":\"2024-02-19 14:18:06\",\"updateBy\":\"admin\",\"updateTime\":\"2024-02-19 14:21:48\",\"columnId\":\"1759462339673104386\",\"tableId\":\"1759462339362725890\",\"columnName\":\"id\",\"columnComment\":\"\",\"columnType\":\"int\",\"javaType\":\"Long\",\"javaField\":\"id\",\"isPk\":\"1\",\"isIncrement\":\"1\",\"isRequired\":\"1\",\"isInsert\":null,\"isEdit\":\"1\",\"isList\":\"1\",\"isQuery\":\"1\",\"queryType\":\"EQ\",\"htmlType\":\"input\",\"dictType\":\"\",\"sort\":1,\"capJavaField\":\"Id\",\"list\":true,\"pk\":true,\"edit\":true,\"insert\":false,\"usableColumn\":false,\"superColumn\":false,\"increment\":true,\"query\":true,\"required\":true},{\"createBy\":\"admin\",\"createTime\":\"2024-02-19 14:18:06\",\"updateBy\":\"admin\",\"updateTime\":\"2024-02-19 14:21:48\",\"columnId\":\"1759462339677298689\",\"tableId\":\"1759462339362725890\",\"columnName\":\"part\",\"columnComment\":\"接种部位\",\"columnType\":\"varchar(255)\",\"javaType\":\"String\",\"javaField\":\"part\",\"isPk\":\"0\",\"isIncrement\":\"0\",\"isRequired\":\"1\",\"isInsert\":\"1\",\"isEdit\":\"1\",\"isList\":\"1\",\"isQuery\":\"1\",\"queryType\":\"EQ\",\"htmlType\":\"input\",\"dictType\":\"\",\"sort\":2,\"capJavaField\":\"Part\",\"list\":true,\"pk\":false,\"edit\":true,\"insert\":true,\"usableColumn\":false,\"superColumn\":false,\"increment\":false,\"query\":true,\"required\":true},{\"createBy\":\"admin\",\"createTime\":\"2024-02-19 14:18:06\",\"updateBy\":\"admin\",\"updateTime\":\"2024-02-19 14:21:49\",\"columnId\":\"1759462339681492994\",\"tableId\":\"1759462339362725890\",\"columnName\":\"appoint_id\",\"columnComment\":\"预约信息\",\"columnType\":\"int\",\"javaType\":\"Long\",\"javaField', '{\"code\":200,\"msg\":\"操作成功\",\"data\":null}', 0, '', '2024-02-19 14:21:49');
INSERT INTO `sys_oper_log` (`oper_id`, `title`, `business_type`, `method`, `request_method`, `operator_type`, `oper_name`, `dept_name`, `oper_url`, `oper_ip`, `oper_location`, `oper_param`, `json_result`, `status`, `error_msg`, `oper_time`) VALUES (1759463537268531201, '代码生成', 2, 'com.ym.generator.controller.GenController.editSave()', 'PUT', 1, 'admin', '研发部门', '/tool/gen', '127.0.0.1', '内网IP', '{\"createBy\":null,\"createTime\":null,\"updateBy\":\"admin\",\"updateTime\":\"2024-02-19 14:22:50\",\"params\":{\"treeCode\":null,\"treeName\":null,\"treeParentCode\":null,\"parentMenuId\":7},\"tableId\":\"1759462340868481026\",\"tableName\":\"ym_inoculate_site\",\"tableComment\":\"疫苗接种站点\",\"subTableName\":null,\"subTableFkName\":null,\"className\":\"YmInoculateSite\",\"tplCategory\":\"crud\",\"packageName\":\"com.ym.vaccine\",\"moduleName\":\"vaccine\",\"businessName\":\"inoculateSite\",\"functionName\":\"疫苗接种站点管理\",\"functionAuthor\":\"ym\",\"genType\":\"0\",\"genPath\":\"/\",\"pkColumn\":null,\"subTable\":null,\"columns\":[{\"createBy\":\"admin\",\"createTime\":\"2024-02-19 14:18:06\",\"updateBy\":\"admin\",\"updateTime\":\"2024-02-19 14:22:50\",\"columnId\":\"1759462341170470914\",\"tableId\":\"1759462340868481026\",\"columnName\":\"id\",\"columnComment\":\"\",\"columnType\":\"int\",\"javaType\":\"Long\",\"javaField\":\"id\",\"isPk\":\"1\",\"isIncrement\":\"1\",\"isRequired\":\"1\",\"isInsert\":null,\"isEdit\":\"1\",\"isList\":\"1\",\"isQuery\":null,\"queryType\":\"EQ\",\"htmlType\":\"input\",\"dictType\":\"\",\"sort\":1,\"capJavaField\":\"Id\",\"list\":true,\"pk\":true,\"edit\":true,\"insert\":false,\"usableColumn\":false,\"superColumn\":false,\"increment\":true,\"query\":false,\"required\":true},{\"createBy\":\"admin\",\"createTime\":\"2024-02-19 14:18:06\",\"updateBy\":\"admin\",\"updateTime\":\"2024-02-19 14:22:50\",\"columnId\":\"1759462341178859521\",\"tableId\":\"1759462340868481026\",\"columnName\":\"name\",\"columnComment\":\"站点名称\",\"columnType\":\"varchar(255)\",\"javaType\":\"String\",\"javaField\":\"name\",\"isPk\":\"0\",\"isIncrement\":\"0\",\"isRequired\":\"1\",\"isInsert\":\"1\",\"isEdit\":\"1\",\"isList\":\"1\",\"isQuery\":\"1\",\"queryType\":\"LIKE\",\"htmlType\":\"input\",\"dictType\":\"\",\"sort\":2,\"capJavaField\":\"Name\",\"list\":true,\"pk\":false,\"edit\":true,\"insert\":true,\"usableColumn\":false,\"superColumn\":false,\"increment\":false,\"query\":true,\"required\":true},{\"createBy\":\"admin\",\"createTime\":\"2024-02-19 14:18:06\",\"updateBy\":\"admin\",\"updateTime\":\"2024-02-19 14:22:50\",\"columnId\":\"1759462341178859522\",\"tableId\":\"1759462340868481026\",\"columnName\":\"address\",\"columnComment\":\"站点地址\",\"columnType\":\"varchar(255)\",\"java', '{\"code\":200,\"msg\":\"操作成功\",\"data\":null}', 0, '', '2024-02-19 14:22:51');
INSERT INTO `sys_oper_log` (`oper_id`, `title`, `business_type`, `method`, `request_method`, `operator_type`, `oper_name`, `dept_name`, `oper_url`, `oper_ip`, `oper_location`, `oper_param`, `json_result`, `status`, `error_msg`, `oper_time`) VALUES (1759464043156119554, '代码生成', 2, 'com.ym.generator.controller.GenController.editSave()', 'PUT', 1, 'admin', '研发部门', '/tool/gen', '127.0.0.1', '内网IP', '{\"createBy\":null,\"createTime\":null,\"updateBy\":\"admin\",\"updateTime\":\"2024-02-19 14:24:51\",\"params\":{\"treeCode\":null,\"treeName\":null,\"treeParentCode\":null,\"parentMenuId\":8},\"tableId\":\"1759462341577318402\",\"tableName\":\"ym_orders\",\"tableComment\":\"订单表\",\"subTableName\":null,\"subTableFkName\":null,\"className\":\"YmOrders\",\"tplCategory\":\"crud\",\"packageName\":\"com.ym.vaccine\",\"moduleName\":\"vaccine\",\"businessName\":\"orders\",\"functionName\":\"订单管理\",\"functionAuthor\":\"ym\",\"genType\":\"0\",\"genPath\":\"/\",\"pkColumn\":null,\"subTable\":null,\"columns\":[{\"createBy\":\"admin\",\"createTime\":\"2024-02-19 14:18:06\",\"updateBy\":\"admin\",\"updateTime\":\"2024-02-19 14:24:51\",\"columnId\":\"1759462341870919681\",\"tableId\":\"1759462341577318402\",\"columnName\":\"id\",\"columnComment\":\"\",\"columnType\":\"int\",\"javaType\":\"Long\",\"javaField\":\"id\",\"isPk\":\"1\",\"isIncrement\":\"1\",\"isRequired\":\"1\",\"isInsert\":null,\"isEdit\":\"1\",\"isList\":\"1\",\"isQuery\":null,\"queryType\":\"EQ\",\"htmlType\":\"input\",\"dictType\":\"\",\"sort\":1,\"capJavaField\":\"Id\",\"list\":true,\"pk\":true,\"edit\":true,\"insert\":false,\"usableColumn\":false,\"superColumn\":false,\"increment\":true,\"query\":false,\"required\":true},{\"createBy\":\"admin\",\"createTime\":\"2024-02-19 14:18:06\",\"updateBy\":\"admin\",\"updateTime\":\"2024-02-19 14:24:51\",\"columnId\":\"1759462341879308290\",\"tableId\":\"1759462341577318402\",\"columnName\":\"appoint_id\",\"columnComment\":\"预约信息（用户信息）\",\"columnType\":\"int\",\"javaType\":\"Long\",\"javaField\":\"appointId\",\"isPk\":\"0\",\"isIncrement\":\"0\",\"isRequired\":\"1\",\"isInsert\":\"1\",\"isEdit\":\"1\",\"isList\":\"1\",\"isQuery\":\"1\",\"queryType\":\"EQ\",\"htmlType\":\"input\",\"dictType\":\"\",\"sort\":2,\"capJavaField\":\"AppointId\",\"list\":true,\"pk\":false,\"edit\":true,\"insert\":true,\"usableColumn\":false,\"superColumn\":false,\"increment\":false,\"query\":true,\"required\":true},{\"createBy\":\"admin\",\"createTime\":\"2024-02-19 14:18:06\",\"updateBy\":\"admin\",\"updateTime\":\"2024-02-19 14:24:51\",\"columnId\":\"1759462341879308291\",\"tableId\":\"1759462341577318402\",\"columnName\":\"create_time\",\"columnComment\":\"\",\"columnType\":\"datetime\",\"javaType\":\"Date\",\"javaField\"', '{\"code\":200,\"msg\":\"操作成功\",\"data\":null}', 0, '', '2024-02-19 14:24:52');
INSERT INTO `sys_oper_log` (`oper_id`, `title`, `business_type`, `method`, `request_method`, `operator_type`, `oper_name`, `dept_name`, `oper_url`, `oper_ip`, `oper_location`, `oper_param`, `json_result`, `status`, `error_msg`, `oper_time`) VALUES (1759464091625496578, '代码生成', 2, 'com.ym.generator.controller.GenController.editSave()', 'PUT', 1, 'admin', '研发部门', '/tool/gen', '127.0.0.1', '内网IP', '{\"createBy\":null,\"createTime\":null,\"updateBy\":\"admin\",\"updateTime\":\"2024-02-19 14:25:02\",\"params\":{\"treeCode\":null,\"treeName\":null,\"treeParentCode\":null,\"parentMenuId\":\"128\"},\"tableId\":\"1759462339362725890\",\"tableName\":\"ym_inoculate\",\"tableComment\":\"疫苗接种记录\",\"subTableName\":null,\"subTableFkName\":null,\"className\":\"YmInoculate\",\"tplCategory\":\"crud\",\"packageName\":\"com.ym.vaccine\",\"moduleName\":\"vaccine\",\"businessName\":\"inoculate\",\"functionName\":\"疫苗接种记录\",\"functionAuthor\":\"ym\",\"genType\":\"0\",\"genPath\":\"/\",\"pkColumn\":null,\"subTable\":null,\"columns\":[{\"createBy\":\"admin\",\"createTime\":\"2024-02-19 14:18:06\",\"updateBy\":\"admin\",\"updateTime\":\"2024-02-19 14:25:02\",\"columnId\":\"1759462339673104386\",\"tableId\":\"1759462339362725890\",\"columnName\":\"id\",\"columnComment\":\"\",\"columnType\":\"int\",\"javaType\":\"Long\",\"javaField\":\"id\",\"isPk\":\"1\",\"isIncrement\":\"1\",\"isRequired\":\"1\",\"isInsert\":null,\"isEdit\":\"1\",\"isList\":\"1\",\"isQuery\":\"1\",\"queryType\":\"EQ\",\"htmlType\":\"input\",\"dictType\":\"\",\"sort\":1,\"capJavaField\":\"Id\",\"list\":true,\"pk\":true,\"edit\":true,\"insert\":false,\"usableColumn\":false,\"superColumn\":false,\"increment\":true,\"query\":true,\"required\":true},{\"createBy\":\"admin\",\"createTime\":\"2024-02-19 14:18:06\",\"updateBy\":\"admin\",\"updateTime\":\"2024-02-19 14:25:02\",\"columnId\":\"1759462339677298689\",\"tableId\":\"1759462339362725890\",\"columnName\":\"part\",\"columnComment\":\"接种部位\",\"columnType\":\"varchar(255)\",\"javaType\":\"String\",\"javaField\":\"part\",\"isPk\":\"0\",\"isIncrement\":\"0\",\"isRequired\":\"1\",\"isInsert\":\"1\",\"isEdit\":\"1\",\"isList\":\"1\",\"isQuery\":\"1\",\"queryType\":\"EQ\",\"htmlType\":\"input\",\"dictType\":\"\",\"sort\":2,\"capJavaField\":\"Part\",\"list\":true,\"pk\":false,\"edit\":true,\"insert\":true,\"usableColumn\":false,\"superColumn\":false,\"increment\":false,\"query\":true,\"required\":true},{\"createBy\":\"admin\",\"createTime\":\"2024-02-19 14:18:06\",\"updateBy\":\"admin\",\"updateTime\":\"2024-02-19 14:25:02\",\"columnId\":\"1759462339681492994\",\"tableId\":\"1759462339362725890\",\"columnName\":\"appoint_id\",\"columnComment\":\"预约信息\",\"columnType\":\"int\",\"javaType\":\"Long\",\"javaFie', '{\"code\":200,\"msg\":\"操作成功\",\"data\":null}', 0, '', '2024-02-19 14:25:03');
INSERT INTO `sys_oper_log` (`oper_id`, `title`, `business_type`, `method`, `request_method`, `operator_type`, `oper_name`, `dept_name`, `oper_url`, `oper_ip`, `oper_location`, `oper_param`, `json_result`, `status`, `error_msg`, `oper_time`) VALUES (1759464166313467905, '代码生成', 2, 'com.ym.generator.controller.GenController.editSave()', 'PUT', 1, 'admin', '研发部门', '/tool/gen', '127.0.0.1', '内网IP', '{\"createBy\":null,\"createTime\":null,\"updateBy\":\"admin\",\"updateTime\":\"2024-02-19 14:25:20\",\"params\":{\"treeCode\":null,\"treeName\":null,\"treeParentCode\":null,\"parentMenuId\":\"6\"},\"tableId\":\"1759462338100240386\",\"tableName\":\"ym_appoint\",\"tableComment\":\"疫苗预约\",\"subTableName\":null,\"subTableFkName\":null,\"className\":\"YmAppoint\",\"tplCategory\":\"crud\",\"packageName\":\"com.ym.vaccine\",\"moduleName\":\"vaccine\",\"businessName\":\"appoint\",\"functionName\":\"疫苗预约\",\"functionAuthor\":\"ym\",\"genType\":\"0\",\"genPath\":\"/\",\"pkColumn\":null,\"subTable\":null,\"columns\":[{\"createBy\":\"admin\",\"createTime\":\"2024-02-19 14:18:05\",\"updateBy\":\"admin\",\"updateTime\":\"2024-02-19 14:25:20\",\"columnId\":\"1759462338595168258\",\"tableId\":\"1759462338100240386\",\"columnName\":\"id\",\"columnComment\":\"\",\"columnType\":\"int\",\"javaType\":\"Long\",\"javaField\":\"id\",\"isPk\":\"1\",\"isIncrement\":\"1\",\"isRequired\":\"1\",\"isInsert\":null,\"isEdit\":\"1\",\"isList\":\"1\",\"isQuery\":null,\"queryType\":\"EQ\",\"htmlType\":\"input\",\"dictType\":\"\",\"sort\":1,\"capJavaField\":\"Id\",\"list\":true,\"pk\":true,\"edit\":true,\"insert\":false,\"usableColumn\":false,\"superColumn\":false,\"increment\":true,\"query\":false,\"required\":true},{\"createBy\":\"admin\",\"createTime\":\"2024-02-19 14:18:05\",\"updateBy\":\"admin\",\"updateTime\":\"2024-02-19 14:25:20\",\"columnId\":\"1759462338603556865\",\"tableId\":\"1759462338100240386\",\"columnName\":\"user_id\",\"columnComment\":\"预约用户信息\",\"columnType\":\"int\",\"javaType\":\"Long\",\"javaField\":\"userId\",\"isPk\":\"0\",\"isIncrement\":\"0\",\"isRequired\":\"1\",\"isInsert\":\"1\",\"isEdit\":\"1\",\"isList\":\"1\",\"isQuery\":\"1\",\"queryType\":\"EQ\",\"htmlType\":\"input\",\"dictType\":\"\",\"sort\":2,\"capJavaField\":\"UserId\",\"list\":true,\"pk\":false,\"edit\":true,\"insert\":true,\"usableColumn\":false,\"superColumn\":false,\"increment\":false,\"query\":true,\"required\":true},{\"createBy\":\"admin\",\"createTime\":\"2024-02-19 14:18:05\",\"updateBy\":\"admin\",\"updateTime\":\"2024-02-19 14:25:20\",\"columnId\":\"1759462338611945474\",\"tableId\":\"1759462338100240386\",\"columnName\":\"appoint_date\",\"columnComment\":\"预约日期\",\"columnType\":\"date\",\"javaType\":\"Date\",\"javaField\":\"appo', '{\"code\":200,\"msg\":\"操作成功\",\"data\":null}', 0, '', '2024-02-19 14:25:21');
INSERT INTO `sys_oper_log` (`oper_id`, `title`, `business_type`, `method`, `request_method`, `operator_type`, `oper_name`, `dept_name`, `oper_url`, `oper_ip`, `oper_location`, `oper_param`, `json_result`, `status`, `error_msg`, `oper_time`) VALUES (1759464201205882882, '代码生成', 2, 'com.ym.generator.controller.GenController.editSave()', 'PUT', 1, 'admin', '研发部门', '/tool/gen', '127.0.0.1', '内网IP', '{\"createBy\":null,\"createTime\":null,\"updateBy\":\"admin\",\"updateTime\":\"2024-02-19 14:25:29\",\"params\":{\"treeCode\":null,\"treeName\":null,\"treeParentCode\":null,\"parentMenuId\":\"7\"},\"tableId\":\"1759462340868481026\",\"tableName\":\"ym_inoculate_site\",\"tableComment\":\"疫苗接种站点\",\"subTableName\":null,\"subTableFkName\":null,\"className\":\"YmInoculateSite\",\"tplCategory\":\"crud\",\"packageName\":\"com.ym.vaccine\",\"moduleName\":\"vaccine\",\"businessName\":\"inoculateSite\",\"functionName\":\"疫苗接种站点管理\",\"functionAuthor\":\"ym\",\"genType\":\"0\",\"genPath\":\"/\",\"pkColumn\":null,\"subTable\":null,\"columns\":[{\"createBy\":\"admin\",\"createTime\":\"2024-02-19 14:18:06\",\"updateBy\":\"admin\",\"updateTime\":\"2024-02-19 14:25:29\",\"columnId\":\"1759462341170470914\",\"tableId\":\"1759462340868481026\",\"columnName\":\"id\",\"columnComment\":\"\",\"columnType\":\"int\",\"javaType\":\"Long\",\"javaField\":\"id\",\"isPk\":\"1\",\"isIncrement\":\"1\",\"isRequired\":\"1\",\"isInsert\":null,\"isEdit\":\"1\",\"isList\":\"1\",\"isQuery\":null,\"queryType\":\"EQ\",\"htmlType\":\"input\",\"dictType\":\"\",\"sort\":1,\"capJavaField\":\"Id\",\"list\":true,\"pk\":true,\"edit\":true,\"insert\":false,\"usableColumn\":false,\"superColumn\":false,\"increment\":true,\"query\":false,\"required\":true},{\"createBy\":\"admin\",\"createTime\":\"2024-02-19 14:18:06\",\"updateBy\":\"admin\",\"updateTime\":\"2024-02-19 14:25:29\",\"columnId\":\"1759462341178859521\",\"tableId\":\"1759462340868481026\",\"columnName\":\"name\",\"columnComment\":\"站点名称\",\"columnType\":\"varchar(255)\",\"javaType\":\"String\",\"javaField\":\"name\",\"isPk\":\"0\",\"isIncrement\":\"0\",\"isRequired\":\"1\",\"isInsert\":\"1\",\"isEdit\":\"1\",\"isList\":\"1\",\"isQuery\":\"1\",\"queryType\":\"LIKE\",\"htmlType\":\"input\",\"dictType\":\"\",\"sort\":2,\"capJavaField\":\"Name\",\"list\":true,\"pk\":false,\"edit\":true,\"insert\":true,\"usableColumn\":false,\"superColumn\":false,\"increment\":false,\"query\":true,\"required\":true},{\"createBy\":\"admin\",\"createTime\":\"2024-02-19 14:18:06\",\"updateBy\":\"admin\",\"updateTime\":\"2024-02-19 14:25:29\",\"columnId\":\"1759462341178859522\",\"tableId\":\"1759462340868481026\",\"columnName\":\"address\",\"columnComment\":\"站点地址\",\"columnType\":\"varchar(255)\",\"ja', '{\"code\":200,\"msg\":\"操作成功\",\"data\":null}', 0, '', '2024-02-19 14:25:29');
INSERT INTO `sys_oper_log` (`oper_id`, `title`, `business_type`, `method`, `request_method`, `operator_type`, `oper_name`, `dept_name`, `oper_url`, `oper_ip`, `oper_location`, `oper_param`, `json_result`, `status`, `error_msg`, `oper_time`) VALUES (1759464407527890945, '代码生成', 2, 'com.ym.generator.controller.GenController.editSave()', 'PUT', 1, 'admin', '研发部门', '/tool/gen', '127.0.0.1', '内网IP', '{\"createBy\":null,\"createTime\":null,\"updateBy\":\"admin\",\"updateTime\":\"2024-02-19 14:26:18\",\"params\":{\"treeCode\":null,\"treeName\":null,\"treeParentCode\":null,\"parentMenuId\":5},\"tableId\":\"1759462342651060225\",\"tableName\":\"ym_vaccine\",\"tableComment\":\"疫苗信息表\",\"subTableName\":null,\"subTableFkName\":null,\"className\":\"YmVaccine\",\"tplCategory\":\"crud\",\"packageName\":\"com.ym.vaccine\",\"moduleName\":\"vaccine\",\"businessName\":\"vaccine\",\"functionName\":\"疫苗信息管理\",\"functionAuthor\":\"ym\",\"genType\":\"0\",\"genPath\":\"/\",\"pkColumn\":null,\"subTable\":null,\"columns\":[{\"createBy\":\"admin\",\"createTime\":\"2024-02-19 14:18:06\",\"updateBy\":\"admin\",\"updateTime\":\"2024-02-19 14:26:18\",\"columnId\":\"1759462342944661506\",\"tableId\":\"1759462342651060225\",\"columnName\":\"id\",\"columnComment\":\"疫苗id\",\"columnType\":\"int\",\"javaType\":\"Long\",\"javaField\":\"id\",\"isPk\":\"1\",\"isIncrement\":\"1\",\"isRequired\":\"1\",\"isInsert\":null,\"isEdit\":\"1\",\"isList\":\"1\",\"isQuery\":null,\"queryType\":\"EQ\",\"htmlType\":\"input\",\"dictType\":\"\",\"sort\":1,\"capJavaField\":\"Id\",\"list\":true,\"pk\":true,\"edit\":true,\"insert\":false,\"usableColumn\":false,\"superColumn\":false,\"increment\":true,\"query\":false,\"required\":true},{\"createBy\":\"admin\",\"createTime\":\"2024-02-19 14:18:06\",\"updateBy\":\"admin\",\"updateTime\":\"2024-02-19 14:26:18\",\"columnId\":\"1759462342953050114\",\"tableId\":\"1759462342651060225\",\"columnName\":\"name\",\"columnComment\":\"疫苗名称\",\"columnType\":\"varchar(255)\",\"javaType\":\"String\",\"javaField\":\"name\",\"isPk\":\"0\",\"isIncrement\":\"0\",\"isRequired\":\"1\",\"isInsert\":\"1\",\"isEdit\":\"1\",\"isList\":\"1\",\"isQuery\":\"1\",\"queryType\":\"LIKE\",\"htmlType\":\"input\",\"dictType\":\"\",\"sort\":2,\"capJavaField\":\"Name\",\"list\":true,\"pk\":false,\"edit\":true,\"insert\":true,\"usableColumn\":false,\"superColumn\":false,\"increment\":false,\"query\":true,\"required\":true},{\"createBy\":\"admin\",\"createTime\":\"2024-02-19 14:18:06\",\"updateBy\":\"admin\",\"updateTime\":\"2024-02-19 14:26:18\",\"columnId\":\"1759462342953050115\",\"tableId\":\"1759462342651060225\",\"columnName\":\"price\",\"columnComment\":\"疫苗价格\",\"columnType\":\"float\",\"javaType\":\"Long\",\"javaField\":\"p', '{\"code\":200,\"msg\":\"操作成功\",\"data\":null}', 0, '', '2024-02-19 14:26:19');
INSERT INTO `sys_oper_log` (`oper_id`, `title`, `business_type`, `method`, `request_method`, `operator_type`, `oper_name`, `dept_name`, `oper_url`, `oper_ip`, `oper_location`, `oper_param`, `json_result`, `status`, `error_msg`, `oper_time`) VALUES (1759464424846172161, '代码生成', 8, 'com.ym.generator.controller.GenController.batchGenCode()', 'GET', 1, 'admin', '研发部门', '/tool/gen/batchGenCode', '127.0.0.1', '内网IP', '{\"tables\":\"ym_appoint,ym_inoculate,ym_inoculate_site,ym_orders,ym_vaccine\"}', '', 0, '', '2024-02-19 14:26:23');
INSERT INTO `sys_oper_log` (`oper_id`, `title`, `business_type`, `method`, `request_method`, `operator_type`, `oper_name`, `dept_name`, `oper_url`, `oper_ip`, `oper_location`, `oper_param`, `json_result`, `status`, `error_msg`, `oper_time`) VALUES (1759772944728694785, '用户管理', 1, 'com.ym.web.controller.system.SysUserController.add()', 'POST', 1, 'admin', '研发部门', '/system/user', '127.0.0.1', '内网IP', '{\"createBy\":\"admin\",\"createTime\":\"2024-02-20 10:52:19\",\"updateBy\":\"admin\",\"updateTime\":\"2024-02-20 10:52:19\",\"userId\":\"1759772943751421954\",\"deptId\":105,\"userName\":\"苏柒\",\"nickName\":\"sudoctor\",\"userType\":null,\"email\":\"doctor@pp.com\",\"phonenumber\":\"18888060737\",\"sex\":\"0\",\"avatar\":null,\"status\":\"0\",\"delFlag\":null,\"loginIp\":null,\"loginDate\":null,\"remark\":\"测试医生用户数据\",\"dept\":null,\"roles\":null,\"roleIds\":[3],\"postIds\":[4],\"roleId\":null,\"admin\":false}', '{\"code\":200,\"msg\":\"操作成功\",\"data\":null}', 0, '', '2024-02-20 10:52:20');
INSERT INTO `sys_oper_log` (`oper_id`, `title`, `business_type`, `method`, `request_method`, `operator_type`, `oper_name`, `dept_name`, `oper_url`, `oper_ip`, `oper_location`, `oper_param`, `json_result`, `status`, `error_msg`, `oper_time`) VALUES (1759773305057157121, '用户管理', 2, 'com.ym.web.controller.system.SysUserController.edit()', 'PUT', 1, 'admin', '研发部门', '/system/user', '127.0.0.1', '内网IP', '{\"createBy\":\"admin\",\"createTime\":\"2024-02-20 10:52:19\",\"updateBy\":\"admin\",\"updateTime\":\"2024-02-20 10:53:45\",\"userId\":\"1759772943751421954\",\"deptId\":105,\"userName\":\"苏柒\",\"nickName\":\"苏柒\",\"userType\":\"sys_user\",\"email\":\"doctor@pp.com\",\"phonenumber\":\"18888060737\",\"sex\":\"0\",\"avatar\":\"\",\"status\":\"0\",\"delFlag\":\"0\",\"loginIp\":\"127.0.0.1\",\"loginDate\":\"2024-02-20 10:53:08\",\"remark\":\"测试医生用户数据\",\"dept\":{\"createBy\":null,\"createTime\":null,\"updateBy\":null,\"updateTime\":null,\"parentName\":null,\"parentId\":101,\"children\":[],\"deptId\":105,\"deptName\":\"测试部门\",\"orderNum\":3,\"leader\":\"PP\",\"phone\":null,\"email\":null,\"status\":\"0\",\"delFlag\":null,\"ancestors\":\"0,100,101\"},\"roles\":[{\"createBy\":null,\"createTime\":null,\"updateBy\":null,\"updateTime\":null,\"roleId\":3,\"roleName\":\"医生\",\"roleKey\":\"doctor\",\"roleSort\":3,\"dataScope\":\"1\",\"menuCheckStrictly\":null,\"deptCheckStrictly\":null,\"status\":\"0\",\"delFlag\":null,\"remark\":null,\"flag\":false,\"menuIds\":null,\"deptIds\":null,\"admin\":false}],\"roleIds\":[3],\"postIds\":[4],\"roleId\":null,\"admin\":false}', '{\"code\":200,\"msg\":\"操作成功\",\"data\":null}', 0, '', '2024-02-20 10:53:46');
INSERT INTO `sys_oper_log` (`oper_id`, `title`, `business_type`, `method`, `request_method`, `operator_type`, `oper_name`, `dept_name`, `oper_url`, `oper_ip`, `oper_location`, `oper_param`, `json_result`, `status`, `error_msg`, `oper_time`) VALUES (1759773700487749634, '用户管理', 1, 'com.ym.web.controller.system.SysUserController.add()', 'POST', 1, 'admin', '研发部门', '/system/user', '127.0.0.1', '内网IP', '{\"createBy\":\"admin\",\"createTime\":\"2024-02-20 10:55:19\",\"updateBy\":\"admin\",\"updateTime\":\"2024-02-20 10:55:19\",\"userId\":\"1759773699846021121\",\"deptId\":105,\"userName\":\"zs666\",\"nickName\":\"张三\",\"userType\":null,\"email\":\"zs@pp.com\",\"phonenumber\":null,\"sex\":\"0\",\"avatar\":null,\"status\":\"0\",\"delFlag\":null,\"loginIp\":null,\"loginDate\":null,\"remark\":\"接种者测试用户\",\"dept\":null,\"roles\":null,\"roleIds\":[4],\"postIds\":[4],\"roleId\":null,\"admin\":false}', '{\"code\":200,\"msg\":\"操作成功\",\"data\":null}', 0, '', '2024-02-20 10:55:20');
INSERT INTO `sys_oper_log` (`oper_id`, `title`, `business_type`, `method`, `request_method`, `operator_type`, `oper_name`, `dept_name`, `oper_url`, `oper_ip`, `oper_location`, `oper_param`, `json_result`, `status`, `error_msg`, `oper_time`) VALUES (1759780022448922626, '用户管理', 4, 'com.ym.web.controller.system.SysUserController.insertAuthRole()', 'PUT', 1, 'admin', '研发部门', '/system/user/authRole', '127.0.0.1', '内网IP', '{\"roleIds\":\"4,2\",\"userId\":\"1759773699846021121\"}', '{\"code\":200,\"msg\":\"操作成功\",\"data\":null}', 0, '', '2024-02-20 11:20:27');
INSERT INTO `sys_oper_log` (`oper_id`, `title`, `business_type`, `method`, `request_method`, `operator_type`, `oper_name`, `dept_name`, `oper_url`, `oper_ip`, `oper_location`, `oper_param`, `json_result`, `status`, `error_msg`, `oper_time`) VALUES (1759780481922342913, '用户管理', 4, 'com.ym.web.controller.system.SysUserController.insertAuthRole()', 'PUT', 1, 'admin', '研发部门', '/system/user/authRole', '127.0.0.1', '内网IP', '{\"roleIds\":\"4\",\"userId\":\"1759773699846021121\"}', '{\"code\":200,\"msg\":\"操作成功\",\"data\":null}', 0, '', '2024-02-20 11:22:17');
INSERT INTO `sys_oper_log` (`oper_id`, `title`, `business_type`, `method`, `request_method`, `operator_type`, `oper_name`, `dept_name`, `oper_url`, `oper_ip`, `oper_location`, `oper_param`, `json_result`, `status`, `error_msg`, `oper_time`) VALUES (1759780641423335425, '角色管理', 2, 'com.ym.web.controller.system.SysRoleController.edit()', 'PUT', 1, 'admin', '研发部门', '/system/role', '127.0.0.1', '内网IP', '{\"createBy\":\"admin\",\"createTime\":\"2024-01-18 16:54:05\",\"updateBy\":\"admin\",\"updateTime\":\"2024-02-20 11:22:54\",\"roleId\":4,\"roleName\":\"接种者\",\"roleKey\":\"person\",\"roleSort\":4,\"dataScope\":\"1\",\"menuCheckStrictly\":true,\"deptCheckStrictly\":true,\"status\":\"0\",\"delFlag\":\"0\",\"remark\":\"接种者\",\"flag\":false,\"menuIds\":[1,100,1003,1007,6,123,124,1241,1242,1243,1244,1245,7,1261,1262,1263,1264,1265],\"deptIds\":null,\"admin\":false}', '{\"code\":200,\"msg\":\"操作成功\",\"data\":null}', 0, '', '2024-02-20 11:22:55');
INSERT INTO `sys_oper_log` (`oper_id`, `title`, `business_type`, `method`, `request_method`, `operator_type`, `oper_name`, `dept_name`, `oper_url`, `oper_ip`, `oper_location`, `oper_param`, `json_result`, `status`, `error_msg`, `oper_time`) VALUES (1759780686633738242, '角色管理', 2, 'com.ym.web.controller.system.SysRoleController.edit()', 'PUT', 1, 'admin', '研发部门', '/system/role', '127.0.0.1', '内网IP', '{\"createBy\":\"admin\",\"createTime\":\"2024-01-18 16:52:37\",\"updateBy\":\"admin\",\"updateTime\":\"2024-02-20 11:23:05\",\"roleId\":3,\"roleName\":\"医生\",\"roleKey\":\"doctor\",\"roleSort\":3,\"dataScope\":\"1\",\"menuCheckStrictly\":true,\"deptCheckStrictly\":true,\"status\":\"0\",\"delFlag\":\"0\",\"remark\":\"医生\",\"flag\":false,\"menuIds\":[1,100,1003,1007,5,121,122,1301,1302,1303,1304,1305,8,1251,1252,1253,1254,1255,7,1261,1262,1263,1264,1265],\"deptIds\":null,\"admin\":false}', '{\"code\":200,\"msg\":\"操作成功\",\"data\":null}', 0, '', '2024-02-20 11:23:05');
INSERT INTO `sys_oper_log` (`oper_id`, `title`, `business_type`, `method`, `request_method`, `operator_type`, `oper_name`, `dept_name`, `oper_url`, `oper_ip`, `oper_location`, `oper_param`, `json_result`, `status`, `error_msg`, `oper_time`) VALUES (1759780804665647105, '个人信息', 2, 'com.ym.web.controller.system.SysProfileController.updateProfile()', 'PUT', 1, 'zs666', '测试部门', '/system/user/profile', '127.0.0.1', '内网IP', '{\"createBy\":\"admin\",\"createTime\":\"2024-02-20 10:55:20\",\"updateBy\":\"zs666\",\"updateTime\":\"2024-02-20 11:23:33\",\"userId\":\"1759773699846021121\",\"deptId\":null,\"userName\":null,\"nickName\":\"张三\",\"userType\":\"sys_user\",\"email\":\"z*@pp.com\",\"phonenumber\":\"156****4190\",\"sex\":\"0\",\"avatar\":null,\"status\":\"0\",\"delFlag\":\"0\",\"loginIp\":\"127.0.0.1\",\"loginDate\":\"2024-02-20 11:23:19\",\"remark\":\"接种者测试用户\",\"dept\":{\"createBy\":null,\"createTime\":null,\"updateBy\":null,\"updateTime\":null,\"parentName\":null,\"parentId\":101,\"children\":[],\"deptId\":105,\"deptName\":\"测试部门\",\"orderNum\":3,\"leader\":\"PP\",\"phone\":null,\"email\":null,\"status\":\"0\",\"delFlag\":null,\"ancestors\":\"0,100,101\"},\"roles\":[{\"createBy\":null,\"createTime\":null,\"updateBy\":null,\"updateTime\":null,\"roleId\":4,\"roleName\":\"接种者\",\"roleKey\":\"person\",\"roleSort\":4,\"dataScope\":\"1\",\"menuCheckStrictly\":null,\"deptCheckStrictly\":null,\"status\":\"0\",\"delFlag\":null,\"remark\":null,\"flag\":false,\"menuIds\":null,\"deptIds\":null,\"admin\":false}],\"roleIds\":null,\"postIds\":null,\"roleId\":null,\"admin\":false}', '{\"code\":200,\"msg\":\"操作成功\",\"data\":null}', 0, '', '2024-02-20 11:23:34');
INSERT INTO `sys_oper_log` (`oper_id`, `title`, `business_type`, `method`, `request_method`, `operator_type`, `oper_name`, `dept_name`, `oper_url`, `oper_ip`, `oper_location`, `oper_param`, `json_result`, `status`, `error_msg`, `oper_time`) VALUES (1759786224255868930, '角色管理', 2, 'com.ym.web.controller.system.SysRoleController.edit()', 'PUT', 1, 'admin', '研发部门', '/system/role', '127.0.0.1', '内网IP', '{\"createBy\":\"admin\",\"createTime\":\"2024-01-18 16:54:05\",\"updateBy\":\"admin\",\"updateTime\":\"2024-02-20 11:45:05\",\"roleId\":4,\"roleName\":\"接种者\",\"roleKey\":\"person\",\"roleSort\":4,\"dataScope\":\"1\",\"menuCheckStrictly\":true,\"deptCheckStrictly\":true,\"status\":\"0\",\"delFlag\":\"0\",\"remark\":\"接种者\",\"flag\":false,\"menuIds\":[6,123,124,1241,1242,1243,1244,1245,7,1261,1262,1263,1264,1265],\"deptIds\":null,\"admin\":false}', '{\"code\":200,\"msg\":\"操作成功\",\"data\":null}', 0, '', '2024-02-20 11:45:06');
INSERT INTO `sys_oper_log` (`oper_id`, `title`, `business_type`, `method`, `request_method`, `operator_type`, `oper_name`, `dept_name`, `oper_url`, `oper_ip`, `oper_location`, `oper_param`, `json_result`, `status`, `error_msg`, `oper_time`) VALUES (1759786452975460354, '个人信息', 2, 'com.ym.web.controller.system.SysProfileController.updateProfile()', 'PUT', 1, 'zs666', '测试部门', '/system/user/profile', '127.0.0.1', '内网IP', '{\"createBy\":\"admin\",\"createTime\":\"2024-02-20 10:55:20\",\"updateBy\":\"zs666\",\"updateTime\":\"2024-02-20 11:46:00\",\"userId\":\"1759773699846021121\",\"deptId\":null,\"userName\":null,\"nickName\":\"张三\",\"userType\":\"sys_user\",\"email\":\"z*@pp.com\",\"phonenumber\":\"156****4190\",\"sex\":\"0\",\"avatar\":null,\"status\":\"0\",\"delFlag\":\"0\",\"loginIp\":\"127.0.0.1\",\"loginDate\":\"2024-02-20 11:45:42\",\"remark\":\"接种者测试用户\",\"dept\":{\"createBy\":null,\"createTime\":null,\"updateBy\":null,\"updateTime\":null,\"parentName\":null,\"parentId\":101,\"children\":[],\"deptId\":105,\"deptName\":\"测试部门\",\"orderNum\":3,\"leader\":\"PP\",\"phone\":null,\"email\":null,\"status\":\"0\",\"delFlag\":null,\"ancestors\":\"0,100,101\"},\"roles\":[{\"createBy\":null,\"createTime\":null,\"updateBy\":null,\"updateTime\":null,\"roleId\":4,\"roleName\":\"接种者\",\"roleKey\":\"person\",\"roleSort\":4,\"dataScope\":\"1\",\"menuCheckStrictly\":null,\"deptCheckStrictly\":null,\"status\":\"0\",\"delFlag\":null,\"remark\":null,\"flag\":false,\"menuIds\":null,\"deptIds\":null,\"admin\":false}],\"roleIds\":null,\"postIds\":null,\"roleId\":null,\"admin\":false}', '{\"code\":200,\"msg\":\"操作成功\",\"data\":null}', 0, '', '2024-02-20 11:46:00');
INSERT INTO `sys_oper_log` (`oper_id`, `title`, `business_type`, `method`, `request_method`, `operator_type`, `oper_name`, `dept_name`, `oper_url`, `oper_ip`, `oper_location`, `oper_param`, `json_result`, `status`, `error_msg`, `oper_time`) VALUES (1759786536295309314, '角色管理', 2, 'com.ym.web.controller.system.SysRoleController.edit()', 'PUT', 1, 'admin', '研发部门', '/system/role', '127.0.0.1', '内网IP', '{\"createBy\":\"admin\",\"createTime\":\"2024-01-18 16:52:37\",\"updateBy\":\"admin\",\"updateTime\":\"2024-02-20 11:46:19\",\"roleId\":3,\"roleName\":\"医生\",\"roleKey\":\"doctor\",\"roleSort\":3,\"dataScope\":\"1\",\"menuCheckStrictly\":true,\"deptCheckStrictly\":true,\"status\":\"0\",\"delFlag\":\"0\",\"remark\":\"医生\",\"flag\":false,\"menuIds\":[5,121,122,1301,1302,1303,1304,1305,8,1251,1252,1253,1254,1255,7,1261,1262,1263,1264,1265],\"deptIds\":null,\"admin\":false}', '{\"code\":200,\"msg\":\"操作成功\",\"data\":null}', 0, '', '2024-02-20 11:46:20');
INSERT INTO `sys_oper_log` (`oper_id`, `title`, `business_type`, `method`, `request_method`, `operator_type`, `oper_name`, `dept_name`, `oper_url`, `oper_ip`, `oper_location`, `oper_param`, `json_result`, `status`, `error_msg`, `oper_time`) VALUES (1759786742525042689, '个人信息', 2, 'com.ym.web.controller.system.SysProfileController.updateProfile()', 'PUT', 1, 'sudoctor', '测试部门', '/system/user/profile', '127.0.0.1', '内网IP', '{\"createBy\":\"admin\",\"createTime\":\"2024-02-20 10:52:19\",\"updateBy\":\"sudoctor\",\"updateTime\":\"2024-02-20 11:47:09\",\"userId\":\"1759772943751421954\",\"deptId\":null,\"userName\":null,\"nickName\":\"苏柒\",\"userType\":\"sys_user\",\"email\":\"d*****@qq.com\",\"phonenumber\":\"188****0737\",\"sex\":\"0\",\"avatar\":null,\"status\":\"0\",\"delFlag\":\"0\",\"loginIp\":\"127.0.0.1\",\"loginDate\":\"2024-02-20 11:46:39\",\"remark\":\"测试医生用户数据\",\"dept\":{\"createBy\":null,\"createTime\":null,\"updateBy\":null,\"updateTime\":null,\"parentName\":null,\"parentId\":101,\"children\":[],\"deptId\":105,\"deptName\":\"测试部门\",\"orderNum\":3,\"leader\":\"PP\",\"phone\":null,\"email\":null,\"status\":\"0\",\"delFlag\":null,\"ancestors\":\"0,100,101\"},\"roles\":[{\"createBy\":null,\"createTime\":null,\"updateBy\":null,\"updateTime\":null,\"roleId\":3,\"roleName\":\"医生\",\"roleKey\":\"doctor\",\"roleSort\":3,\"dataScope\":\"1\",\"menuCheckStrictly\":null,\"deptCheckStrictly\":null,\"status\":\"0\",\"delFlag\":null,\"remark\":null,\"flag\":false,\"menuIds\":null,\"deptIds\":null,\"admin\":false}],\"roleIds\":null,\"postIds\":null,\"roleId\":null,\"admin\":false}', '{\"code\":200,\"msg\":\"操作成功\",\"data\":null}', 0, '', '2024-02-20 11:47:09');
INSERT INTO `sys_oper_log` (`oper_id`, `title`, `business_type`, `method`, `request_method`, `operator_type`, `oper_name`, `dept_name`, `oper_url`, `oper_ip`, `oper_location`, `oper_param`, `json_result`, `status`, `error_msg`, `oper_time`) VALUES (1759787714924064770, '角色管理', 2, 'com.ym.web.controller.system.SysRoleController.dataScope()', 'PUT', 1, 'admin', '研发部门', '/system/role/dataScope', '127.0.0.1', '内网IP', '{\"createBy\":\"admin\",\"createTime\":\"2024-01-18 16:52:37\",\"updateBy\":\"admin\",\"updateTime\":\"2024-02-20 11:51:00\",\"roleId\":3,\"roleName\":\"医生\",\"roleKey\":\"doctor\",\"roleSort\":3,\"dataScope\":\"5\",\"menuCheckStrictly\":true,\"deptCheckStrictly\":true,\"status\":\"0\",\"delFlag\":\"0\",\"remark\":\"医生\",\"flag\":false,\"menuIds\":null,\"deptIds\":[],\"admin\":false}', '{\"code\":200,\"msg\":\"操作成功\",\"data\":null}', 0, '', '2024-02-20 11:51:01');
INSERT INTO `sys_oper_log` (`oper_id`, `title`, `business_type`, `method`, `request_method`, `operator_type`, `oper_name`, `dept_name`, `oper_url`, `oper_ip`, `oper_location`, `oper_param`, `json_result`, `status`, `error_msg`, `oper_time`) VALUES (1759787739662069761, '角色管理', 2, 'com.ym.web.controller.system.SysRoleController.dataScope()', 'PUT', 1, 'admin', '研发部门', '/system/role/dataScope', '127.0.0.1', '内网IP', '{\"createBy\":\"admin\",\"createTime\":\"2024-01-18 16:54:05\",\"updateBy\":\"admin\",\"updateTime\":\"2024-02-20 11:51:06\",\"roleId\":4,\"roleName\":\"接种者\",\"roleKey\":\"person\",\"roleSort\":4,\"dataScope\":\"5\",\"menuCheckStrictly\":true,\"deptCheckStrictly\":true,\"status\":\"0\",\"delFlag\":\"0\",\"remark\":\"接种者\",\"flag\":false,\"menuIds\":null,\"deptIds\":[],\"admin\":false}', '{\"code\":200,\"msg\":\"操作成功\",\"data\":null}', 0, '', '2024-02-20 11:51:07');
INSERT INTO `sys_oper_log` (`oper_id`, `title`, `business_type`, `method`, `request_method`, `operator_type`, `oper_name`, `dept_name`, `oper_url`, `oper_ip`, `oper_location`, `oper_param`, `json_result`, `status`, `error_msg`, `oper_time`) VALUES (1759791733465755649, '角色管理', 2, 'com.ym.web.controller.system.SysRoleController.edit()', 'PUT', 1, 'admin', '研发部门', '/system/role', '127.0.0.1', '内网IP', '{\"createBy\":\"admin\",\"createTime\":\"2024-01-18 16:52:37\",\"updateBy\":\"admin\",\"updateTime\":\"2024-02-20 12:06:58\",\"roleId\":3,\"roleName\":\"医生\",\"roleKey\":\"doctor\",\"roleSort\":3,\"dataScope\":\"5\",\"menuCheckStrictly\":true,\"deptCheckStrictly\":true,\"status\":\"0\",\"delFlag\":\"0\",\"remark\":\"医生\",\"flag\":false,\"menuIds\":[5,51,121,52,122,1301,1302,1303,1304,1305,53,54,55,8,1251,1252,1253,1254,1255,7,1261,1262,1263,1264,1265],\"deptIds\":null,\"admin\":false}', '{\"code\":200,\"msg\":\"操作成功\",\"data\":null}', 0, '', '2024-02-20 12:06:59');
INSERT INTO `sys_oper_log` (`oper_id`, `title`, `business_type`, `method`, `request_method`, `operator_type`, `oper_name`, `dept_name`, `oper_url`, `oper_ip`, `oper_location`, `oper_param`, `json_result`, `status`, `error_msg`, `oper_time`) VALUES (1759795029391781890, '疫苗接种站点管理', 2, 'com.ym.vaccine.controller.YmInoculateSiteController.edit()', 'PUT', 1, 'sudoctor', '测试部门', '/vaccine/inoculateSite', '127.0.0.1', '内网IP', '{\"createBy\":null,\"createTime\":null,\"updateBy\":null,\"updateTime\":null,\"id\":9,\"name\":\"宿迁市宿城区人民医院\",\"address\":\" 宿迁市宿城区宿支路120号\",\"imgUrl\":\"/502f0b182d374b1bb3bc469c0697ca0f.png\",\"contact\":\"0524-8716212\"}', '{\"code\":200,\"msg\":\"操作成功\",\"data\":null}', 0, '', '2024-02-20 12:20:05');
INSERT INTO `sys_oper_log` (`oper_id`, `title`, `business_type`, `method`, `request_method`, `operator_type`, `oper_name`, `dept_name`, `oper_url`, `oper_ip`, `oper_location`, `oper_param`, `json_result`, `status`, `error_msg`, `oper_time`) VALUES (1759795070307217410, '疫苗接种站点管理', 2, 'com.ym.vaccine.controller.YmInoculateSiteController.edit()', 'PUT', 1, 'sudoctor', '测试部门', '/vaccine/inoculateSite', '127.0.0.1', '内网IP', '{\"createBy\":null,\"createTime\":null,\"updateBy\":null,\"updateTime\":null,\"id\":9,\"name\":\"宿迁市宿城区人民医院\",\"address\":\" 宿迁市宿城区宿支路120号\",\"imgUrl\":\"/502f0b182d374b1bb3bc469c0697ca0f.png\",\"contact\":\"0524-871621\"}', '{\"code\":200,\"msg\":\"操作成功\",\"data\":null}', 0, '', '2024-02-20 12:20:15');
INSERT INTO `sys_oper_log` (`oper_id`, `title`, `business_type`, `method`, `request_method`, `operator_type`, `oper_name`, `dept_name`, `oper_url`, `oper_ip`, `oper_location`, `oper_param`, `json_result`, `status`, `error_msg`, `oper_time`) VALUES (1759795815957999617, '角色管理', 2, 'com.ym.web.controller.system.SysRoleController.dataScope()', 'PUT', 1, 'admin', '研发部门', '/system/role/dataScope', '127.0.0.1', '内网IP', '{\"createBy\":\"admin\",\"createTime\":\"2024-01-18 16:52:37\",\"updateBy\":\"admin\",\"updateTime\":\"2024-02-20 12:23:12\",\"roleId\":3,\"roleName\":\"医生\",\"roleKey\":\"doctor\",\"roleSort\":3,\"dataScope\":\"1\",\"menuCheckStrictly\":true,\"deptCheckStrictly\":true,\"status\":\"0\",\"delFlag\":\"0\",\"remark\":\"医生\",\"flag\":false,\"menuIds\":null,\"deptIds\":[],\"admin\":false}', '{\"code\":200,\"msg\":\"操作成功\",\"data\":null}', 0, '', '2024-02-20 12:23:13');
INSERT INTO `sys_oper_log` (`oper_id`, `title`, `business_type`, `method`, `request_method`, `operator_type`, `oper_name`, `dept_name`, `oper_url`, `oper_ip`, `oper_location`, `oper_param`, `json_result`, `status`, `error_msg`, `oper_time`) VALUES (1759828591855845378, '角色管理', 2, 'com.ym.web.controller.system.SysRoleController.edit()', 'PUT', 1, 'admin', '研发部门', '/system/role', '127.0.0.1', '内网IP', '{\"createBy\":\"admin\",\"createTime\":\"2024-01-18 16:54:05\",\"updateBy\":\"admin\",\"updateTime\":\"2024-02-20 14:33:26\",\"roleId\":4,\"roleName\":\"接种者\",\"roleKey\":\"person\",\"roleSort\":4,\"dataScope\":\"5\",\"menuCheckStrictly\":true,\"deptCheckStrictly\":true,\"status\":\"0\",\"delFlag\":\"0\",\"remark\":\"接种者\",\"flag\":false,\"menuIds\":[6,123,124,1241,1242,1243,1244,1245,7,1261,1262,1263,1264,1265],\"deptIds\":null,\"admin\":false}', '{\"code\":200,\"msg\":\"操作成功\",\"data\":null}', 0, '', '2024-02-20 14:33:27');
INSERT INTO `sys_oper_log` (`oper_id`, `title`, `business_type`, `method`, `request_method`, `operator_type`, `oper_name`, `dept_name`, `oper_url`, `oper_ip`, `oper_location`, `oper_param`, `json_result`, `status`, `error_msg`, `oper_time`) VALUES (1759828977228496898, '角色管理', 2, 'com.ym.web.controller.system.SysRoleController.dataScope()', 'PUT', 1, 'admin', '研发部门', '/system/role/dataScope', '127.0.0.1', '内网IP', '{\"createBy\":\"admin\",\"createTime\":\"2024-01-18 16:54:05\",\"updateBy\":\"admin\",\"updateTime\":\"2024-02-20 14:34:58\",\"roleId\":4,\"roleName\":\"接种者\",\"roleKey\":\"person\",\"roleSort\":4,\"dataScope\":\"1\",\"menuCheckStrictly\":true,\"deptCheckStrictly\":true,\"status\":\"0\",\"delFlag\":\"0\",\"remark\":\"接种者\",\"flag\":false,\"menuIds\":null,\"deptIds\":[],\"admin\":false}', '{\"code\":200,\"msg\":\"操作成功\",\"data\":null}', 0, '', '2024-02-20 14:34:59');
INSERT INTO `sys_oper_log` (`oper_id`, `title`, `business_type`, `method`, `request_method`, `operator_type`, `oper_name`, `dept_name`, `oper_url`, `oper_ip`, `oper_location`, `oper_param`, `json_result`, `status`, `error_msg`, `oper_time`) VALUES (1759829062867795969, '角色管理', 2, 'com.ym.web.controller.system.SysRoleController.edit()', 'PUT', 1, 'admin', '研发部门', '/system/role', '127.0.0.1', '内网IP', '{\"createBy\":\"admin\",\"createTime\":\"2024-01-18 16:54:05\",\"updateBy\":\"admin\",\"updateTime\":\"2024-02-20 14:35:18\",\"roleId\":4,\"roleName\":\"接种者\",\"roleKey\":\"person\",\"roleSort\":4,\"dataScope\":\"1\",\"menuCheckStrictly\":true,\"deptCheckStrictly\":true,\"status\":\"0\",\"delFlag\":\"0\",\"remark\":\"接种者\",\"flag\":false,\"menuIds\":[6,123,124,1241,1242,1243,1244,1245,7,1261,1262,1263,1264,1265],\"deptIds\":null,\"admin\":false}', '{\"code\":200,\"msg\":\"操作成功\",\"data\":null}', 0, '', '2024-02-20 14:35:19');
INSERT INTO `sys_oper_log` (`oper_id`, `title`, `business_type`, `method`, `request_method`, `operator_type`, `oper_name`, `dept_name`, `oper_url`, `oper_ip`, `oper_location`, `oper_param`, `json_result`, `status`, `error_msg`, `oper_time`) VALUES (1759830253047693314, '预约', 2, 'com.ym.vaccine.controller.YmAppointController.edit()', 'PUT', 1, 'zs666', '测试部门', '/vaccine/appoint', '127.0.0.1', '内网IP', '{\"createBy\":null,\"createTime\":null,\"updateBy\":null,\"updateTime\":null,\"id\":\"1759819364013748225\",\"userId\":\"1759773699846021121\",\"appointDate\":\"2024-02-28 00:00:00\",\"timeSlot\":\"下午\",\"status\":0,\"inoculateSiteId\":10,\"vaccineId\":2,\"whichPin\":\"第一针\"}', '{\"code\":200,\"msg\":\"操作成功\",\"data\":null}', 0, '', '2024-02-20 14:40:03');
INSERT INTO `sys_oper_log` (`oper_id`, `title`, `business_type`, `method`, `request_method`, `operator_type`, `oper_name`, `dept_name`, `oper_url`, `oper_ip`, `oper_location`, `oper_param`, `json_result`, `status`, `error_msg`, `oper_time`) VALUES (1759831230798675969, '预约', 2, 'com.ym.vaccine.controller.YmAppointController.edit()', 'PUT', 1, 'zs666', '测试部门', '/vaccine/appoint', '127.0.0.1', '内网IP', '{\"createBy\":null,\"createTime\":null,\"updateBy\":null,\"updateTime\":null,\"id\":\"1759819364013748225\",\"userId\":\"1759773699846021121\",\"appointDate\":\"2024-03-13 00:00:00\",\"timeSlot\":\"下午\",\"status\":0,\"inoculateSiteId\":14,\"vaccineId\":3,\"whichPin\":\"第一针\"}', '{\"code\":200,\"msg\":\"操作成功\",\"data\":null}', 0, '', '2024-02-20 14:43:56');
INSERT INTO `sys_oper_log` (`oper_id`, `title`, `business_type`, `method`, `request_method`, `operator_type`, `oper_name`, `dept_name`, `oper_url`, `oper_ip`, `oper_location`, `oper_param`, `json_result`, `status`, `error_msg`, `oper_time`) VALUES (1759834650733494273, '预约', 2, 'com.ym.vaccine.controller.YmAppointController.edit()', 'PUT', 1, 'zs666', '测试部门', '/vaccine/appoint', '127.0.0.1', '内网IP', '{\"createBy\":null,\"createTime\":null,\"updateBy\":null,\"updateTime\":null,\"id\":\"1759833952407044097\",\"userId\":\"1759773699846021121\",\"appointDate\":\"2024-02-28 00:00:00\",\"timeSlot\":\"下午\",\"status\":0,\"inoculateSiteId\":14,\"vaccineId\":1,\"whichPin\":\"第二针\"}', '{\"code\":200,\"msg\":\"操作成功\",\"data\":null}', 0, '', '2024-02-20 14:57:32');
INSERT INTO `sys_oper_log` (`oper_id`, `title`, `business_type`, `method`, `request_method`, `operator_type`, `oper_name`, `dept_name`, `oper_url`, `oper_ip`, `oper_location`, `oper_param`, `json_result`, `status`, `error_msg`, `oper_time`) VALUES (1759834870909288449, '预约', 3, 'com.ym.vaccine.controller.YmAppointController.remove()', 'DELETE', 1, 'zs666', '测试部门', '/vaccine/appoint/1759833952407044097', '127.0.0.1', '内网IP', '{}', '{\"code\":200,\"msg\":\"操作成功\",\"data\":null}', 0, '', '2024-02-20 14:58:24');
INSERT INTO `sys_oper_log` (`oper_id`, `title`, `business_type`, `method`, `request_method`, `operator_type`, `oper_name`, `dept_name`, `oper_url`, `oper_ip`, `oper_location`, `oper_param`, `json_result`, `status`, `error_msg`, `oper_time`) VALUES (1759861777327509506, '订单管理', 3, 'com.ym.vaccine.controller.YmOrdersController.remove()', 'DELETE', 1, 'sudoctor', '测试部门', '/vaccine/orders/17', '127.0.0.1', '内网IP', '{}', '{\"code\":200,\"msg\":\"操作成功\",\"data\":null}', 0, '', '2024-02-20 16:45:19');
INSERT INTO `sys_oper_log` (`oper_id`, `title`, `business_type`, `method`, `request_method`, `operator_type`, `oper_name`, `dept_name`, `oper_url`, `oper_ip`, `oper_location`, `oper_param`, `json_result`, `status`, `error_msg`, `oper_time`) VALUES (1759863146516107265, '订单管理', 3, 'com.ym.vaccine.controller.YmOrdersController.remove()', 'DELETE', 1, 'sudoctor', '测试部门', '/vaccine/orders/11,12', '127.0.0.1', '内网IP', '{}', '{\"code\":200,\"msg\":\"操作成功\",\"data\":null}', 0, '', '2024-02-20 16:50:45');
INSERT INTO `sys_oper_log` (`oper_id`, `title`, `business_type`, `method`, `request_method`, `operator_type`, `oper_name`, `dept_name`, `oper_url`, `oper_ip`, `oper_location`, `oper_param`, `json_result`, `status`, `error_msg`, `oper_time`) VALUES (1759866324678639617, '字典类型', 1, 'com.ym.web.controller.system.SysDictTypeController.add()', 'POST', 1, 'admin', '研发部门', '/system/dict/type', '127.0.0.1', '内网IP', '{\"createBy\":\"admin\",\"createTime\":\"2024-02-20 17:03:23\",\"updateBy\":\"admin\",\"updateTime\":\"2024-02-20 17:03:23\",\"dictId\":\"1759866324263403522\",\"dictName\":\"疫苗订单状态\",\"dictType\":\"ym_order_type\",\"status\":\"0\",\"remark\":null}', '{\"code\":200,\"msg\":\"操作成功\",\"data\":null}', 0, '', '2024-02-20 17:03:23');
INSERT INTO `sys_oper_log` (`oper_id`, `title`, `business_type`, `method`, `request_method`, `operator_type`, `oper_name`, `dept_name`, `oper_url`, `oper_ip`, `oper_location`, `oper_param`, `json_result`, `status`, `error_msg`, `oper_time`) VALUES (1759866596708614146, '字典数据', 1, 'com.ym.web.controller.system.SysDictDataController.add()', 'POST', 1, 'admin', '研发部门', '/system/dict/data', '127.0.0.1', '内网IP', '{\"createBy\":\"admin\",\"createTime\":\"2024-02-20 17:04:27\",\"updateBy\":\"admin\",\"updateTime\":\"2024-02-20 17:04:27\",\"dictCode\":\"1759866596280795137\",\"dictSort\":0,\"dictLabel\":\"待支付\",\"dictValue\":\"0\",\"dictType\":\"ym_order_type\",\"cssClass\":null,\"listClass\":\"default\",\"isDefault\":null,\"status\":\"0\",\"remark\":null,\"default\":false}', '{\"code\":200,\"msg\":\"操作成功\",\"data\":null}', 0, '', '2024-02-20 17:04:28');
INSERT INTO `sys_oper_log` (`oper_id`, `title`, `business_type`, `method`, `request_method`, `operator_type`, `oper_name`, `dept_name`, `oper_url`, `oper_ip`, `oper_location`, `oper_param`, `json_result`, `status`, `error_msg`, `oper_time`) VALUES (1759867006429200386, '字典数据', 1, 'com.ym.web.controller.system.SysDictDataController.add()', 'POST', 1, 'admin', '研发部门', '/system/dict/data', '127.0.0.1', '内网IP', '{\"createBy\":\"admin\",\"createTime\":\"2024-02-20 17:06:05\",\"updateBy\":\"admin\",\"updateTime\":\"2024-02-20 17:06:05\",\"dictCode\":\"1759867005913300994\",\"dictSort\":1,\"dictLabel\":\"已支付\",\"dictValue\":\"1\",\"dictType\":\"ym_order_type\",\"cssClass\":null,\"listClass\":\"success\",\"isDefault\":null,\"status\":\"0\",\"remark\":null,\"default\":false}', '{\"code\":200,\"msg\":\"操作成功\",\"data\":null}', 0, '', '2024-02-20 17:06:06');
INSERT INTO `sys_oper_log` (`oper_id`, `title`, `business_type`, `method`, `request_method`, `operator_type`, `oper_name`, `dept_name`, `oper_url`, `oper_ip`, `oper_location`, `oper_param`, `json_result`, `status`, `error_msg`, `oper_time`) VALUES (1759867073470955522, '字典数据', 1, 'com.ym.web.controller.system.SysDictDataController.add()', 'POST', 1, 'admin', '研发部门', '/system/dict/data', '127.0.0.1', '内网IP', '{\"createBy\":\"admin\",\"createTime\":\"2024-02-20 17:06:21\",\"updateBy\":\"admin\",\"updateTime\":\"2024-02-20 17:06:21\",\"dictCode\":\"1759867072942473217\",\"dictSort\":2,\"dictLabel\":\"已取消\",\"dictValue\":\"2\",\"dictType\":\"ym_order_type\",\"cssClass\":null,\"listClass\":\"warning\",\"isDefault\":null,\"status\":\"0\",\"remark\":null,\"default\":false}', '{\"code\":200,\"msg\":\"操作成功\",\"data\":null}', 0, '', '2024-02-20 17:06:22');
INSERT INTO `sys_oper_log` (`oper_id`, `title`, `business_type`, `method`, `request_method`, `operator_type`, `oper_name`, `dept_name`, `oper_url`, `oper_ip`, `oper_location`, `oper_param`, `json_result`, `status`, `error_msg`, `oper_time`) VALUES (1759867104529776642, '字典数据', 2, 'com.ym.web.controller.system.SysDictDataController.edit()', 'PUT', 1, 'admin', '研发部门', '/system/dict/data', '127.0.0.1', '内网IP', '{\"createBy\":\"admin\",\"createTime\":\"2024-02-20 17:06:22\",\"updateBy\":\"admin\",\"updateTime\":\"2024-02-20 17:06:29\",\"dictCode\":\"1759867072942473217\",\"dictSort\":2,\"dictLabel\":\"已取消\",\"dictValue\":\"2\",\"dictType\":\"ym_order_type\",\"cssClass\":null,\"listClass\":\"danger\",\"isDefault\":\"N\",\"status\":\"0\",\"remark\":null,\"default\":false}', '{\"code\":200,\"msg\":\"操作成功\",\"data\":null}', 0, '', '2024-02-20 17:06:29');
INSERT INTO `sys_oper_log` (`oper_id`, `title`, `business_type`, `method`, `request_method`, `operator_type`, `oper_name`, `dept_name`, `oper_url`, `oper_ip`, `oper_location`, `oper_param`, `json_result`, `status`, `error_msg`, `oper_time`) VALUES (1759870308365717505, '预约', 3, 'com.ym.vaccine.controller.YmAppointController.remove()', 'DELETE', 1, 'zs666', '测试部门', '/vaccine/appoint/1759819364013748225', '127.0.0.1', '内网IP', '{}', '{\"code\":200,\"msg\":\"操作成功\",\"data\":null}', 0, '', '2024-02-20 17:19:13');
INSERT INTO `sys_oper_log` (`oper_id`, `title`, `business_type`, `method`, `request_method`, `operator_type`, `oper_name`, `dept_name`, `oper_url`, `oper_ip`, `oper_location`, `oper_param`, `json_result`, `status`, `error_msg`, `oper_time`) VALUES (1759870319015055362, '预约', 3, 'com.ym.vaccine.controller.YmAppointController.remove()', 'DELETE', 1, 'zs666', '测试部门', '/vaccine/appoint/1759853604692611073', '127.0.0.1', '内网IP', '{}', '{\"code\":200,\"msg\":\"操作成功\",\"data\":null}', 0, '', '2024-02-20 17:19:16');
INSERT INTO `sys_oper_log` (`oper_id`, `title`, `business_type`, `method`, `request_method`, `operator_type`, `oper_name`, `dept_name`, `oper_url`, `oper_ip`, `oper_location`, `oper_param`, `json_result`, `status`, `error_msg`, `oper_time`) VALUES (1759917064730263553, '订单管理', 3, 'com.ym.vaccine.controller.YmOrdersController.remove()', 'DELETE', 1, 'sudoctor', '测试部门', '/vaccine/orders/1759870344692584450,1759913761883652098', '127.0.0.1', '内网IP', '{}', '{\"code\":200,\"msg\":\"操作成功\",\"data\":null}', 0, '', '2024-02-20 20:25:01');
INSERT INTO `sys_oper_log` (`oper_id`, `title`, `business_type`, `method`, `request_method`, `operator_type`, `oper_name`, `dept_name`, `oper_url`, `oper_ip`, `oper_location`, `oper_param`, `json_result`, `status`, `error_msg`, `oper_time`) VALUES (1759917137694375937, '订单管理', 3, 'com.ym.vaccine.controller.YmOrdersController.remove()', 'DELETE', 1, 'sudoctor', '测试部门', '/vaccine/orders/1759916997881446402,1759917011026395137', '127.0.0.1', '内网IP', '{}', '{\"code\":200,\"msg\":\"操作成功\",\"data\":null}', 0, '', '2024-02-20 20:25:18');
INSERT INTO `sys_oper_log` (`oper_id`, `title`, `business_type`, `method`, `request_method`, `operator_type`, `oper_name`, `dept_name`, `oper_url`, `oper_ip`, `oper_location`, `oper_param`, `json_result`, `status`, `error_msg`, `oper_time`) VALUES (1759917181810065409, '预约', 3, 'com.ym.vaccine.controller.YmAppointController.remove()', 'DELETE', 1, 'zs666', '测试部门', '/vaccine/appoint/1759870260944916482', '127.0.0.1', '内网IP', '{}', '{\"code\":200,\"msg\":\"操作成功\",\"data\":null}', 0, '', '2024-02-20 20:25:28');
INSERT INTO `sys_oper_log` (`oper_id`, `title`, `business_type`, `method`, `request_method`, `operator_type`, `oper_name`, `dept_name`, `oper_url`, `oper_ip`, `oper_location`, `oper_param`, `json_result`, `status`, `error_msg`, `oper_time`) VALUES (1759917194418143234, '预约', 3, 'com.ym.vaccine.controller.YmAppointController.remove()', 'DELETE', 1, 'zs666', '测试部门', '/vaccine/appoint/1759913705327656961', '127.0.0.1', '内网IP', '{}', '{\"code\":200,\"msg\":\"操作成功\",\"data\":null}', 0, '', '2024-02-20 20:25:31');
INSERT INTO `sys_oper_log` (`oper_id`, `title`, `business_type`, `method`, `request_method`, `operator_type`, `oper_name`, `dept_name`, `oper_url`, `oper_ip`, `oper_location`, `oper_param`, `json_result`, `status`, `error_msg`, `oper_time`) VALUES (1759931272008101890, '菜单管理', 2, 'com.ym.web.controller.system.SysMenuController.edit()', 'PUT', 1, 'admin', '研发部门', '/system/menu', '127.0.0.1', '内网IP', '{\"createBy\":\"admin\",\"createTime\":\"2024-01-17 18:21:29\",\"updateBy\":\"admin\",\"updateTime\":\"2024-02-20 21:21:27\",\"parentName\":null,\"parentId\":0,\"children\":[],\"menuId\":9,\"menuName\":\"接种记录管理\",\"orderNum\":9,\"path\":\"inoculates\",\"component\":\"vaccine/inoculates/index\",\"queryParam\":\"\",\"isFrame\":\"1\",\"isCache\":\"0\",\"menuType\":\"C\",\"visible\":\"0\",\"status\":\"0\",\"perms\":\"\",\"icon\":\"people\",\"remark\":\"总接种记录\"}', '{\"code\":200,\"msg\":\"操作成功\",\"data\":null}', 0, '', '2024-02-20 21:21:28');
INSERT INTO `sys_oper_log` (`oper_id`, `title`, `business_type`, `method`, `request_method`, `operator_type`, `oper_name`, `dept_name`, `oper_url`, `oper_ip`, `oper_location`, `oper_param`, `json_result`, `status`, `error_msg`, `oper_time`) VALUES (1759931360184954882, '菜单管理', 2, 'com.ym.web.controller.system.SysMenuController.edit()', 'PUT', 1, 'admin', '研发部门', '/system/menu', '127.0.0.1', '内网IP', '{\"createBy\":\"admin\",\"createTime\":\"2024-01-17 18:21:29\",\"updateBy\":\"admin\",\"updateTime\":\"2024-02-20 21:21:48\",\"parentName\":null,\"parentId\":0,\"children\":[],\"menuId\":9,\"menuName\":\"接种记录管理\",\"orderNum\":9,\"path\":\"inoculates\",\"component\":\"vaccine/inoculates/index\",\"queryParam\":\"\",\"isFrame\":\"1\",\"isCache\":\"0\",\"menuType\":\"C\",\"visible\":\"0\",\"status\":\"0\",\"perms\":\"\",\"icon\":\"chart\",\"remark\":\"总接种记录\"}', '{\"code\":200,\"msg\":\"操作成功\",\"data\":null}', 0, '', '2024-02-20 21:21:49');
INSERT INTO `sys_oper_log` (`oper_id`, `title`, `business_type`, `method`, `request_method`, `operator_type`, `oper_name`, `dept_name`, `oper_url`, `oper_ip`, `oper_location`, `oper_param`, `json_result`, `status`, `error_msg`, `oper_time`) VALUES (1759931815338242049, '菜单管理', 2, 'com.ym.web.controller.system.SysMenuController.edit()', 'PUT', 1, 'admin', '研发部门', '/system/menu', '127.0.0.1', '内网IP', '{\"createBy\":\"admin\",\"createTime\":\"2024-01-17 18:21:29\",\"updateBy\":\"admin\",\"updateTime\":\"2024-02-20 21:23:37\",\"parentName\":null,\"parentId\":0,\"children\":[],\"menuId\":7,\"menuName\":\"个人接种记录\",\"orderNum\":6,\"path\":\"inoculate\",\"component\":\"vaccine/inoculate/index\",\"queryParam\":\"\",\"isFrame\":\"1\",\"isCache\":\"0\",\"menuType\":\"C\",\"visible\":\"0\",\"status\":\"0\",\"perms\":\"vaccine:inoculate:list\",\"icon\":\"people\",\"remark\":\"疫苗接种记录菜单\"}', '{\"code\":200,\"msg\":\"操作成功\",\"data\":null}', 0, '', '2024-02-20 21:23:37');
INSERT INTO `sys_oper_log` (`oper_id`, `title`, `business_type`, `method`, `request_method`, `operator_type`, `oper_name`, `dept_name`, `oper_url`, `oper_ip`, `oper_location`, `oper_param`, `json_result`, `status`, `error_msg`, `oper_time`) VALUES (1759931868643651585, '菜单管理', 2, 'com.ym.web.controller.system.SysMenuController.edit()', 'PUT', 1, 'admin', '研发部门', '/system/menu', '127.0.0.1', '内网IP', '{\"createBy\":\"admin\",\"createTime\":\"2024-01-17 18:21:29\",\"updateBy\":\"admin\",\"updateTime\":\"2024-02-20 21:23:50\",\"parentName\":null,\"parentId\":0,\"children\":[],\"menuId\":9,\"menuName\":\"接种记录汇总\",\"orderNum\":9,\"path\":\"inoculates\",\"component\":\"vaccine/inoculates/index\",\"queryParam\":\"\",\"isFrame\":\"1\",\"isCache\":\"0\",\"menuType\":\"C\",\"visible\":\"0\",\"status\":\"0\",\"perms\":\"\",\"icon\":\"chart\",\"remark\":\"总接种记录\"}', '{\"code\":200,\"msg\":\"操作成功\",\"data\":null}', 0, '', '2024-02-20 21:23:50');
INSERT INTO `sys_oper_log` (`oper_id`, `title`, `business_type`, `method`, `request_method`, `operator_type`, `oper_name`, `dept_name`, `oper_url`, `oper_ip`, `oper_location`, `oper_param`, `json_result`, `status`, `error_msg`, `oper_time`) VALUES (1759931941607763969, '角色管理', 2, 'com.ym.web.controller.system.SysRoleController.edit()', 'PUT', 1, 'admin', '研发部门', '/system/role', '127.0.0.1', '内网IP', '{\"createBy\":\"admin\",\"createTime\":\"2024-01-18 16:52:37\",\"updateBy\":\"admin\",\"updateTime\":\"2024-02-20 21:24:06\",\"roleId\":3,\"roleName\":\"医生\",\"roleKey\":\"doctor\",\"roleSort\":3,\"dataScope\":\"1\",\"menuCheckStrictly\":true,\"deptCheckStrictly\":true,\"status\":\"0\",\"delFlag\":\"0\",\"remark\":\"医生\",\"flag\":false,\"menuIds\":[5,51,121,52,122,1301,1302,1303,1304,1305,53,54,55,8,1251,1252,1253,1254,1255,9,1281,1282,1283,1284,1285],\"deptIds\":null,\"admin\":false}', '{\"code\":200,\"msg\":\"操作成功\",\"data\":null}', 0, '', '2024-02-20 21:24:07');
INSERT INTO `sys_oper_log` (`oper_id`, `title`, `business_type`, `method`, `request_method`, `operator_type`, `oper_name`, `dept_name`, `oper_url`, `oper_ip`, `oper_location`, `oper_param`, `json_result`, `status`, `error_msg`, `oper_time`) VALUES (1760206651432198145, '参数管理', 2, 'com.ym.web.controller.system.SysConfigController.edit()', 'PUT', 1, 'admin', '研发部门', '/system/config', '127.0.0.1', '内网IP', '{\"createBy\":\"admin\",\"createTime\":\"2024-01-17 17:51:55\",\"updateBy\":\"admin\",\"updateTime\":\"2024-02-21 15:35:43\",\"configId\":5,\"configName\":\"账号自助-是否开启用户注册功能\",\"configKey\":\"sys.account.registerUser\",\"configValue\":\"true\",\"configType\":\"Y\",\"remark\":\"是否开启注册用户功能（true开启，false关闭）\"}', '{\"code\":200,\"msg\":\"操作成功\",\"data\":null}', 0, '', '2024-02-21 15:35:43');
INSERT INTO `sys_oper_log` (`oper_id`, `title`, `business_type`, `method`, `request_method`, `operator_type`, `oper_name`, `dept_name`, `oper_url`, `oper_ip`, `oper_location`, `oper_param`, `json_result`, `status`, `error_msg`, `oper_time`) VALUES (1760206660022132737, '参数管理', 9, 'com.ym.web.controller.system.SysConfigController.refreshCache()', 'DELETE', 1, 'admin', '研发部门', '/system/config/refreshCache', '127.0.0.1', '内网IP', '{}', '{\"code\":200,\"msg\":\"操作成功\",\"data\":null}', 0, '', '2024-02-21 15:35:45');
INSERT INTO `sys_oper_log` (`oper_id`, `title`, `business_type`, `method`, `request_method`, `operator_type`, `oper_name`, `dept_name`, `oper_url`, `oper_ip`, `oper_location`, `oper_param`, `json_result`, `status`, `error_msg`, `oper_time`) VALUES (1760207009256660994, '菜单管理', 2, 'com.ym.web.controller.system.SysMenuController.edit()', 'PUT', 1, 'admin', '研发部门', '/system/menu', '127.0.0.1', '内网IP', '{\"createBy\":\"admin\",\"createTime\":\"2024-01-17 17:51:53\",\"updateBy\":\"admin\",\"updateTime\":\"2024-02-21 15:37:08\",\"parentName\":null,\"parentId\":0,\"children\":[],\"menuId\":2,\"menuName\":\"系统监控\",\"orderNum\":7,\"path\":\"monitor\",\"component\":null,\"queryParam\":\"\",\"isFrame\":\"1\",\"isCache\":\"0\",\"menuType\":\"M\",\"visible\":\"1\",\"status\":\"0\",\"perms\":\"\",\"icon\":\"monitor\",\"remark\":\"系统监控目录\"}', '{\"code\":200,\"msg\":\"操作成功\",\"data\":null}', 0, '', '2024-02-21 15:37:09');
INSERT INTO `sys_oper_log` (`oper_id`, `title`, `business_type`, `method`, `request_method`, `operator_type`, `oper_name`, `dept_name`, `oper_url`, `oper_ip`, `oper_location`, `oper_param`, `json_result`, `status`, `error_msg`, `oper_time`) VALUES (1760209551600476161, '用户管理', 4, 'com.ym.web.controller.system.SysUserController.insertAuthRole()', 'PUT', 1, 'admin', '研发部门', '/system/user/authRole', '127.0.0.1', '内网IP', '{\"roleIds\":\"4,3\",\"userId\":\"1760207253503565826\"}', '{\"code\":200,\"msg\":\"操作成功\",\"data\":null}', 0, '', '2024-02-21 15:47:15');
INSERT INTO `sys_oper_log` (`oper_id`, `title`, `business_type`, `method`, `request_method`, `operator_type`, `oper_name`, `dept_name`, `oper_url`, `oper_ip`, `oper_location`, `oper_param`, `json_result`, `status`, `error_msg`, `oper_time`) VALUES (1760210006921535490, '用户管理', 2, 'com.ym.web.controller.system.SysUserController.edit()', 'PUT', 1, 'admin', '研发部门', '/system/user', '127.0.0.1', '内网IP', '{\"createBy\":\"ww123\",\"createTime\":\"2024-02-21 15:38:07\",\"updateBy\":\"admin\",\"updateTime\":\"2024-02-21 15:49:03\",\"userId\":\"1760207253503565826\",\"deptId\":105,\"userName\":\"ww123\",\"nickName\":\"ww123\",\"userType\":\"sys_user\",\"email\":\"\",\"phonenumber\":\"\",\"sex\":\"0\",\"avatar\":\"\",\"status\":\"0\",\"delFlag\":\"0\",\"loginIp\":\"127.0.0.1\",\"loginDate\":\"2024-02-21 15:38:16\",\"remark\":null,\"dept\":{\"createBy\":null,\"createTime\":null,\"updateBy\":null,\"updateTime\":null,\"parentName\":null,\"parentId\":101,\"children\":[],\"deptId\":105,\"deptName\":\"测试部门\",\"orderNum\":3,\"leader\":\"PP\",\"phone\":null,\"email\":null,\"status\":\"0\",\"delFlag\":null,\"ancestors\":\"0,100,101\"},\"roles\":[{\"createBy\":null,\"createTime\":null,\"updateBy\":null,\"updateTime\":null,\"roleId\":3,\"roleName\":\"医生\",\"roleKey\":\"doctor\",\"roleSort\":3,\"dataScope\":\"1\",\"menuCheckStrictly\":null,\"deptCheckStrictly\":null,\"status\":\"0\",\"delFlag\":null,\"remark\":null,\"flag\":false,\"menuIds\":null,\"deptIds\":null,\"admin\":false},{\"createBy\":null,\"createTime\":null,\"updateBy\":null,\"updateTime\":null,\"roleId\":4,\"roleName\":\"接种者\",\"roleKey\":\"person\",\"roleSort\":4,\"dataScope\":\"1\",\"menuCheckStrictly\":null,\"deptCheckStrictly\":null,\"status\":\"0\",\"delFlag\":null,\"remark\":null,\"flag\":false,\"menuIds\":null,\"deptIds\":null,\"admin\":false}],\"roleIds\":[4],\"postIds\":[],\"roleId\":null,\"admin\":false}', '{\"code\":200,\"msg\":\"操作成功\",\"data\":null}', 0, '', '2024-02-21 15:49:03');
INSERT INTO `sys_oper_log` (`oper_id`, `title`, `business_type`, `method`, `request_method`, `operator_type`, `oper_name`, `dept_name`, `oper_url`, `oper_ip`, `oper_location`, `oper_param`, `json_result`, `status`, `error_msg`, `oper_time`) VALUES (1760210311151181826, '个人信息', 2, 'com.ym.web.controller.system.SysProfileController.updateProfile()', 'PUT', 1, 'ww123', '测试部门', '/system/user/profile', '127.0.0.1', '内网IP', '{\"createBy\":\"ww123\",\"createTime\":\"2024-02-21 15:38:07\",\"updateBy\":\"ww123\",\"updateTime\":\"2024-02-21 15:50:15\",\"userId\":\"1760207253503565826\",\"deptId\":null,\"userName\":null,\"nickName\":\"测试1\",\"userType\":\"sys_user\",\"email\":\"t***@123.com\",\"phonenumber\":\"156****4190\",\"sex\":\"0\",\"avatar\":null,\"status\":\"0\",\"delFlag\":\"0\",\"loginIp\":\"127.0.0.1\",\"loginDate\":\"2024-02-21 15:49:31\",\"remark\":null,\"dept\":{\"createBy\":null,\"createTime\":null,\"updateBy\":null,\"updateTime\":null,\"parentName\":null,\"parentId\":101,\"children\":[],\"deptId\":105,\"deptName\":\"测试部门\",\"orderNum\":3,\"leader\":\"PP\",\"phone\":null,\"email\":null,\"status\":\"0\",\"delFlag\":null,\"ancestors\":\"0,100,101\"},\"roles\":[{\"createBy\":null,\"createTime\":null,\"updateBy\":null,\"updateTime\":null,\"roleId\":4,\"roleName\":\"接种者\",\"roleKey\":\"person\",\"roleSort\":4,\"dataScope\":\"1\",\"menuCheckStrictly\":null,\"deptCheckStrictly\":null,\"status\":\"0\",\"delFlag\":null,\"remark\":null,\"flag\":false,\"menuIds\":null,\"deptIds\":null,\"admin\":false}],\"roleIds\":null,\"postIds\":null,\"roleId\":null,\"admin\":false}', '{\"code\":200,\"msg\":\"操作成功\",\"data\":null}', 0, '', '2024-02-21 15:50:16');
INSERT INTO `sys_oper_log` (`oper_id`, `title`, `business_type`, `method`, `request_method`, `operator_type`, `oper_name`, `dept_name`, `oper_url`, `oper_ip`, `oper_location`, `oper_param`, `json_result`, `status`, `error_msg`, `oper_time`) VALUES (1760211180168962050, '个人信息', 2, 'com.ym.web.controller.system.SysProfileController.updateProfile()', 'PUT', 1, 'test123', '', '/system/user/profile', '127.0.0.1', '内网IP', '{\"createBy\":\"test123\",\"createTime\":\"2024-02-21 15:52:37\",\"updateBy\":null,\"updateTime\":null,\"userId\":\"1760210902942244866\",\"deptId\":null,\"userName\":\"test123\",\"nickName\":\"王五\",\"userType\":\"sys_user\",\"email\":\"w*@pp.com\",\"phonenumber\":\"156****4190\",\"sex\":\"0\",\"avatar\":\"\",\"status\":\"0\",\"delFlag\":\"0\",\"loginIp\":\"127.0.0.1\",\"loginDate\":\"2024-02-21 15:53:13\",\"remark\":null,\"dept\":null,\"roles\":[{\"createBy\":null,\"createTime\":null,\"updateBy\":null,\"updateTime\":null,\"roleId\":4,\"roleName\":\"接种者\",\"roleKey\":\"person\",\"roleSort\":4,\"dataScope\":\"1\",\"menuCheckStrictly\":null,\"deptCheckStrictly\":null,\"status\":\"0\",\"delFlag\":null,\"remark\":null,\"flag\":false,\"menuIds\":null,\"deptIds\":null,\"admin\":false}],\"roleIds\":null,\"postIds\":null,\"roleId\":null,\"admin\":false}', '{\"code\":500,\"msg\":\"修改用户\'test123\'失败，手机号码已存在\",\"data\":null}', 0, '', '2024-02-21 15:53:43');
COMMIT;

-- ----------------------------
-- Table structure for sys_oss
-- ----------------------------
DROP TABLE IF EXISTS `sys_oss`;
CREATE TABLE `sys_oss` (
  `oss_id` bigint NOT NULL COMMENT '对象存储主键',
  `file_name` varchar(255) COLLATE utf8mb4_general_ci NOT NULL DEFAULT '' COMMENT '文件名',
  `original_name` varchar(255) COLLATE utf8mb4_general_ci NOT NULL DEFAULT '' COMMENT '原名',
  `file_suffix` varchar(10) COLLATE utf8mb4_general_ci NOT NULL DEFAULT '' COMMENT '文件后缀名',
  `url` varchar(500) COLLATE utf8mb4_general_ci NOT NULL COMMENT 'URL地址',
  `create_time` datetime DEFAULT NULL COMMENT '创建时间',
  `create_by` varchar(64) COLLATE utf8mb4_general_ci DEFAULT '' COMMENT '上传人',
  `update_time` datetime DEFAULT NULL COMMENT '更新时间',
  `update_by` varchar(64) COLLATE utf8mb4_general_ci DEFAULT '' COMMENT '更新人',
  `service` varchar(20) COLLATE utf8mb4_general_ci NOT NULL DEFAULT 'minio' COMMENT '服务商',
  PRIMARY KEY (`oss_id`)
) ENGINE=InnoDB DEFAULT CHARSET=utf8mb4 COLLATE=utf8mb4_general_ci COMMENT='OSS对象存储表';

-- ----------------------------
-- Records of sys_oss
-- ----------------------------
BEGIN;
INSERT INTO `sys_oss` (`oss_id`, `file_name`, `original_name`, `file_suffix`, `url`, `create_time`, `create_by`, `update_time`, `update_by`, `service`) VALUES (1750402245975175169, '2024/01/25/8e36f518c69e407f8d51467a33dd410e.png', '概览图.png', '.png', 'http://43.142.255.148:9000/ym2024/2024/01/25/8e36f518c69e407f8d51467a33dd410e.png', '2024-01-25 14:16:31', 'admin', '2024-01-25 14:16:31', 'admin', 'minio');
INSERT INTO `sys_oss` (`oss_id`, `file_name`, `original_name`, `file_suffix`, `url`, `create_time`, `create_by`, `update_time`, `update_by`, `service`) VALUES (1750404459695214594, '2024/01/25/4708bc310b994a22baa66f1da9750d68.jpg', 'login-background.jpg', '.jpg', 'http://43.142.255.148:9000/ym2024/2024/01/25/4708bc310b994a22baa66f1da9750d68.jpg', '2024-01-25 14:25:19', 'admin', '2024-01-25 14:25:19', 'admin', 'minio');
INSERT INTO `sys_oss` (`oss_id`, `file_name`, `original_name`, `file_suffix`, `url`, `create_time`, `create_by`, `update_time`, `update_by`, `service`) VALUES (1750404573172109314, '2024/01/25/376fdcb664db4dccb054e538a418db8f.png', 'avatar.png', '.png', 'http://43.142.255.148:9000/ym2024/2024/01/25/376fdcb664db4dccb054e538a418db8f.png', '2024-01-25 14:25:46', 'admin', '2024-01-25 14:25:46', 'admin', 'minio');
INSERT INTO `sys_oss` (`oss_id`, `file_name`, `original_name`, `file_suffix`, `url`, `create_time`, `create_by`, `update_time`, `update_by`, `service`) VALUES (1750409966921244673, 'image/2024/01/25/01f24cb1e44e4ee5b95ecd984b2359c9.png', 'app_icon.png', '.png', 'http://43.142.255.148:9000/ym2024/image/2024/01/25/01f24cb1e44e4ee5b95ecd984b2359c9.png', '2024-01-25 14:47:12', 'admin', '2024-01-25 14:47:12', 'admin', 'image');
COMMIT;

-- ----------------------------
-- Table structure for sys_oss_config
-- ----------------------------
DROP TABLE IF EXISTS `sys_oss_config`;
CREATE TABLE `sys_oss_config` (
  `oss_config_id` bigint NOT NULL COMMENT '主建',
  `config_key` varchar(20) COLLATE utf8mb4_general_ci NOT NULL DEFAULT '' COMMENT '配置key',
  `access_key` varchar(255) COLLATE utf8mb4_general_ci DEFAULT '' COMMENT 'accessKey',
  `secret_key` varchar(255) COLLATE utf8mb4_general_ci DEFAULT '' COMMENT '秘钥',
  `bucket_name` varchar(255) COLLATE utf8mb4_general_ci DEFAULT '' COMMENT '桶名称',
  `prefix` varchar(255) COLLATE utf8mb4_general_ci DEFAULT '' COMMENT '前缀',
  `endpoint` varchar(255) COLLATE utf8mb4_general_ci DEFAULT '' COMMENT '访问站点',
  `domain` varchar(255) COLLATE utf8mb4_general_ci DEFAULT '' COMMENT '自定义域名',
  `is_https` char(1) COLLATE utf8mb4_general_ci DEFAULT 'N' COMMENT '是否https（Y=是,N=否）',
  `region` varchar(255) COLLATE utf8mb4_general_ci DEFAULT '' COMMENT '域',
  `access_policy` char(1) COLLATE utf8mb4_general_ci NOT NULL DEFAULT '1' COMMENT '桶权限类型(0=private 1=public 2=custom)',
  `status` char(1) COLLATE utf8mb4_general_ci DEFAULT '1' COMMENT '是否默认（0=是,1=否）',
  `ext1` varchar(255) COLLATE utf8mb4_general_ci DEFAULT '' COMMENT '扩展字段',
  `create_by` varchar(64) COLLATE utf8mb4_general_ci DEFAULT '' COMMENT '创建者',
  `create_time` datetime DEFAULT NULL COMMENT '创建时间',
  `update_by` varchar(64) COLLATE utf8mb4_general_ci DEFAULT '' COMMENT '更新者',
  `update_time` datetime DEFAULT NULL COMMENT '更新时间',
  `remark` varchar(500) COLLATE utf8mb4_general_ci DEFAULT NULL COMMENT '备注',
  PRIMARY KEY (`oss_config_id`)
) ENGINE=InnoDB DEFAULT CHARSET=utf8mb4 COLLATE=utf8mb4_general_ci COMMENT='对象存储配置表';

-- ----------------------------
-- Records of sys_oss_config
-- ----------------------------
BEGIN;
INSERT INTO `sys_oss_config` (`oss_config_id`, `config_key`, `access_key`, `secret_key`, `bucket_name`, `prefix`, `endpoint`, `domain`, `is_https`, `region`, `access_policy`, `status`, `ext1`, `create_by`, `create_time`, `update_by`, `update_time`, `remark`) VALUES (1, 'minio', 'zSuMCn1uIFHQ1Y8Qvgre', 'IqWgmFaAI6VN8P4mzrdZKvWtyUgm6vkIRY0Othcz', 'ym2024', '', '43.142.255.148:9000', '', 'N', '', '1', '1', '', 'admin', '2024-01-17 17:51:56', 'admin', '2024-01-25 14:16:23', '');
INSERT INTO `sys_oss_config` (`oss_config_id`, `config_key`, `access_key`, `secret_key`, `bucket_name`, `prefix`, `endpoint`, `domain`, `is_https`, `region`, `access_policy`, `status`, `ext1`, `create_by`, `create_time`, `update_by`, `update_time`, `remark`) VALUES (2, 'qiniu', 'XXXXXXXXXXXXXXX', 'XXXXXXXXXXXXXXX', 'ym', '', 's3-cn-north-1.qiniucs.com', '', 'N', '', '1', '1', '', 'admin', '2024-01-17 17:51:56', 'admin', '2024-01-17 17:51:56', NULL);
INSERT INTO `sys_oss_config` (`oss_config_id`, `config_key`, `access_key`, `secret_key`, `bucket_name`, `prefix`, `endpoint`, `domain`, `is_https`, `region`, `access_policy`, `status`, `ext1`, `create_by`, `create_time`, `update_by`, `update_time`, `remark`) VALUES (3, 'aliyun', 'XXXXXXXXXXXXXXX', 'XXXXXXXXXXXXXXX', 'ym', '', 'oss-cn-beijing.aliyuncs.com', '', 'N', '', '1', '1', '', 'admin', '2024-01-17 17:51:56', 'admin', '2024-01-17 17:51:56', NULL);
INSERT INTO `sys_oss_config` (`oss_config_id`, `config_key`, `access_key`, `secret_key`, `bucket_name`, `prefix`, `endpoint`, `domain`, `is_https`, `region`, `access_policy`, `status`, `ext1`, `create_by`, `create_time`, `update_by`, `update_time`, `remark`) VALUES (4, 'qcloud', 'XXXXXXXXXXXXXXX', 'XXXXXXXXXXXXXXX', 'ym-1250000000', '', 'cos.ap-beijing.myqcloud.com', '', 'N', 'ap-beijing', '1', '1', '', 'admin', '2024-01-17 17:51:56', 'admin', '2024-01-17 17:51:56', NULL);
INSERT INTO `sys_oss_config` (`oss_config_id`, `config_key`, `access_key`, `secret_key`, `bucket_name`, `prefix`, `endpoint`, `domain`, `is_https`, `region`, `access_policy`, `status`, `ext1`, `create_by`, `create_time`, `update_by`, `update_time`, `remark`) VALUES (5, 'image', 'zSuMCn1uIFHQ1Y8Qvgre', 'IqWgmFaAI6VN8P4mzrdZKvWtyUgm6vkIRY0Othcz', 'ym2024', 'image', '43.142.255.148:9000', '', 'N', '', '1', '0', '', 'admin', '2024-01-17 17:51:56', 'admin', '2024-01-25 14:28:49', '');
COMMIT;

-- ----------------------------
-- Table structure for sys_post
-- ----------------------------
DROP TABLE IF EXISTS `sys_post`;
CREATE TABLE `sys_post` (
  `post_id` bigint NOT NULL COMMENT '岗位ID',
  `post_code` varchar(64) COLLATE utf8mb4_general_ci NOT NULL COMMENT '岗位编码',
  `post_name` varchar(50) COLLATE utf8mb4_general_ci NOT NULL COMMENT '岗位名称',
  `post_sort` int NOT NULL COMMENT '显示顺序',
  `status` char(1) COLLATE utf8mb4_general_ci NOT NULL COMMENT '状态（0正常 1停用）',
  `create_by` varchar(64) COLLATE utf8mb4_general_ci DEFAULT '' COMMENT '创建者',
  `create_time` datetime DEFAULT NULL COMMENT '创建时间',
  `update_by` varchar(64) COLLATE utf8mb4_general_ci DEFAULT '' COMMENT '更新者',
  `update_time` datetime DEFAULT NULL COMMENT '更新时间',
  `remark` varchar(500) COLLATE utf8mb4_general_ci DEFAULT NULL COMMENT '备注',
  PRIMARY KEY (`post_id`)
) ENGINE=InnoDB DEFAULT CHARSET=utf8mb4 COLLATE=utf8mb4_general_ci COMMENT='岗位信息表';

-- ----------------------------
-- Records of sys_post
-- ----------------------------
BEGIN;
INSERT INTO `sys_post` (`post_id`, `post_code`, `post_name`, `post_sort`, `status`, `create_by`, `create_time`, `update_by`, `update_time`, `remark`) VALUES (1, 'ceo', '董事长', 1, '0', 'admin', '2024-01-17 17:51:52', '', NULL, '');
INSERT INTO `sys_post` (`post_id`, `post_code`, `post_name`, `post_sort`, `status`, `create_by`, `create_time`, `update_by`, `update_time`, `remark`) VALUES (2, 'se', '项目经理', 2, '0', 'admin', '2024-01-17 17:51:52', '', NULL, '');
INSERT INTO `sys_post` (`post_id`, `post_code`, `post_name`, `post_sort`, `status`, `create_by`, `create_time`, `update_by`, `update_time`, `remark`) VALUES (3, 'hr', '人力资源', 3, '0', 'admin', '2024-01-17 17:51:52', '', NULL, '');
INSERT INTO `sys_post` (`post_id`, `post_code`, `post_name`, `post_sort`, `status`, `create_by`, `create_time`, `update_by`, `update_time`, `remark`) VALUES (4, 'user', '普通员工', 4, '0', 'admin', '2024-01-17 17:51:52', '', NULL, '');
COMMIT;

-- ----------------------------
-- Table structure for sys_role
-- ----------------------------
DROP TABLE IF EXISTS `sys_role`;
CREATE TABLE `sys_role` (
  `role_id` bigint NOT NULL COMMENT '角色ID',
  `role_name` varchar(30) COLLATE utf8mb4_general_ci NOT NULL COMMENT '角色名称',
  `role_key` varchar(100) COLLATE utf8mb4_general_ci NOT NULL COMMENT '角色权限字符串',
  `role_sort` int NOT NULL COMMENT '显示顺序',
  `data_scope` char(1) COLLATE utf8mb4_general_ci DEFAULT '1' COMMENT '数据范围（1：全部数据权限 2：自定数据权限 3：本部门数据权限 4：本部门及以下数据权限）',
  `menu_check_strictly` tinyint(1) DEFAULT '1' COMMENT '菜单树选择项是否关联显示',
  `dept_check_strictly` tinyint(1) DEFAULT '1' COMMENT '部门树选择项是否关联显示',
  `status` char(1) COLLATE utf8mb4_general_ci NOT NULL COMMENT '角色状态（0正常 1停用）',
  `del_flag` char(1) COLLATE utf8mb4_general_ci DEFAULT '0' COMMENT '删除标志（0代表存在 2代表删除）',
  `create_by` varchar(64) COLLATE utf8mb4_general_ci DEFAULT '' COMMENT '创建者',
  `create_time` datetime DEFAULT NULL COMMENT '创建时间',
  `update_by` varchar(64) COLLATE utf8mb4_general_ci DEFAULT '' COMMENT '更新者',
  `update_time` datetime DEFAULT NULL COMMENT '更新时间',
  `remark` varchar(500) COLLATE utf8mb4_general_ci DEFAULT NULL COMMENT '备注',
  PRIMARY KEY (`role_id`)
) ENGINE=InnoDB DEFAULT CHARSET=utf8mb4 COLLATE=utf8mb4_general_ci COMMENT='角色信息表';

-- ----------------------------
-- Records of sys_role
-- ----------------------------
BEGIN;
INSERT INTO `sys_role` (`role_id`, `role_name`, `role_key`, `role_sort`, `data_scope`, `menu_check_strictly`, `dept_check_strictly`, `status`, `del_flag`, `create_by`, `create_time`, `update_by`, `update_time`, `remark`) VALUES (1, '超级管理员', 'admin', 1, '1', 1, 1, '0', '0', 'admin', '2024-01-17 17:51:52', '', NULL, '超级管理员');
INSERT INTO `sys_role` (`role_id`, `role_name`, `role_key`, `role_sort`, `data_scope`, `menu_check_strictly`, `dept_check_strictly`, `status`, `del_flag`, `create_by`, `create_time`, `update_by`, `update_time`, `remark`) VALUES (2, '普通角色', 'common', 2, '2', 1, 1, '0', '0', 'admin', '2024-01-17 17:51:52', 'admin', '2024-01-18 16:56:30', '普通角色');
INSERT INTO `sys_role` (`role_id`, `role_name`, `role_key`, `role_sort`, `data_scope`, `menu_check_strictly`, `dept_check_strictly`, `status`, `del_flag`, `create_by`, `create_time`, `update_by`, `update_time`, `remark`) VALUES (3, '医生', 'doctor', 3, '1', 1, 1, '0', '0', 'admin', '2024-01-18 16:52:37', 'admin', '2024-02-20 21:24:07', '医生');
INSERT INTO `sys_role` (`role_id`, `role_name`, `role_key`, `role_sort`, `data_scope`, `menu_check_strictly`, `dept_check_strictly`, `status`, `del_flag`, `create_by`, `create_time`, `update_by`, `update_time`, `remark`) VALUES (4, '接种者', 'person', 4, '1', 1, 1, '0', '0', 'admin', '2024-01-18 16:54:05', 'admin', '2024-02-20 14:35:19', '接种者');
COMMIT;

-- ----------------------------
-- Table structure for sys_role_dept
-- ----------------------------
DROP TABLE IF EXISTS `sys_role_dept`;
CREATE TABLE `sys_role_dept` (
  `role_id` bigint NOT NULL COMMENT '角色ID',
  `dept_id` bigint NOT NULL COMMENT '部门ID',
  PRIMARY KEY (`role_id`,`dept_id`)
) ENGINE=InnoDB DEFAULT CHARSET=utf8mb4 COLLATE=utf8mb4_general_ci COMMENT='角色和部门关联表';

-- ----------------------------
-- Records of sys_role_dept
-- ----------------------------
BEGIN;
INSERT INTO `sys_role_dept` (`role_id`, `dept_id`) VALUES (2, 100);
INSERT INTO `sys_role_dept` (`role_id`, `dept_id`) VALUES (2, 101);
INSERT INTO `sys_role_dept` (`role_id`, `dept_id`) VALUES (2, 105);
COMMIT;

-- ----------------------------
-- Table structure for sys_role_menu
-- ----------------------------
DROP TABLE IF EXISTS `sys_role_menu`;
CREATE TABLE `sys_role_menu` (
  `role_id` bigint NOT NULL COMMENT '角色ID',
  `menu_id` bigint NOT NULL COMMENT '菜单ID',
  PRIMARY KEY (`role_id`,`menu_id`)
) ENGINE=InnoDB DEFAULT CHARSET=utf8mb4 COLLATE=utf8mb4_general_ci COMMENT='角色和菜单关联表';

-- ----------------------------
-- Records of sys_role_menu
-- ----------------------------
BEGIN;
INSERT INTO `sys_role_menu` (`role_id`, `menu_id`) VALUES (2, 1);
INSERT INTO `sys_role_menu` (`role_id`, `menu_id`) VALUES (2, 2);
INSERT INTO `sys_role_menu` (`role_id`, `menu_id`) VALUES (2, 3);
INSERT INTO `sys_role_menu` (`role_id`, `menu_id`) VALUES (2, 100);
INSERT INTO `sys_role_menu` (`role_id`, `menu_id`) VALUES (2, 101);
INSERT INTO `sys_role_menu` (`role_id`, `menu_id`) VALUES (2, 102);
INSERT INTO `sys_role_menu` (`role_id`, `menu_id`) VALUES (2, 103);
INSERT INTO `sys_role_menu` (`role_id`, `menu_id`) VALUES (2, 104);
INSERT INTO `sys_role_menu` (`role_id`, `menu_id`) VALUES (2, 105);
INSERT INTO `sys_role_menu` (`role_id`, `menu_id`) VALUES (2, 106);
INSERT INTO `sys_role_menu` (`role_id`, `menu_id`) VALUES (2, 107);
INSERT INTO `sys_role_menu` (`role_id`, `menu_id`) VALUES (2, 108);
INSERT INTO `sys_role_menu` (`role_id`, `menu_id`) VALUES (2, 109);
INSERT INTO `sys_role_menu` (`role_id`, `menu_id`) VALUES (2, 112);
INSERT INTO `sys_role_menu` (`role_id`, `menu_id`) VALUES (2, 113);
INSERT INTO `sys_role_menu` (`role_id`, `menu_id`) VALUES (2, 114);
INSERT INTO `sys_role_menu` (`role_id`, `menu_id`) VALUES (2, 115);
INSERT INTO `sys_role_menu` (`role_id`, `menu_id`) VALUES (2, 500);
INSERT INTO `sys_role_menu` (`role_id`, `menu_id`) VALUES (2, 501);
INSERT INTO `sys_role_menu` (`role_id`, `menu_id`) VALUES (2, 1001);
INSERT INTO `sys_role_menu` (`role_id`, `menu_id`) VALUES (2, 1002);
INSERT INTO `sys_role_menu` (`role_id`, `menu_id`) VALUES (2, 1003);
INSERT INTO `sys_role_menu` (`role_id`, `menu_id`) VALUES (2, 1004);
INSERT INTO `sys_role_menu` (`role_id`, `menu_id`) VALUES (2, 1005);
INSERT INTO `sys_role_menu` (`role_id`, `menu_id`) VALUES (2, 1006);
INSERT INTO `sys_role_menu` (`role_id`, `menu_id`) VALUES (2, 1007);
INSERT INTO `sys_role_menu` (`role_id`, `menu_id`) VALUES (2, 1008);
INSERT INTO `sys_role_menu` (`role_id`, `menu_id`) VALUES (2, 1009);
INSERT INTO `sys_role_menu` (`role_id`, `menu_id`) VALUES (2, 1010);
INSERT INTO `sys_role_menu` (`role_id`, `menu_id`) VALUES (2, 1011);
INSERT INTO `sys_role_menu` (`role_id`, `menu_id`) VALUES (2, 1012);
INSERT INTO `sys_role_menu` (`role_id`, `menu_id`) VALUES (2, 1013);
INSERT INTO `sys_role_menu` (`role_id`, `menu_id`) VALUES (2, 1014);
INSERT INTO `sys_role_menu` (`role_id`, `menu_id`) VALUES (2, 1015);
INSERT INTO `sys_role_menu` (`role_id`, `menu_id`) VALUES (2, 1016);
INSERT INTO `sys_role_menu` (`role_id`, `menu_id`) VALUES (2, 1017);
INSERT INTO `sys_role_menu` (`role_id`, `menu_id`) VALUES (2, 1018);
INSERT INTO `sys_role_menu` (`role_id`, `menu_id`) VALUES (2, 1019);
INSERT INTO `sys_role_menu` (`role_id`, `menu_id`) VALUES (2, 1020);
INSERT INTO `sys_role_menu` (`role_id`, `menu_id`) VALUES (2, 1021);
INSERT INTO `sys_role_menu` (`role_id`, `menu_id`) VALUES (2, 1022);
INSERT INTO `sys_role_menu` (`role_id`, `menu_id`) VALUES (2, 1023);
INSERT INTO `sys_role_menu` (`role_id`, `menu_id`) VALUES (2, 1024);
INSERT INTO `sys_role_menu` (`role_id`, `menu_id`) VALUES (2, 1025);
INSERT INTO `sys_role_menu` (`role_id`, `menu_id`) VALUES (2, 1026);
INSERT INTO `sys_role_menu` (`role_id`, `menu_id`) VALUES (2, 1027);
INSERT INTO `sys_role_menu` (`role_id`, `menu_id`) VALUES (2, 1028);
INSERT INTO `sys_role_menu` (`role_id`, `menu_id`) VALUES (2, 1029);
INSERT INTO `sys_role_menu` (`role_id`, `menu_id`) VALUES (2, 1030);
INSERT INTO `sys_role_menu` (`role_id`, `menu_id`) VALUES (2, 1031);
INSERT INTO `sys_role_menu` (`role_id`, `menu_id`) VALUES (2, 1032);
INSERT INTO `sys_role_menu` (`role_id`, `menu_id`) VALUES (2, 1033);
INSERT INTO `sys_role_menu` (`role_id`, `menu_id`) VALUES (2, 1034);
INSERT INTO `sys_role_menu` (`role_id`, `menu_id`) VALUES (2, 1035);
INSERT INTO `sys_role_menu` (`role_id`, `menu_id`) VALUES (2, 1036);
INSERT INTO `sys_role_menu` (`role_id`, `menu_id`) VALUES (2, 1037);
INSERT INTO `sys_role_menu` (`role_id`, `menu_id`) VALUES (2, 1038);
INSERT INTO `sys_role_menu` (`role_id`, `menu_id`) VALUES (2, 1039);
INSERT INTO `sys_role_menu` (`role_id`, `menu_id`) VALUES (2, 1040);
INSERT INTO `sys_role_menu` (`role_id`, `menu_id`) VALUES (2, 1041);
INSERT INTO `sys_role_menu` (`role_id`, `menu_id`) VALUES (2, 1042);
INSERT INTO `sys_role_menu` (`role_id`, `menu_id`) VALUES (2, 1043);
INSERT INTO `sys_role_menu` (`role_id`, `menu_id`) VALUES (2, 1044);
INSERT INTO `sys_role_menu` (`role_id`, `menu_id`) VALUES (2, 1045);
INSERT INTO `sys_role_menu` (`role_id`, `menu_id`) VALUES (2, 1046);
INSERT INTO `sys_role_menu` (`role_id`, `menu_id`) VALUES (2, 1047);
INSERT INTO `sys_role_menu` (`role_id`, `menu_id`) VALUES (2, 1048);
INSERT INTO `sys_role_menu` (`role_id`, `menu_id`) VALUES (2, 1050);
INSERT INTO `sys_role_menu` (`role_id`, `menu_id`) VALUES (2, 1055);
INSERT INTO `sys_role_menu` (`role_id`, `menu_id`) VALUES (2, 1056);
INSERT INTO `sys_role_menu` (`role_id`, `menu_id`) VALUES (2, 1057);
INSERT INTO `sys_role_menu` (`role_id`, `menu_id`) VALUES (2, 1058);
INSERT INTO `sys_role_menu` (`role_id`, `menu_id`) VALUES (2, 1059);
INSERT INTO `sys_role_menu` (`role_id`, `menu_id`) VALUES (2, 1060);
INSERT INTO `sys_role_menu` (`role_id`, `menu_id`) VALUES (3, 5);
INSERT INTO `sys_role_menu` (`role_id`, `menu_id`) VALUES (3, 8);
INSERT INTO `sys_role_menu` (`role_id`, `menu_id`) VALUES (3, 9);
INSERT INTO `sys_role_menu` (`role_id`, `menu_id`) VALUES (3, 51);
INSERT INTO `sys_role_menu` (`role_id`, `menu_id`) VALUES (3, 52);
INSERT INTO `sys_role_menu` (`role_id`, `menu_id`) VALUES (3, 53);
INSERT INTO `sys_role_menu` (`role_id`, `menu_id`) VALUES (3, 54);
INSERT INTO `sys_role_menu` (`role_id`, `menu_id`) VALUES (3, 55);
INSERT INTO `sys_role_menu` (`role_id`, `menu_id`) VALUES (3, 121);
INSERT INTO `sys_role_menu` (`role_id`, `menu_id`) VALUES (3, 122);
INSERT INTO `sys_role_menu` (`role_id`, `menu_id`) VALUES (3, 1251);
INSERT INTO `sys_role_menu` (`role_id`, `menu_id`) VALUES (3, 1252);
INSERT INTO `sys_role_menu` (`role_id`, `menu_id`) VALUES (3, 1253);
INSERT INTO `sys_role_menu` (`role_id`, `menu_id`) VALUES (3, 1254);
INSERT INTO `sys_role_menu` (`role_id`, `menu_id`) VALUES (3, 1255);
INSERT INTO `sys_role_menu` (`role_id`, `menu_id`) VALUES (3, 1281);
INSERT INTO `sys_role_menu` (`role_id`, `menu_id`) VALUES (3, 1282);
INSERT INTO `sys_role_menu` (`role_id`, `menu_id`) VALUES (3, 1283);
INSERT INTO `sys_role_menu` (`role_id`, `menu_id`) VALUES (3, 1284);
INSERT INTO `sys_role_menu` (`role_id`, `menu_id`) VALUES (3, 1285);
INSERT INTO `sys_role_menu` (`role_id`, `menu_id`) VALUES (3, 1301);
INSERT INTO `sys_role_menu` (`role_id`, `menu_id`) VALUES (3, 1302);
INSERT INTO `sys_role_menu` (`role_id`, `menu_id`) VALUES (3, 1303);
INSERT INTO `sys_role_menu` (`role_id`, `menu_id`) VALUES (3, 1304);
INSERT INTO `sys_role_menu` (`role_id`, `menu_id`) VALUES (3, 1305);
INSERT INTO `sys_role_menu` (`role_id`, `menu_id`) VALUES (4, 6);
INSERT INTO `sys_role_menu` (`role_id`, `menu_id`) VALUES (4, 7);
INSERT INTO `sys_role_menu` (`role_id`, `menu_id`) VALUES (4, 123);
INSERT INTO `sys_role_menu` (`role_id`, `menu_id`) VALUES (4, 124);
INSERT INTO `sys_role_menu` (`role_id`, `menu_id`) VALUES (4, 1241);
INSERT INTO `sys_role_menu` (`role_id`, `menu_id`) VALUES (4, 1242);
INSERT INTO `sys_role_menu` (`role_id`, `menu_id`) VALUES (4, 1243);
INSERT INTO `sys_role_menu` (`role_id`, `menu_id`) VALUES (4, 1244);
INSERT INTO `sys_role_menu` (`role_id`, `menu_id`) VALUES (4, 1245);
INSERT INTO `sys_role_menu` (`role_id`, `menu_id`) VALUES (4, 1261);
INSERT INTO `sys_role_menu` (`role_id`, `menu_id`) VALUES (4, 1262);
INSERT INTO `sys_role_menu` (`role_id`, `menu_id`) VALUES (4, 1263);
INSERT INTO `sys_role_menu` (`role_id`, `menu_id`) VALUES (4, 1264);
INSERT INTO `sys_role_menu` (`role_id`, `menu_id`) VALUES (4, 1265);
INSERT INTO `sys_role_menu` (`role_id`, `menu_id`) VALUES (1747904814486175745, 5);
INSERT INTO `sys_role_menu` (`role_id`, `menu_id`) VALUES (1747904814486175745, 6);
INSERT INTO `sys_role_menu` (`role_id`, `menu_id`) VALUES (1747904814486175745, 7);
INSERT INTO `sys_role_menu` (`role_id`, `menu_id`) VALUES (1747904814486175745, 121);
INSERT INTO `sys_role_menu` (`role_id`, `menu_id`) VALUES (1747904814486175745, 122);
INSERT INTO `sys_role_menu` (`role_id`, `menu_id`) VALUES (1747904814486175745, 123);
INSERT INTO `sys_role_menu` (`role_id`, `menu_id`) VALUES (1747904814486175745, 124);
INSERT INTO `sys_role_menu` (`role_id`, `menu_id`) VALUES (1747904814486175745, 1606);
INSERT INTO `sys_role_menu` (`role_id`, `menu_id`) VALUES (1747904814486175745, 1607);
INSERT INTO `sys_role_menu` (`role_id`, `menu_id`) VALUES (1747904814486175745, 1608);
INSERT INTO `sys_role_menu` (`role_id`, `menu_id`) VALUES (1747904814486175745, 1609);
INSERT INTO `sys_role_menu` (`role_id`, `menu_id`) VALUES (1747904814486175745, 1610);
INSERT INTO `sys_role_menu` (`role_id`, `menu_id`) VALUES (1747904814486175745, 1611);
INSERT INTO `sys_role_menu` (`role_id`, `menu_id`) VALUES (1747904814486175745, 1612);
INSERT INTO `sys_role_menu` (`role_id`, `menu_id`) VALUES (1747904814486175745, 1613);
INSERT INTO `sys_role_menu` (`role_id`, `menu_id`) VALUES (1747904814486175745, 1614);
INSERT INTO `sys_role_menu` (`role_id`, `menu_id`) VALUES (1747904814486175745, 1615);
INSERT INTO `sys_role_menu` (`role_id`, `menu_id`) VALUES (1747904814486175745, 1616);
INSERT INTO `sys_role_menu` (`role_id`, `menu_id`) VALUES (1747904814486175745, 1617);
INSERT INTO `sys_role_menu` (`role_id`, `menu_id`) VALUES (1747904814486175745, 1618);
INSERT INTO `sys_role_menu` (`role_id`, `menu_id`) VALUES (1747904814486175745, 1619);
INSERT INTO `sys_role_menu` (`role_id`, `menu_id`) VALUES (1747904814486175745, 1620);
INSERT INTO `sys_role_menu` (`role_id`, `menu_id`) VALUES (1747904814486175745, 1621);
INSERT INTO `sys_role_menu` (`role_id`, `menu_id`) VALUES (1747904814486175745, 1622);
INSERT INTO `sys_role_menu` (`role_id`, `menu_id`) VALUES (1747904814486175745, 1623);
INSERT INTO `sys_role_menu` (`role_id`, `menu_id`) VALUES (1747904814486175745, 1624);
INSERT INTO `sys_role_menu` (`role_id`, `menu_id`) VALUES (1747904814486175745, 1625);
INSERT INTO `sys_role_menu` (`role_id`, `menu_id`) VALUES (1747904814486175745, 1626);
INSERT INTO `sys_role_menu` (`role_id`, `menu_id`) VALUES (1747904814486175745, 1627);
INSERT INTO `sys_role_menu` (`role_id`, `menu_id`) VALUES (1747904814486175745, 1628);
INSERT INTO `sys_role_menu` (`role_id`, `menu_id`) VALUES (1747904814486175745, 1629);
INSERT INTO `sys_role_menu` (`role_id`, `menu_id`) VALUES (1747904814486175745, 1630);
INSERT INTO `sys_role_menu` (`role_id`, `menu_id`) VALUES (1747905182179835906, 5);
INSERT INTO `sys_role_menu` (`role_id`, `menu_id`) VALUES (1747905182179835906, 6);
INSERT INTO `sys_role_menu` (`role_id`, `menu_id`) VALUES (1747905182179835906, 7);
INSERT INTO `sys_role_menu` (`role_id`, `menu_id`) VALUES (1747905182179835906, 121);
INSERT INTO `sys_role_menu` (`role_id`, `menu_id`) VALUES (1747905182179835906, 122);
INSERT INTO `sys_role_menu` (`role_id`, `menu_id`) VALUES (1747905182179835906, 1606);
INSERT INTO `sys_role_menu` (`role_id`, `menu_id`) VALUES (1747905182179835906, 1611);
INSERT INTO `sys_role_menu` (`role_id`, `menu_id`) VALUES (1747905182179835906, 1621);
INSERT INTO `sys_role_menu` (`role_id`, `menu_id`) VALUES (1747905182179835906, 1622);
INSERT INTO `sys_role_menu` (`role_id`, `menu_id`) VALUES (1747905182179835906, 1623);
INSERT INTO `sys_role_menu` (`role_id`, `menu_id`) VALUES (1747905182179835906, 1626);
INSERT INTO `sys_role_menu` (`role_id`, `menu_id`) VALUES (1747905182179835906, 1627);
INSERT INTO `sys_role_menu` (`role_id`, `menu_id`) VALUES (1747905182179835906, 1628);
COMMIT;

-- ----------------------------
-- Table structure for sys_user
-- ----------------------------
DROP TABLE IF EXISTS `sys_user`;
CREATE TABLE `sys_user` (
  `user_id` bigint NOT NULL COMMENT '用户ID',
  `dept_id` bigint DEFAULT NULL COMMENT '部门ID',
  `user_name` varchar(30) COLLATE utf8mb4_general_ci NOT NULL COMMENT '用户账号',
  `nick_name` varchar(30) COLLATE utf8mb4_general_ci NOT NULL COMMENT '用户昵称',
  `user_type` varchar(10) COLLATE utf8mb4_general_ci DEFAULT 'sys_user' COMMENT '用户类型（sys_user系统用户）',
  `email` varchar(50) COLLATE utf8mb4_general_ci DEFAULT '' COMMENT '用户邮箱',
  `phonenumber` varchar(11) COLLATE utf8mb4_general_ci DEFAULT '' COMMENT '手机号码',
  `sex` char(1) COLLATE utf8mb4_general_ci DEFAULT '0' COMMENT '用户性别（0男 1女 2未知）',
  `avatar` varchar(100) COLLATE utf8mb4_general_ci DEFAULT '' COMMENT '头像地址',
  `password` varchar(100) COLLATE utf8mb4_general_ci DEFAULT '' COMMENT '密码',
  `status` char(1) COLLATE utf8mb4_general_ci DEFAULT '0' COMMENT '帐号状态（0正常 1停用）',
  `del_flag` char(1) COLLATE utf8mb4_general_ci DEFAULT '0' COMMENT '删除标志（0代表存在 2代表删除）',
  `login_ip` varchar(128) COLLATE utf8mb4_general_ci DEFAULT '' COMMENT '最后登录IP',
  `login_date` datetime DEFAULT NULL COMMENT '最后登录时间',
  `create_by` varchar(64) COLLATE utf8mb4_general_ci DEFAULT '' COMMENT '创建者',
  `create_time` datetime DEFAULT NULL COMMENT '创建时间',
  `update_by` varchar(64) COLLATE utf8mb4_general_ci DEFAULT '' COMMENT '更新者',
  `update_time` datetime DEFAULT NULL COMMENT '更新时间',
  `remark` varchar(500) COLLATE utf8mb4_general_ci DEFAULT NULL COMMENT '备注',
  PRIMARY KEY (`user_id`)
) ENGINE=InnoDB DEFAULT CHARSET=utf8mb4 COLLATE=utf8mb4_general_ci COMMENT='用户信息表';

-- ----------------------------
-- Records of sys_user
-- ----------------------------
BEGIN;
INSERT INTO `sys_user` (`user_id`, `dept_id`, `user_name`, `nick_name`, `user_type`, `email`, `phonenumber`, `sex`, `avatar`, `password`, `status`, `del_flag`, `login_ip`, `login_date`, `create_by`, `create_time`, `update_by`, `update_time`, `remark`) VALUES (1, 103, 'admin', 'Seele', 'sys_user', 'panpan@163.com', '15888888888', '0', 'http://43.142.255.148:9000/ym2024/2024/01/25/376fdcb664db4dccb054e538a418db8f.png', '$2a$10$7JB720yubVSZvUI0rEqK/.VqGOZTH.ulu33dHOiBE8ByOhJIrdAu2', '0', '0', '127.0.0.1', '2024-02-21 15:46:36', 'admin', '2024-01-17 17:51:52', 'admin', '2024-02-21 15:46:36', '管理员');
INSERT INTO `sys_user` (`user_id`, `dept_id`, `user_name`, `nick_name`, `user_type`, `email`, `phonenumber`, `sex`, `avatar`, `password`, `status`, `del_flag`, `login_ip`, `login_date`, `create_by`, `create_time`, `update_by`, `update_time`, `remark`) VALUES (2, 105, 'lionli', 'll', 'sys_user', 'Lilin@qq.com', '15666666666', '0', '', '$2a$10$7JB720yubVSZvUI0rEqK/.VqGOZTH.ulu33dHOiBE8ByOhJIrdAu2', '0', '0', '127.0.0.1', '2024-01-17 17:51:52', 'admin', '2024-01-17 17:51:52', 'admin', '2024-01-18 15:13:25', '测试员');
INSERT INTO `sys_user` (`user_id`, `dept_id`, `user_name`, `nick_name`, `user_type`, `email`, `phonenumber`, `sex`, `avatar`, `password`, `status`, `del_flag`, `login_ip`, `login_date`, `create_by`, `create_time`, `update_by`, `update_time`, `remark`) VALUES (1759772943751421954, 105, 'doctor', '苏柒', 'sys_user', 'd*****@qq.com', '18888060737', '0', '', '$2a$10$AsVUBQslwtvCPe3vqhTCeeJLoFJlWW5vH4gyi6sAQ1S6ceCbck5Z6', '0', '0', '127.0.0.1', '2024-02-21 15:45:44', 'admin', '2024-02-20 10:52:19', 'sudoctor', '2024-02-21 15:45:44', '测试医生用户数据');
INSERT INTO `sys_user` (`user_id`, `dept_id`, `user_name`, `nick_name`, `user_type`, `email`, `phonenumber`, `sex`, `avatar`, `password`, `status`, `del_flag`, `login_ip`, `login_date`, `create_by`, `create_time`, `update_by`, `update_time`, `remark`) VALUES (1759773699846021121, 105, 'zs666', '张三', 'sys_user', 'z*@pp.com', '15651514191', '0', '', '$2a$10$4NFrb1jje9dSQe7Uu367tOQGRxLb0IAypKmyQ19knl9c8erPGs6qm', '0', '0', '127.0.0.1', '2024-02-20 22:22:06', 'admin', '2024-02-20 10:55:20', 'zs666', '2024-02-20 22:22:06', '接种者测试用户');
INSERT INTO `sys_user` (`user_id`, `dept_id`, `user_name`, `nick_name`, `user_type`, `email`, `phonenumber`, `sex`, `avatar`, `password`, `status`, `del_flag`, `login_ip`, `login_date`, `create_by`, `create_time`, `update_by`, `update_time`, `remark`) VALUES (1760207253503565826, 105, 'ww123', '测试1', 'sys_user', 'test@123.com', '15651594192', '0', '', '$2a$10$FTDgjn9DmvywbESzetRAL.FcoYqRzwBTjDvHtkbs3wkxel2mXc8Eq', '0', '0', '127.0.0.1', '2024-02-21 15:50:38', 'ww123', '2024-02-21 15:38:07', 'ww123', '2024-02-21 15:50:38', NULL);
INSERT INTO `sys_user` (`user_id`, `dept_id`, `user_name`, `nick_name`, `user_type`, `email`, `phonenumber`, `sex`, `avatar`, `password`, `status`, `del_flag`, `login_ip`, `login_date`, `create_by`, `create_time`, `update_by`, `update_time`, `remark`) VALUES (1760210902942244866, NULL, 'test123', 'test123', 'sys_user', '', '', '0', '', '$2a$10$mWWYpn7a0MZeL340GQSsTuhVdqsmst9coYz/j5iJ/I45nfRTh4T3m', '0', '0', '127.0.0.1', '2024-02-21 15:53:13', 'test123', '2024-02-21 15:52:37', 'test123', '2024-02-21 15:53:13', NULL);
COMMIT;

-- ----------------------------
-- Table structure for sys_user_post
-- ----------------------------
DROP TABLE IF EXISTS `sys_user_post`;
CREATE TABLE `sys_user_post` (
  `user_id` bigint NOT NULL COMMENT '用户ID',
  `post_id` bigint NOT NULL COMMENT '岗位ID',
  PRIMARY KEY (`user_id`,`post_id`)
) ENGINE=InnoDB DEFAULT CHARSET=utf8mb4 COLLATE=utf8mb4_general_ci COMMENT='用户与岗位关联表';

-- ----------------------------
-- Records of sys_user_post
-- ----------------------------
BEGIN;
INSERT INTO `sys_user_post` (`user_id`, `post_id`) VALUES (1, 1);
INSERT INTO `sys_user_post` (`user_id`, `post_id`) VALUES (2, 2);
INSERT INTO `sys_user_post` (`user_id`, `post_id`) VALUES (1759772943751421954, 4);
INSERT INTO `sys_user_post` (`user_id`, `post_id`) VALUES (1759773699846021121, 4);
COMMIT;

-- ----------------------------
-- Table structure for sys_user_role
-- ----------------------------
DROP TABLE IF EXISTS `sys_user_role`;
CREATE TABLE `sys_user_role` (
  `user_id` bigint NOT NULL COMMENT '用户ID',
  `role_id` bigint NOT NULL COMMENT '角色ID',
  PRIMARY KEY (`user_id`,`role_id`)
) ENGINE=InnoDB DEFAULT CHARSET=utf8mb4 COLLATE=utf8mb4_general_ci COMMENT='用户和角色关联表';

-- ----------------------------
-- Records of sys_user_role
-- ----------------------------
BEGIN;
INSERT INTO `sys_user_role` (`user_id`, `role_id`) VALUES (1, 1);
INSERT INTO `sys_user_role` (`user_id`, `role_id`) VALUES (2, 2);
INSERT INTO `sys_user_role` (`user_id`, `role_id`) VALUES (1759772943751421954, 3);
INSERT INTO `sys_user_role` (`user_id`, `role_id`) VALUES (1759773699846021121, 4);
INSERT INTO `sys_user_role` (`user_id`, `role_id`) VALUES (1760207253503565826, 4);
INSERT INTO `sys_user_role` (`user_id`, `role_id`) VALUES (1760210902942244866, 4);
COMMIT;

-- ----------------------------
-- Table structure for ym_appoint
-- ----------------------------
DROP TABLE IF EXISTS `ym_appoint`;
CREATE TABLE `ym_appoint` (
  `id` bigint NOT NULL AUTO_INCREMENT,
  `user_id` bigint DEFAULT NULL COMMENT '预约用户信息',
  `appoint_date` date DEFAULT NULL COMMENT '预约日期',
  `time_slot` varchar(255) DEFAULT NULL COMMENT '上午 or 下午',
  `status` int DEFAULT NULL COMMENT '预约状态（待支付、已支付、已接种）',
  `inoculate_site_id` bigint DEFAULT NULL COMMENT '接种站点信息',
  `vaccine_id` bigint DEFAULT NULL COMMENT '疫苗信息',
  `which_pin` varchar(255) DEFAULT NULL COMMENT '第几针',
  `create_time` datetime DEFAULT NULL,
  PRIMARY KEY (`id`)
) ENGINE=InnoDB AUTO_INCREMENT=1760209058815893506 DEFAULT CHARSET=utf8mb3;

-- ----------------------------
-- Records of ym_appoint
-- ----------------------------
BEGIN;
INSERT INTO `ym_appoint` (`id`, `user_id`, `appoint_date`, `time_slot`, `status`, `inoculate_site_id`, `vaccine_id`, `which_pin`, `create_time`) VALUES (1759917240287051778, 1759773699846021121, '2024-02-20', '下午', 1, 9, 1, '第一针', '2024-02-20 20:25:42');
INSERT INTO `ym_appoint` (`id`, `user_id`, `appoint_date`, `time_slot`, `status`, `inoculate_site_id`, `vaccine_id`, `which_pin`, `create_time`) VALUES (1759929494579507201, 1759773699846021121, '2024-02-20', '上午', 1, 9, 1, '第一针', '2024-02-20 21:14:24');
INSERT INTO `ym_appoint` (`id`, `user_id`, `appoint_date`, `time_slot`, `status`, `inoculate_site_id`, `vaccine_id`, `which_pin`, `create_time`) VALUES (1760209058815893505, 1760207253503565826, '2024-02-20', '下午', 1, 9, 3, '第一针', '2024-02-21 15:45:17');
COMMIT;

-- ----------------------------
-- Table structure for ym_inoculate
-- ----------------------------
DROP TABLE IF EXISTS `ym_inoculate`;
CREATE TABLE `ym_inoculate` (
  `id` bigint NOT NULL AUTO_INCREMENT,
  `part` varchar(255) CHARACTER SET utf8 COLLATE utf8_general_ci DEFAULT NULL COMMENT '接种部位',
  `appoint_id` bigint DEFAULT NULL COMMENT '预约信息',
  `create_time` datetime DEFAULT NULL,
  `vaccine_id` bigint DEFAULT NULL COMMENT '疫苗信息',
  `work_id` bigint DEFAULT NULL,
  `user_id` bigint DEFAULT NULL COMMENT '医护信息',
  `status` bigint DEFAULT NULL COMMENT '接种状态（已接种、未接种、已取消）',
  `remark` varchar(255) CHARACTER SET utf8 COLLATE utf8_general_ci DEFAULT NULL COMMENT '备注',
  `inoculate_time` datetime DEFAULT NULL COMMENT '接种时间',
  PRIMARY KEY (`id`)
) ENGINE=InnoDB AUTO_INCREMENT=1760209284729495555 DEFAULT CHARSET=utf8mb3;

-- ----------------------------
-- Records of ym_inoculate
-- ----------------------------
BEGIN;
INSERT INTO `ym_inoculate` (`id`, `part`, `appoint_id`, `create_time`, `vaccine_id`, `work_id`, `user_id`, `status`, `remark`, `inoculate_time`) VALUES (1759917593481003010, '右上臂', 1759917240287051778, '2024-02-20 20:27:07', 1, 1759772943751421954, 1759773699846021121, 0, '已接种', '2024-02-20 00:00:00');
INSERT INTO `ym_inoculate` (`id`, `part`, `appoint_id`, `create_time`, `vaccine_id`, `work_id`, `user_id`, `status`, `remark`, `inoculate_time`) VALUES (1759929803406110722, '右上臂', 1759929494579507201, '2024-02-20 21:15:38', 1, 1759772943751421954, 1759773699846021121, 0, '已接种', '2024-02-20 00:00:00');
INSERT INTO `ym_inoculate` (`id`, `part`, `appoint_id`, `create_time`, `vaccine_id`, `work_id`, `user_id`, `status`, `remark`, `inoculate_time`) VALUES (1760209284729495554, '右上臂', 1760209058815893505, '2024-02-21 15:46:11', 3, 1759772943751421954, 1760207253503565826, 0, '已接种', '2024-02-21 00:00:00');
COMMIT;

-- ----------------------------
-- Table structure for ym_inoculate_site
-- ----------------------------
DROP TABLE IF EXISTS `ym_inoculate_site`;
CREATE TABLE `ym_inoculate_site` (
  `id` bigint NOT NULL AUTO_INCREMENT,
  `name` varchar(255) CHARACTER SET utf8 COLLATE utf8_general_ci DEFAULT NULL COMMENT '站点名称',
  `address` varchar(255) CHARACTER SET utf8 COLLATE utf8_general_ci DEFAULT NULL COMMENT '站点地址',
  `img_url` varchar(255) CHARACTER SET utf8 COLLATE utf8_general_ci DEFAULT NULL COMMENT '站点图片',
  `contact` varchar(255) DEFAULT NULL COMMENT '联系方式',
  PRIMARY KEY (`id`)
) ENGINE=InnoDB AUTO_INCREMENT=15 DEFAULT CHARSET=utf8mb3;

-- ----------------------------
-- Records of ym_inoculate_site
-- ----------------------------
BEGIN;
INSERT INTO `ym_inoculate_site` (`id`, `name`, `address`, `img_url`, `contact`) VALUES (9, '宿迁市宿城区人民医院', ' 宿迁市宿城区宿支路120号', '/502f0b182d374b1bb3bc469c0697ca0f.png', '0524-871621');
INSERT INTO `ym_inoculate_site` (`id`, `name`, `address`, `img_url`, `contact`) VALUES (10, '江苏省职工康复医院', '南京市江宁区汤泉东路229号', '/d9c060916f11455d81821b2d4554afbb.png', '0524-871621');
INSERT INTO `ym_inoculate_site` (`id`, `name`, `address`, `img_url`, `contact`) VALUES (11, '江苏省人民医院', '南京市鼓楼区广州路300号', '/52f3ac9b37b643d99b35d989c301550e.jpg', '0524-871621');
INSERT INTO `ym_inoculate_site` (`id`, `name`, `address`, `img_url`, `contact`) VALUES (14, '常州市第三人民医院', '常州市天宁区兰陵北路300号', '/adba45c6e9a24c6f849a075a600f0011.png', '0524-871621');
COMMIT;

-- ----------------------------
-- Table structure for ym_orders
-- ----------------------------
DROP TABLE IF EXISTS `ym_orders`;
CREATE TABLE `ym_orders` (
  `id` bigint NOT NULL AUTO_INCREMENT,
  `appoint_id` bigint DEFAULT NULL COMMENT '预约信息（用户信息）',
  `create_time` datetime DEFAULT NULL,
  `total_amount` float DEFAULT NULL COMMENT '订单总金额',
  `payment_method` varchar(255) DEFAULT NULL COMMENT '支付方式',
  `status` bigint DEFAULT NULL COMMENT '订单状态（待支付、已支付、已取消）',
  PRIMARY KEY (`id`)
) ENGINE=InnoDB AUTO_INCREMENT=1760209089878908930 DEFAULT CHARSET=utf8mb3;

-- ----------------------------
-- Records of ym_orders
-- ----------------------------
BEGIN;
INSERT INTO `ym_orders` (`id`, `appoint_id`, `create_time`, `total_amount`, `payment_method`, `status`) VALUES (1759917289523986433, 1759917240287051778, NULL, 1, '在线支付', 3);
INSERT INTO `ym_orders` (`id`, `appoint_id`, `create_time`, `total_amount`, `payment_method`, `status`) VALUES (1759929671944040450, 1759929494579507201, NULL, 1, '在线支付', 3);
INSERT INTO `ym_orders` (`id`, `appoint_id`, `create_time`, `total_amount`, `payment_method`, `status`) VALUES (1760209089878908929, 1760209058815893505, NULL, 29, '在线支付', 3);
COMMIT;

-- ----------------------------
-- Table structure for ym_vaccine
-- ----------------------------
DROP TABLE IF EXISTS `ym_vaccine`;
CREATE TABLE `ym_vaccine` (
  `id` bigint NOT NULL AUTO_INCREMENT COMMENT '疫苗id',
  `name` varchar(255) CHARACTER SET utf8 COLLATE utf8_general_ci DEFAULT NULL COMMENT '疫苗名称',
  `price` float DEFAULT NULL COMMENT '疫苗价格',
  `amount` bigint DEFAULT NULL COMMENT '疫苗库存',
  `manufacturer` varchar(255) CHARACTER SET utf8 COLLATE utf8_general_ci DEFAULT NULL COMMENT '疫苗厂家',
  `category` varchar(255) CHARACTER SET utf8 COLLATE utf8_general_ci DEFAULT NULL COMMENT '疫苗分类',
  `batch_number` varchar(255) DEFAULT NULL COMMENT '疫苗批号',
  `detail` varchar(255) CHARACTER SET utf8 COLLATE utf8_general_ci DEFAULT NULL COMMENT '疫苗详情',
  `img_url` varchar(255) CHARACTER SET utf8 COLLATE utf8_general_ci DEFAULT NULL COMMENT '疫苗图片地址',
  PRIMARY KEY (`id`)
) ENGINE=InnoDB AUTO_INCREMENT=14 DEFAULT CHARSET=utf8mb3;

-- ----------------------------
-- Records of ym_vaccine
-- ----------------------------
BEGIN;
INSERT INTO `ym_vaccine` (`id`, `name`, `price`, `amount`, `manufacturer`, `category`, `batch_number`, `detail`, `img_url`) VALUES (1, '新冠CHO疫苗', 1, 999, '武汉生物', '二类', '202401069G', '可以有效预防新冠肺炎', '/02f2aea8793049a29103c0dc93f8011e.png');
INSERT INTO `ym_vaccine` (`id`, `name`, `price`, `amount`, `manufacturer`, `category`, `batch_number`, `detail`, `img_url`) VALUES (2, 'HPV疫苗', 799, 999, '万泰生物', '二类', '202401069G', '可以有效预防HPV病毒感染', '/4ad13ec7fc3c4e7abdccb19e5c08a2d8.png');
INSERT INTO `ym_vaccine` (`id`, `name`, `price`, `amount`, `manufacturer`, `category`, `batch_number`, `detail`, `img_url`) VALUES (3, '乙肝疫苗', 29.99, 999, '恒瑞医药', '二类', '202401069G', '可以有效预防乙型肝炎', '/a314703e2abc40309130fb16cdff2f9a.jpg');
COMMIT;

SET FOREIGN_KEY_CHECKS = 1;
